kind,target,scenario,split,exclude_2020,model,bucket,n,avg_score,future_value
top_bottom,era,season_to_next,all,False,CCR,bottom20,450,2.2451587724698028,4.3173177953959305
top_bottom,era,season_to_next,all,False,CCR,middle,1348,2.8845841338300344,4.054952685248492
top_bottom,era,season_to_next,all,False,CCR,top20,450,3.8894574480346726,3.706138577101828
top_bottom,era,season_to_next,all,False,EDF,bottom20,450,4.636244834511716,4.538444703252383
top_bottom,era,season_to_next,all,False,EDF,middle,1348,4.040020818655338,4.068731848983543
top_bottom,era,season_to_next,all,False,EDF,top20,450,3.367834085937389,3.3643283513025772
top_bottom,era,season_to_next,all,False,EDF_z,bottom20,450,4.121894829422746,4.489870686309514
top_bottom,era,season_to_next,all,False,EDF_z,middle,1348,-0.09938818820987454,4.074035912884121
top_bottom,era,season_to_next,all,False,EDF_z,top20,450,-4.550759402238893,3.4037698864931394
top_bottom,era,season_to_next,all,False,ERA,bottom20,450,5.594769495864945,4.349361228085422
top_bottom,era,season_to_next,all,False,ERA,middle,1348,3.8370455265367105,4.02011548281117
top_bottom,era,season_to_next,all,False,ERA,top20,450,2.3864782165062217,3.6446548806394694
top_bottom,era,season_to_next,all,False,ERA_reg,bottom20,450,4.571689380840185,4.348664819618015
top_bottom,era,season_to_next,all,False,ERA_reg,middle,1348,3.855027651568985,4.02710072975711
top_bottom,era,season_to_next,all,False,ERA_reg,top20,450,3.235105828510247,3.651121034224331
top_bottom,era,season_to_next,all,False,HR9,bottom20,450,1.7745802291552537,4.324207106470894
top_bottom,era,season_to_next,all,False,HR9,middle,1348,1.0887950647388498,4.009386440719473
top_bottom,era,season_to_next,all,False,HR9,top20,450,0.5140071756263918,3.6994377284228284
top_bottom,era,season_to_next,all,False,HR9_reg,bottom20,450,1.2521643257634307,4.479966534133648
top_bottom,era,season_to_next,all,False,HR9_reg,middle,1348,1.0607572040120614,4.031201946277345
top_bottom,era,season_to_next,all,False,HR9_reg,top20,450,0.8649689172118186,3.443495083024343
top_bottom,era,season_to_next,all,False,KBB,bottom20,450,0.07598872665067014,4.509596344249809
top_bottom,era,season_to_next,all,False,KBB,middle,1348,0.1504088120131946,4.067077910932973
top_bottom,era,season_to_next,all,False,KBB,top20,450,0.24233864097158836,3.4202865590175118
top_bottom,era,season_to_next,all,False,KBB_best_plus_pWHIP_plus_HR9_reg,bottom20,450,0.11558832567453635,4.5324015558617985
top_bottom,era,season_to_next,all,False,KBB_best_plus_pWHIP_plus_HR9_reg,middle,1348,0.14601686217748053,4.049139262590935
top_bottom,era,season_to_next,all,False,KBB_best_plus_pWHIP_plus_HR9_reg,top20,450,0.17952812292952627,3.5094222019072947
top_bottom,era,season_to_next,all,False,KBB_best_plus_pWHIP_plus_HR9_reg_plus_ERA_reg,bottom20,450,0.11558832567453635,4.5324015558617985
top_bottom,era,season_to_next,all,False,KBB_best_plus_pWHIP_plus_HR9_reg_plus_ERA_reg,middle,1348,0.14601686217748053,4.049139262590935
top_bottom,era,season_to_next,all,False,KBB_best_plus_pWHIP_plus_HR9_reg_plus_ERA_reg,top20,450,0.17952812292952627,3.5094222019072947
top_bottom,era,season_to_next,all,False,KBB_reg_best,bottom20,450,0.11504567884480547,4.547050116303658
top_bottom,era,season_to_next,all,False,KBB_reg_best,middle,1348,0.1474280266548818,4.059756159282276
top_bottom,era,season_to_next,all,False,KBB_reg_best,top20,450,0.18538086660565187,3.427842665379322
top_bottom,era,season_to_next,all,False,WAI,bottom20,450,1.4799820618828892,4.395348837209302
top_bottom,era,season_to_next,all,False,WAI,middle,1348,1.2602689482954366,4.096806812687486
top_bottom,era,season_to_next,all,False,WAI,top20,450,1.0325259377320235,3.474446741822592
top_bottom,era,season_to_next,all,False,WHIP,bottom20,450,1.5429273591904056,4.294845378025076
top_bottom,era,season_to_next,all,False,WHIP,middle,1348,1.2528117481707999,4.083397474883852
top_bottom,era,season_to_next,all,False,WHIP,top20,450,0.9800059091196348,3.558502389719039
top_bottom,era,season_to_next,all,False,WHIP_reg,bottom20,450,1.3554529988810895,4.359995332010737
top_bottom,era,season_to_next,all,False,WHIP_reg,middle,1348,1.2534635865149593,4.074666730834015
top_bottom,era,season_to_next,all,False,WHIP_reg,top20,450,1.151481225671957,3.5598326179641404
top_bottom,era,season_to_next,all,False,pWHIP,bottom20,450,1.4293461801108207,4.366216216216216
top_bottom,era,season_to_next,all,False,pWHIP,middle,1348,1.260513906973821,4.0908985054235325
top_bottom,era,season_to_next,all,False,pWHIP,top20,450,1.0946456396680533,3.4976559276900576
top_bottom,era,season_to_next,all,False,xWHIP_lgBABIP,bottom20,450,1.4817639349478304,4.3861854418534065
top_bottom,era,season_to_next,all,False,xWHIP_lgBABIP,middle,1348,1.263871320727641,4.0858058955001875
top_bottom,era,season_to_next,all,False,xWHIP_lgBABIP,top20,450,1.0498400476007708,3.4870135864965923
top_bottom,era,season_to_next,all,True,CCR,bottom20,407,2.2303483420788934,4.295401915471483
top_bottom,era,season_to_next,all,True,CCR,middle,1218,2.8645218587326102,4.046572251645095
top_bottom,era,season_to_next,all,True,CCR,top20,407,3.858046553946929,3.7119476268412446
top_bottom,era,season_to_next,all,True,EDF,bottom20,407,4.6328165704547235,4.527093554461549
top_bottom,era,season_to_next,all,True,EDF,middle,1218,4.03199253924937,4.056348640432798
top_bottom,era,season_to_next,all,True,EDF,top20,407,3.3651171029469595,3.368901010641858
top_bottom,era,season_to_next,all,True,EDF_z,bottom20,407,4.139177874112271,4.49463919093605
top_bottom,era,season_to_next,all,True,EDF_z,middle,1218,-0.10757918725110154,4.055330107694709
top_bottom,era,season_to_next,all,True,EDF_z,top20,407,-4.529256622156104,3.4068627042521102
top_bottom,era,season_to_next,all,True,ERA,bottom20,407,5.564036660833009,4.35342170160296
top_bottom,era,season_to_next,all,True,ERA,middle,1218,3.8181712153186838,4.01195328166495
top_bottom,era,season_to_next,all,True,ERA,top20,407,2.3706543743652917,3.602411105698977
top_bottom,era,season_to_next,all,True,ERA_reg,bottom20,407,4.569403625232866,4.341806035912256
top_bottom,era,season_to_next,all,True,ERA_reg,middle,1218,3.8386448286663386,4.010952223628853
top_bottom,era,season_to_next,all,True,ERA_reg,top20,407,3.214019017727514,3.6496390749945973
top_bottom,era,season_to_next,all,True,HR9,bottom20,407,1.738972725565153,4.302059438884828
top_bottom,era,season_to_next,all,True,HR9,middle,1218,1.0716774580025434,4.0023240612971165
top_bottom,era,season_to_next,all,True,HR9,top20,407,0.5032194840233604,3.6760996879408374
top_bottom,era,season_to_next,all,True,HR9_reg,bottom20,407,1.232560095484022,4.482409236287304
top_bottom,era,season_to_next,all,True,HR9_reg,middle,1218,1.0446848365150434,4.01420722264779
top_bottom,era,season_to_next,all,True,HR9_reg,top20,407,0.8526834217144943,3.4322284508080014
top_bottom,era,season_to_next,all,True,KBB,bottom20,407,0.07580745379694545,4.516951534915102
top_bottom,era,season_to_next,all,True,KBB,middle,1218,0.14991588848797155,4.055415930524797
top_bottom,era,season_to_next,all,True,KBB,top20,407,0.24109196560462565,3.4074550017680187
top_bottom,era,season_to_next,all,True,KBB_best_plus_pWHIP_plus_HR9_reg,bottom20,407,0.11500316012819184,4.505052228818812
top_bottom,era,season_to_next,all,True,KBB_best_plus_pWHIP_plus_HR9_reg,middle,1218,0.14497551479974438,4.053146704402106
top_bottom,era,season_to_next,all,True,KBB_best_plus_pWHIP_plus_HR9_reg,top20,407,0.17721449165138112,3.4965877157767964
top_bottom,era,season_to_next,all,True,KBB_best_plus_pWHIP_plus_HR9_reg_plus_ERA_reg,bottom20,407,0.11500316012819184,4.505052228818812
top_bottom,era,season_to_next,all,True,KBB_best_plus_pWHIP_plus_HR9_reg_plus_ERA_reg,middle,1218,0.14497551479974438,4.053146704402106
top_bottom,era,season_to_next,all,True,KBB_best_plus_pWHIP_plus_HR9_reg_plus_ERA_reg,top20,407,0.17721449165138112,3.4965877157767964
top_bottom,era,season_to_next,all,True,KBB_reg_best,bottom20,407,0.1164298970195608,4.597266514806378
top_bottom,era,season_to_next,all,True,KBB_reg_best,middle,1218,0.14668969768556517,4.0233039490142355
top_bottom,era,season_to_next,all,True,KBB_reg_best,top20,407,0.17999679436083188,3.4454390255156184
top_bottom,era,season_to_next,all,True,WAI,bottom20,407,1.4836576525297716,4.40280300828368
top_bottom,era,season_to_next,all,True,WAI,middle,1218,1.2606011468931135,4.080252500306917
top_bottom,era,season_to_next,all,True,WAI,top20,407,1.0322902871111739,3.4681156498245898
top_bottom,era,season_to_next,all,True,WHIP,bottom20,407,1.5442485989944643,4.291384139150944
top_bottom,era,season_to_next,all,True,WHIP,middle,1218,1.2531338805444021,4.076432857095502
top_bottom,era,season_to_next,all,True,WHIP,top20,407,0.9803871776864038,3.5360984182776805
top_bottom,era,season_to_next,all,True,WHIP_reg,bottom20,407,1.356031789407627,4.354273136669534
top_bottom,era,season_to_next,all,True,WHIP_reg,middle,1218,1.2535457638785141,4.059443628443336
top_bottom,era,season_to_next,all,True,WHIP_reg,top20,407,1.151908119348202,3.56343456385058
top_bottom,era,season_to_next,all,True,pWHIP,bottom20,407,1.4328478237615472,4.3716300178291645
top_bottom,era,season_to_next,all,True,pWHIP,middle,1218,1.2607370723009041,4.079697216841676
top_bottom,era,season_to_next,all,True,pWHIP,top20,407,1.0916698453034615,3.476499958392278
top_bottom,era,season_to_next,all,True,xWHIP_lgBABIP,bottom20,407,1.4808804637375421,4.3943267265378605
top_bottom,era,season_to_next,all,True,xWHIP_lgBABIP,middle,1218,1.2637719986984728,4.072283366575366
top_bottom,era,season_to_next,all,True,xWHIP_lgBABIP,top20,407,1.0506842407193908,3.465326347846285
top_bottom,era,season_to_next,reliever,False,CCR,bottom20,304,2.1776189200857097,4.033866698748797
top_bottom,era,season_to_next,reliever,False,CCR,middle,912,2.8357092516148517,3.9228188589572057
top_bottom,era,season_to_next,reliever,False,CCR,top20,304,3.867846264807547,3.557515694566048
top_bottom,era,season_to_next,reliever,False,EDF,bottom20,304,4.262584013140539,4.276460980759272
top_bottom,era,season_to_next,reliever,False,EDF,middle,912,3.8442058763713947,3.9034356226445084
top_bottom,era,season_to_next,reliever,False,EDF,top20,304,3.362208765374294,3.3733959430429086
top_bottom,era,season_to_next,reliever,False,EDF_z,bottom20,304,3.869870604822951,4.27624503842168
top_bottom,era,season_to_next,reliever,False,EDF_z,middle,912,-0.0678366382019631,3.9139180862631386
top_bottom,era,season_to_next,reliever,False,EDF_z,top20,304,-4.289210548947318,3.348392507688007
top_bottom,era,season_to_next,reliever,False,ERA,bottom20,304,5.692068036589468,4.1512688465595335
top_bottom,era,season_to_next,reliever,False,ERA,middle,912,3.617338007686061,3.840402723925581
top_bottom,era,season_to_next,reliever,False,ERA,top20,304,2.120787638377829,3.6829043056677824
top_bottom,era,season_to_next,reliever,False,ERA_reg,bottom20,304,4.108371328540814,4.12397786908588
top_bottom,era,season_to_next,reliever,False,ERA_reg,middle,912,3.59998623190809,3.8467482420245522
top_bottom,era,season_to_next,reliever,False,ERA_reg,top20,304,3.1698211548184814,3.6901074707067694
top_bottom,era,season_to_next,reliever,False,HR9,bottom20,304,1.7929620860850686,4.055872082337806
top_bottom,era,season_to_next,reliever,False,HR9,middle,912,0.9670257248443458,3.873608050777781
top_bottom,era,season_to_next,reliever,False,HR9,top20,304,0.3875793905293134,3.6745168624478963
top_bottom,era,season_to_next,reliever,False,HR9_reg,bottom20,304,1.137073120248072,4.212704983282917
top_bottom,era,season_to_next,reliever,False,HR9_reg,middle,912,0.9586283197437648,3.909344142747334
top_bottom,era,season_to_next,reliever,False,HR9_reg,top20,304,0.7756907977814421,3.4047892757633034
top_bottom,era,season_to_next,reliever,False,KBB,bottom20,304,0.07850639644659275,4.230205454763907
top_bottom,era,season_to_next,reliever,False,KBB,middle,912,0.15752616787762033,3.9302999822495712
top_bottom,era,season_to_next,reliever,False,KBB,top20,304,0.25376397033333714,3.3321414075033347
top_bottom,era,season_to_next,reliever,False,KBB_best_plus_pWHIP_plus_HR9_reg,bottom20,304,0.12389864618849238,4.170564445225954
top_bottom,era,season_to_next,reliever,False,KBB_best_plus_pWHIP_plus_HR9_reg,middle,912,0.1557170118454325,3.91964082289084
top_bottom,era,season_to_next,reliever,False,KBB_best_plus_pWHIP_plus_HR9_reg,top20,304,0.18943033530010286,3.4304584886923615
top_bottom,era,season_to_next,reliever,False,KBB_best_plus_pWHIP_plus_HR9_reg_plus_ERA_reg,bottom20,304,0.12389864618849238,4.170564445225954
top_bottom,era,season_to_next,reliever,False,KBB_best_plus_pWHIP_plus_HR9_reg_plus_ERA_reg,middle,912,0.1557170118454325,3.91964082289084
top_bottom,era,season_to_next,reliever,False,KBB_best_plus_pWHIP_plus_HR9_reg_plus_ERA_reg,top20,304,0.18943033530010286,3.4304584886923615
top_bottom,era,season_to_next,reliever,False,KBB_reg_best,bottom20,304,0.10727303248879172,4.262963613991914
top_bottom,era,season_to_next,reliever,False,KBB_reg_best,middle,912,0.15660773576679637,3.9275875429197455
top_bottom,era,season_to_next,reliever,False,KBB_reg_best,top20,304,0.21725911018755642,3.3139264441713148
top_bottom,era,season_to_next,reliever,False,WAI,bottom20,304,1.5085283016795643,4.2085164112013285
top_bottom,era,season_to_next,reliever,False,WAI,middle,912,1.257274405381564,3.914766049837659
top_bottom,era,season_to_next,reliever,False,WAI,top20,304,0.9967959534342149,3.4214322897300518
top_bottom,era,season_to_next,reliever,False,WHIP,bottom20,304,1.571370495283933,4.146503884572697
top_bottom,era,season_to_next,reliever,False,WHIP,middle,912,1.2456336655287292,3.897836093671889
top_bottom,era,season_to_next,reliever,False,WHIP,top20,304,0.9427701772522644,3.509793945560926
top_bottom,era,season_to_next,reliever,False,WHIP_reg,bottom20,304,1.3233248051683022,4.200253868471954
top_bottom,era,season_to_next,reliever,False,WHIP_reg,middle,912,1.243330698152863,3.8763011042070685
top_bottom,era,season_to_next,reliever,False,WHIP_reg,top20,304,1.159211710894947,3.52721217887726
top_bottom,era,season_to_next,reliever,False,pWHIP,bottom20,304,1.4553625570434523,4.204985810245208
top_bottom,era,season_to_next,reliever,False,pWHIP,middle,912,1.2561190971836391,3.903650954976835
top_bottom,era,season_to_next,reliever,False,pWHIP,top20,304,1.0583984783591145,3.4538595799786047
top_bottom,era,season_to_next,reliever,False,xWHIP_lgBABIP,bottom20,304,1.4932036513009697,4.190583928093956
top_bottom,era,season_to_next,reliever,False,xWHIP_lgBABIP,middle,912,1.258913788299113,3.919475581257179
top_bottom,era,season_to_next,reliever,False,xWHIP_lgBABIP,top20,304,1.0325501442514622,3.4276214071493762
top_bottom,era,season_to_next,reliever,True,CCR,bottom20,273,2.2315652458360864,4.0544441630792605
top_bottom,era,season_to_next,reliever,True,CCR,middle,816,2.8208573127249124,3.898774113434215
top_bottom,era,season_to_next,reliever,True,CCR,top20,273,3.734183161457452,3.5700614766329104
top_bottom,era,season_to_next,reliever,True,EDF,bottom20,273,4.2361826013271315,4.240070212679104
top_bottom,era,season_to_next,reliever,True,EDF,middle,816,3.831402596657009,3.8949990999099904
top_bottom,era,season_to_next,reliever,True,EDF,top20,273,3.359775016609609,3.3740216175922475
top_bottom,era,season_to_next,reliever,True,EDF_z,bottom20,273,3.7949319677303603,4.264218205935998
top_bottom,era,season_to_next,reliever,True,EDF_z,middle,816,-0.05799181951765583,3.9000238072908022
top_bottom,era,season_to_next,reliever,True,EDF_z,top20,273,-4.309689936585507,3.3521358159912378
top_bottom,era,season_to_next,reliever,True,ERA,bottom20,273,5.629906717391852,4.10206603507707
top_bottom,era,season_to_next,reliever,True,ERA,middle,816,3.587859486325237,3.8406313931003564
top_bottom,era,season_to_next,reliever,True,ERA,top20,273,2.110488543943977,3.682648401826484
top_bottom,era,season_to_next,reliever,True,ERA_reg,bottom20,273,4.058301808326403,4.134315627865322
top_bottom,era,season_to_next,reliever,True,ERA_reg,middle,816,3.5614774488707495,3.8282177161152613
top_bottom,era,season_to_next,reliever,True,ERA_reg,top20,273,3.1380529579929664,3.68786435667953
top_bottom,era,season_to_next,reliever,True,HR9,bottom20,273,1.7518419997471786,4.000745458030713
top_bottom,era,season_to_next,reliever,True,HR9,middle,816,0.9457872400876453,3.8754640543172933
top_bottom,era,season_to_next,reliever,True,HR9,top20,273,0.3769370142263383,3.67510415351597
top_bottom,era,season_to_next,reliever,True,HR9_reg,bottom20,273,1.105950610571486,4.227856292925286
top_bottom,era,season_to_next,reliever,True,HR9_reg,middle,816,0.9361749367842475,3.8836926040279867
top_bottom,era,season_to_next,reliever,True,HR9_reg,top20,273,0.764282549101233,3.414597857507226
top_bottom,era,season_to_next,reliever,True,KBB,bottom20,273,0.07833800083517606,4.21116296994091
top_bottom,era,season_to_next,reliever,True,KBB,middle,816,0.15684510668587018,3.921267192306333
top_bottom,era,season_to_next,reliever,True,KBB,top20,273,0.25152529127547757,3.3384679433805164
top_bottom,era,season_to_next,reliever,True,KBB_best_plus_pWHIP_plus_HR9_reg,bottom20,273,0.1264195463245119,4.201737094985833
top_bottom,era,season_to_next,reliever,True,KBB_best_plus_pWHIP_plus_HR9_reg,middle,816,0.1552037006444888,3.89062737573761
top_bottom,era,season_to_next,reliever,True,KBB_best_plus_pWHIP_plus_HR9_reg,top20,273,0.1851885922181075,3.4372390872613785
top_bottom,era,season_to_next,reliever,True,KBB_best_plus_pWHIP_plus_HR9_reg_plus_ERA_reg,bottom20,273,0.1264195463245119,4.201737094985833
top_bottom,era,season_to_next,reliever,True,KBB_best_plus_pWHIP_plus_HR9_reg_plus_ERA_reg,middle,816,0.1552037006444888,3.89062737573761
top_bottom,era,season_to_next,reliever,True,KBB_best_plus_pWHIP_plus_HR9_reg_plus_ERA_reg,top20,273,0.1851885922181075,3.4372390872613785
top_bottom,era,season_to_next,reliever,True,KBB_reg_best,bottom20,273,0.11297843658239556,4.242272642351525
top_bottom,era,season_to_next,reliever,True,KBB_reg_best,middle,816,0.15622436697437625,3.911605415860735
top_bottom,era,season_to_next,reliever,True,KBB_reg_best,top20,273,0.2078122446252066,3.330929752066116
top_bottom,era,season_to_next,reliever,True,WAI,bottom20,273,1.4967767586044378,4.206391478029294
top_bottom,era,season_to_next,reliever,True,WAI,middle,816,1.255967335172012,3.8909892520601996
top_bottom,era,season_to_next,reliever,True,WAI,top20,273,1.0043140880465973,3.4440063412056428
top_bottom,era,season_to_next,reliever,True,WHIP,bottom20,273,1.5620113873473285,4.145630228486198
top_bottom,era,season_to_next,reliever,True,WHIP,middle,816,1.243925794591652,3.8836110525205654
top_bottom,era,season_to_next,reliever,True,WHIP,top20,273,0.9449040328139627,3.5126279577110253
top_bottom,era,season_to_next,reliever,True,WHIP_reg,bottom20,273,1.3193771444030051,4.186670642612196
top_bottom,era,season_to_next,reliever,True,WHIP_reg,middle,816,1.2409162878632323,3.867918611695115
top_bottom,era,season_to_next,reliever,True,WHIP_reg,top20,273,1.156098027283441,3.523875743880243
top_bottom,era,season_to_next,reliever,True,pWHIP,bottom20,273,1.4500210446973427,4.213101969194775
top_bottom,era,season_to_next,reliever,True,pWHIP,middle,816,1.2545740223138404,3.8840776781540813
top_bottom,era,season_to_next,reliever,True,pWHIP,top20,273,1.059785095312231,3.456601917875584
top_bottom,era,season_to_next,reliever,True,xWHIP_lgBABIP,bottom20,273,1.4851488199459668,4.18084898914386
top_bottom,era,season_to_next,reliever,True,xWHIP_lgBABIP,middle,816,1.258249278583317,3.906045130725686
top_bottom,era,season_to_next,reliever,True,xWHIP_lgBABIP,top20,273,1.0333823632302315,3.4277268756475636
top_bottom,era,season_to_next,starter,False,CCR,bottom20,163,2.2701571583503983,4.445467980295566
top_bottom,era,season_to_next,starter,False,CCR,middle,486,3.0205036179885343,4.0572283505477005
top_bottom,era,season_to_next,starter,False,CCR,top20,163,4.1754501026313,3.641879282396372
top_bottom,era,season_to_next,starter,False,EDF,bottom20,163,4.708907237083039,4.597223339392867
top_bottom,era,season_to_next,starter,False,EDF,middle,486,4.114150218617034,4.087294544332124
top_bottom,era,season_to_next,starter,False,EDF,top20,163,3.3878337186810454,3.4153560371517027
top_bottom,era,season_to_next,starter,False,EDF_z,bottom20,163,4.319219692595307,4.567236092860272
top_bottom,era,season_to_next,starter,False,EDF_z,middle,486,-0.14452529120233662,4.118840184471835
top_bottom,era,season_to_next,starter,False,EDF_z,top20,163,-4.858023306302345,3.3798473323049105
top_bottom,era,season_to_next,starter,False,ERA,bottom20,163,5.429519218501375,4.407650466120052
top_bottom,era,season_to_next,starter,False,ERA,middle,486,3.9768451093768387,4.103495953891832
top_bottom,era,season_to_next,starter,False,ERA,top20,163,2.7845973739369048,3.5388225082391878
top_bottom,era,season_to_next,starter,False,ERA_reg,bottom20,163,4.713927517954564,4.3405436174754515
top_bottom,era,season_to_next,starter,False,ERA_reg,middle,486,3.9398242207661274,4.104597358558787
top_bottom,era,season_to_next,starter,False,ERA_reg,top20,163,3.2725162246761044,3.5932871990952666
top_bottom,era,season_to_next,starter,False,HR9,bottom20,163,1.7331533957823246,4.261181343306649
top_bottom,era,season_to_next,starter,False,HR9,middle,486,1.1510039966822956,4.024660413192067
top_bottom,era,season_to_next,starter,False,HR9,top20,163,0.7174733172463647,3.867444584095064
top_bottom,era,season_to_next,starter,False,HR9_reg,bottom20,163,1.277157550143102,4.4889051489652765
top_bottom,era,season_to_next,starter,False,HR9_reg,middle,486,1.0946375087652842,4.0706814859003755
top_bottom,era,season_to_next,starter,False,HR9_reg,top20,163,0.9267935936511779,3.566119458852467
top_bottom,era,season_to_next,starter,False,KBB,bottom20,163,0.08179475850468833,4.609483244389938
top_bottom,era,season_to_next,starter,False,KBB,middle,486,0.14930449812355792,4.091829590393093
top_bottom,era,season_to_next,starter,False,KBB,top20,163,0.23056387516914215,3.423903881403781
top_bottom,era,season_to_next,starter,False,KBB_best_plus_pWHIP_plus_HR9_reg,bottom20,163,0.11349150802550717,4.53235082674335
top_bottom,era,season_to_next,starter,False,KBB_best_plus_pWHIP_plus_HR9_reg,middle,486,0.146374340259318,4.0941147483960725
top_bottom,era,season_to_next,starter,False,KBB_best_plus_pWHIP_plus_HR9_reg,top20,163,0.18304593828678317,3.468425605536333
top_bottom,era,season_to_next,starter,False,KBB_best_plus_pWHIP_plus_HR9_reg_plus_ERA_reg,bottom20,163,0.11349150802550717,4.53235082674335
top_bottom,era,season_to_next,starter,False,KBB_best_plus_pWHIP_plus_HR9_reg_plus_ERA_reg,middle,486,0.146374340259318,4.0941147483960725
top_bottom,era,season_to_next,starter,False,KBB_best_plus_pWHIP_plus_HR9_reg_plus_ERA_reg,top20,163,0.18304593828678317,3.468425605536333
top_bottom,era,season_to_next,starter,False,KBB_reg_best,bottom20,163,0.11843785820727729,4.616350976286702
top_bottom,era,season_to_next,starter,False,KBB_reg_best,middle,486,0.14645651754971808,4.074654346701977
top_bottom,era,season_to_next,starter,False,KBB_reg_best,top20,163,0.18398131293247455,3.4475027837375416
top_bottom,era,season_to_next,starter,False,WAI,bottom20,163,1.503596161672952,4.473842393817293
top_bottom,era,season_to_next,starter,False,WAI,middle,486,1.2552580591399052,4.120620135503192
top_bottom,era,season_to_next,starter,False,WAI,top20,163,1.0045135979509585,3.457400175340719
top_bottom,era,season_to_next,starter,False,WHIP,bottom20,163,1.5174701820829817,4.383867312897338
top_bottom,era,season_to_next,starter,False,WHIP,middle,486,1.254172673120061,4.14376201508355
top_bottom,era,season_to_next,starter,False,WHIP,top20,163,1.0205909144352414,3.4611546685673558
top_bottom,era,season_to_next,starter,False,WHIP_reg,bottom20,163,1.3726680300823495,4.364851579347964
top_bottom,era,season_to_next,starter,False,WHIP_reg,middle,486,1.2524408509269065,4.134707856568075
top_bottom,era,season_to_next,starter,False,WHIP_reg,top20,163,1.1311568395385825,3.4990439770554493
top_bottom,era,season_to_next,starter,False,pWHIP,bottom20,163,1.4479884894576822,4.428282694410391
top_bottom,era,season_to_next,starter,False,pWHIP,middle,486,1.2581265330147038,4.1279851162069585
top_bottom,era,season_to_next,starter,False,pWHIP,top20,163,1.0748632563445069,3.475821742531723
top_bottom,era,season_to_next,starter,False,xWHIP_lgBABIP,bottom20,163,1.4584620668635313,4.4367737639420675
top_bottom,era,season_to_next,starter,False,xWHIP_lgBABIP,middle,486,1.258740812162326,4.126782494673005
top_bottom,era,season_to_next,starter,False,xWHIP_lgBABIP,top20,163,1.0687009570109531,3.4670175156676843
top_bottom,era,season_to_next,starter,True,CCR,bottom20,155,2.254999080589309,4.437195814750123
top_bottom,era,season_to_next,starter,True,CCR,middle,465,2.999880628504701,4.06853328992349
top_bottom,era,season_to_next,starter,True,CCR,top20,155,4.129983104313597,3.690907066094995
top_bottom,era,season_to_next,starter,True,EDF,bottom20,155,4.720213700872825,4.612792091072499
top_bottom,era,season_to_next,starter,True,EDF,middle,465,4.13297001222303,4.108900148319216
top_bottom,era,season_to_next,starter,True,EDF,top20,155,3.4115872078038785,3.4314966492926287
top_bottom,era,season_to_next,starter,True,EDF_z,bottom20,155,4.329724740355491,4.54445996667396
top_bottom,era,season_to_next,starter,True,EDF_z,middle,465,-0.11949136890078922,4.141609239057104
top_bottom,era,season_to_next,starter,True,EDF_z,top20,155,-4.867523936369237,3.4160450786443977
top_bottom,era,season_to_next,starter,True,ERA,bottom20,155,5.431207798910292,4.4198488530812
top_bottom,era,season_to_next,starter,True,ERA,middle,465,3.9838816050037207,4.1275103933878725
top_bottom,era,season_to_next,starter,True,ERA,top20,155,2.7862875956259296,3.5325869987018246
top_bottom,era,season_to_next,starter,True,ERA_reg,bottom20,155,4.721238353304495,4.344590531601958
top_bottom,era,season_to_next,starter,True,ERA_reg,middle,465,3.9438067649581328,4.127509734044414
top_bottom,era,season_to_next,starter,True,ERA_reg,top20,155,3.2711646964080874,3.593392842245766
top_bottom,era,season_to_next,starter,True,HR9,bottom20,155,1.731052285182186,4.271560861318755
top_bottom,era,season_to_next,starter,True,HR9,middle,465,1.148766297367327,4.041902654867257
top_bottom,era,season_to_next,starter,True,HR9,top20,155,0.710493022494928,3.8799252036863896
top_bottom,era,season_to_next,starter,True,HR9_reg,bottom20,155,1.2719908741212216,4.481720500556903
top_bottom,era,season_to_next,starter,True,HR9_reg,middle,465,1.0907271889399877,4.093399097491867
top_bottom,era,season_to_next,starter,True,HR9_reg,top20,155,0.9236706721939992,3.5767173831930683
top_bottom,era,season_to_next,starter,True,KBB,bottom20,155,0.08141503609010525,4.648593685371571
top_bottom,era,season_to_next,starter,True,KBB,middle,465,0.14789736912292228,4.112903225806452
top_bottom,era,season_to_next,starter,True,KBB,top20,155,0.22830611286980468,3.420661067754044
top_bottom,era,season_to_next,starter,True,KBB_best_plus_pWHIP_plus_HR9_reg,bottom20,155,0.11279139632902077,4.569953812215634
top_bottom,era,season_to_next,starter,True,KBB_best_plus_pWHIP_plus_HR9_reg,middle,465,0.14503932974582323,4.105385779721213
top_bottom,era,season_to_next,starter,True,KBB_best_plus_pWHIP_plus_HR9_reg,top20,155,0.1810892311123971,3.4967683874662523
top_bottom,era,season_to_next,starter,True,KBB_best_plus_pWHIP_plus_HR9_reg_plus_ERA_reg,bottom20,155,0.11279139632902077,4.569953812215634
top_bottom,era,season_to_next,starter,True,KBB_best_plus_pWHIP_plus_HR9_reg_plus_ERA_reg,middle,465,0.14503932974582323,4.105385779721213
top_bottom,era,season_to_next,starter,True,KBB_best_plus_pWHIP_plus_HR9_reg_plus_ERA_reg,top20,155,0.1810892311123971,3.4967683874662523
top_bottom,era,season_to_next,starter,True,KBB_reg_best,bottom20,155,0.1178363096882649,4.671655911072068
top_bottom,era,season_to_next,starter,True,KBB_reg_best,middle,465,0.14519719430779143,4.085691172310426
top_bottom,era,season_to_next,starter,True,KBB_reg_best,top20,155,0.18251788379858375,3.4569667348535815
top_bottom,era,season_to_next,starter,True,WAI,bottom20,155,1.5066054537760905,4.5039309388006785
top_bottom,era,season_to_next,starter,True,WAI,middle,465,1.257531243056456,4.13404765807788
top_bottom,era,season_to_next,starter,True,WAI,top20,155,1.005139219716173,3.472640589446311
top_bottom,era,season_to_next,starter,True,WHIP,bottom20,155,1.5182231264790969,4.380197122465165
top_bottom,era,season_to_next,starter,True,WHIP,middle,465,1.2561073574902972,4.163881426164564
top_bottom,era,season_to_next,starter,True,WHIP,top20,155,1.0224855157918038,3.481507977215669
top_bottom,era,season_to_next,starter,True,WHIP_reg,bottom20,155,1.3730598614256433,4.372415829887773
top_bottom,era,season_to_next,starter,True,WHIP_reg,middle,465,1.2539293402128469,4.152706756321468
top_bottom,era,season_to_next,starter,True,WHIP_reg,top20,155,1.132743946168158,3.5186092464270255
top_bottom,era,season_to_next,starter,True,pWHIP,bottom20,155,1.4510726030222458,4.4547585560243785
top_bottom,era,season_to_next,starter,True,pWHIP,middle,465,1.2599430418225843,4.146524873186793
top_bottom,era,season_to_next,starter,True,pWHIP,top20,155,1.0747955633499289,3.479319098103629
top_bottom,era,season_to_next,starter,True,xWHIP_lgBABIP,bottom20,155,1.4597232632449408,4.46298344450973
top_bottom,era,season_to_next,starter,True,xWHIP_lgBABIP,middle,465,1.260600347743471,4.140668007491488
top_bottom,era,season_to_next,starter,True,xWHIP_lgBABIP,top20,155,1.0711000426989428,3.484453236919299
top_bottom,kbb,season_to_next,all,False,BB_pct,bottom20,450,0.11861103137650736,2.61864473291738
top_bottom,kbb,season_to_next,all,False,BB_pct,middle,1348,0.07973070061760977,3.082689563075321
top_bottom,kbb,season_to_next,all,False,BB_pct,top20,450,0.04916872625642653,4.0094660274024685
top_bottom,kbb,season_to_next,all,False,CCR,bottom20,450,2.2451587724698028,2.455461479265157
top_bottom,kbb,season_to_next,all,False,CCR,middle,1348,2.8845841338300344,3.0441340876055643
top_bottom,kbb,season_to_next,all,False,CCR,top20,450,3.8894574480346726,4.220630929638462
top_bottom,kbb,season_to_next,all,False,CCR_floor,bottom20,450,2.2451587724698028,2.455461479265157
top_bottom,kbb,season_to_next,all,False,CCR_floor,middle,1348,2.8845841338300344,3.0441340876055643
top_bottom,kbb,season_to_next,all,False,CCR_floor,top20,450,3.8839149812612455,4.220630929638462
top_bottom,kbb,season_to_next,all,False,CSS,bottom20,450,-2.4770047099054904,2.4193536016013812
top_bottom,kbb,season_to_next,all,False,CSS,middle,1348,-0.025631476683886864,3.0639117161742377
top_bottom,kbb,season_to_next,all,False,CSS,top20,450,2.872929973842152,4.24826374665179
top_bottom,kbb,season_to_next,all,False,KBB,bottom20,450,0.07598872665067014,2.3985913836895825
top_bottom,kbb,season_to_next,all,False,KBB,middle,1348,0.1504088120131946,3.1320982927782564
top_bottom,kbb,season_to_next,all,False,KBB,top20,450,0.24233864097158836,4.233506430733584
top_bottom,kbb,season_to_next,all,False,KBB_reg_component,bottom20,450,0.11558832567453635,2.4104597439404114
top_bottom,kbb,season_to_next,all,False,KBB_reg_component,middle,1348,0.14601686217748053,3.0817184687350156
top_bottom,kbb,season_to_next,all,False,KBB_reg_component,top20,450,0.17952812292952627,4.25321173952398
top_bottom,kbb,season_to_next,all,False,KBB_reg_direct,bottom20,450,0.11504567884480547,2.4189590392504323
top_bottom,kbb,season_to_next,all,False,KBB_reg_direct,middle,1348,0.1474280266548818,3.115782733879494
top_bottom,kbb,season_to_next,all,False,KBB_reg_direct,top20,450,0.18538086660565187,4.224216398807219
top_bottom,kbb,season_to_next,all,False,K_pct,bottom20,450,0.16252297646927297,2.626725211066809
top_bottom,kbb,season_to_next,all,False,K_pct,middle,1348,0.231582576257248,3.164240972418802
top_bottom,kbb,season_to_next,all,False,K_pct,top20,450,0.31926137152270584,4.002120569511112
top_bottom,kbb,season_to_next,all,False,raw_KBB_ratio,bottom20,450,1.7928411311718284,2.3893494168817604
top_bottom,kbb,season_to_next,all,False,raw_KBB_ratio,middle,1348,2.9310682360628757,3.067889079414654
top_bottom,kbb,season_to_next,all,False,raw_KBB_ratio,top20,450,5.444893179491822,4.309337937284406
top_bottom,kbb,season_to_next,all,True,BB_pct,bottom20,407,0.1193775196605595,2.5888408300607297
top_bottom,kbb,season_to_next,all,True,BB_pct,middle,1218,0.08014097184255337,3.0450137127904795
top_bottom,kbb,season_to_next,all,True,BB_pct,top20,407,0.04961486245284011,3.977653951873201
top_bottom,kbb,season_to_next,all,True,CCR,bottom20,407,2.2303483420788934,2.438478239753017
top_bottom,kbb,season_to_next,all,True,CCR,middle,1218,2.8645218587326102,3.0085866402398835
top_bottom,kbb,season_to_next,all,True,CCR,top20,407,3.858046553946929,4.1657087654516785
top_bottom,kbb,season_to_next,all,True,CCR_floor,bottom20,407,2.2303483420788934,2.438478239753017
top_bottom,kbb,season_to_next,all,True,CCR_floor,middle,1218,2.8645218587326102,3.0085866402398835
top_bottom,kbb,season_to_next,all,True,CCR_floor,top20,407,3.8519185194308543,4.1657087654516785
top_bottom,kbb,season_to_next,all,True,CSS,bottom20,407,-2.504147506319337,2.3678664468021124
top_bottom,kbb,season_to_next,all,True,CSS,middle,1218,-0.042232269624422544,3.027248210520201
top_bottom,kbb,season_to_next,all,True,CSS,top20,407,2.844552389266853,4.225023501528524
top_bottom,kbb,season_to_next,all,True,KBB,bottom20,407,0.07580745379694545,2.357217944005195
top_bottom,kbb,season_to_next,all,True,KBB,middle,1218,0.14991588848797155,3.1095628828088833
top_bottom,kbb,season_to_next,all,True,KBB,top20,407,0.24109196560462565,4.178698072671442
top_bottom,kbb,season_to_next,all,True,KBB_reg_component,bottom20,407,0.11500316012819184,2.3733379216219075
top_bottom,kbb,season_to_next,all,True,KBB_reg_component,middle,1218,0.14497551479974438,3.0490771621511596
top_bottom,kbb,season_to_next,all,True,KBB_reg_component,top20,407,0.17721449165138112,4.201272632616081
top_bottom,kbb,season_to_next,all,True,KBB_reg_direct,bottom20,407,0.1164298970195608,2.371249873334611
top_bottom,kbb,season_to_next,all,True,KBB_reg_direct,middle,1218,0.14668969768556517,3.094799396966689
top_bottom,kbb,season_to_next,all,True,KBB_reg_direct,top20,407,0.17999679436083188,4.1615753245087985
top_bottom,kbb,season_to_next,all,True,K_pct,bottom20,407,0.16232124770330766,2.595889809422843
top_bottom,kbb,season_to_next,all,True,K_pct,middle,1218,0.2316362351924693,3.144749711958552
top_bottom,kbb,season_to_next,all,True,K_pct,top20,407,0.31884407080957894,3.9376928717327426
top_bottom,kbb,season_to_next,all,True,raw_KBB_ratio,bottom20,407,1.7891592120030653,2.345606183550563
top_bottom,kbb,season_to_next,all,True,raw_KBB_ratio,middle,1218,2.914621811339233,3.0307020791780057
top_bottom,kbb,season_to_next,all,True,raw_KBB_ratio,top20,407,5.370109535938254,4.289614673122541
top_bottom,kbb,season_to_next,reliever,False,BB_pct,bottom20,304,0.12908571947996378,2.640325542528958
top_bottom,kbb,season_to_next,reliever,False,BB_pct,middle,912,0.08678079160094083,2.9310634843729755
top_bottom,kbb,season_to_next,reliever,False,BB_pct,top20,304,0.05041479509473681,3.845739292876641
top_bottom,kbb,season_to_next,reliever,False,CCR,bottom20,304,2.1776189200857097,2.432533920519572
top_bottom,kbb,season_to_next,reliever,False,CCR,middle,912,2.8357092516148517,2.9783544848010264
top_bottom,kbb,season_to_next,reliever,False,CCR,top20,304,3.867846264807547,3.903308114555117
top_bottom,kbb,season_to_next,reliever,False,CCR_floor,bottom20,304,2.1776189200857097,2.432533920519572
top_bottom,kbb,season_to_next,reliever,False,CCR_floor,middle,912,2.8357092516148517,2.9783544848010264
top_bottom,kbb,season_to_next,reliever,False,CCR_floor,top20,304,3.866889096589304,3.903308114555117
top_bottom,kbb,season_to_next,reliever,False,CSS,bottom20,304,-2.6183022090518118,2.3762710470147894
top_bottom,kbb,season_to_next,reliever,False,CSS,middle,912,-0.07324770587094175,2.979427137499254
top_bottom,kbb,season_to_next,reliever,False,CSS,top20,304,2.7620777580147178,3.9688801743310522
top_bottom,kbb,season_to_next,reliever,False,KBB,bottom20,304,0.07850639644659275,2.5122718501754866
top_bottom,kbb,season_to_next,reliever,False,KBB,middle,912,0.15752616787762033,3.0239740802117447
top_bottom,kbb,season_to_next,reliever,False,KBB,top20,304,0.25376397033333714,3.724634860338785
top_bottom,kbb,season_to_next,reliever,False,KBB_reg_component,bottom20,304,0.12389864618849238,2.4139967416122703
top_bottom,kbb,season_to_next,reliever,False,KBB_reg_component,middle,912,0.1557170118454325,3.0191695812007153
top_bottom,kbb,season_to_next,reliever,False,KBB_reg_component,top20,304,0.18943033530010286,3.826814001817681
top_bottom,kbb,season_to_next,reliever,False,KBB_reg_direct,bottom20,304,0.10727303248879172,2.482981786876213
top_bottom,kbb,season_to_next,reliever,False,KBB_reg_direct,middle,912,0.15660773576679637,3.027690668501025
top_bottom,kbb,season_to_next,reliever,False,KBB_reg_direct,top20,304,0.21725911018755642,3.7422746851686046
top_bottom,kbb,season_to_next,reliever,False,K_pct,bottom20,304,0.17105097931438376,2.7397695974474607
top_bottom,kbb,season_to_next,reliever,False,K_pct,middle,912,0.24568727188155387,3.0046081210229403
top_bottom,kbb,season_to_next,reliever,False,K_pct,top20,304,0.3365789648312686,3.5768667680705977
top_bottom,kbb,season_to_next,reliever,False,raw_KBB_ratio,bottom20,304,1.7459905765077306,2.3974528112934745
top_bottom,kbb,season_to_next,reliever,False,raw_KBB_ratio,middle,912,2.883215414985749,2.9938431917508725
top_bottom,kbb,season_to_next,reliever,False,raw_KBB_ratio,top20,304,5.485478410747443,3.89690114785041
top_bottom,kbb,season_to_next,reliever,True,BB_pct,bottom20,273,0.12839274478251836,2.6077564387068795
top_bottom,kbb,season_to_next,reliever,True,BB_pct,middle,816,0.08714691543628472,2.940083519875221
top_bottom,kbb,season_to_next,reliever,True,BB_pct,top20,273,0.05076319239473105,3.8031093329429884
top_bottom,kbb,season_to_next,reliever,True,CCR,bottom20,273,2.2315652458360864,2.437837787992664
top_bottom,kbb,season_to_next,reliever,True,CCR,middle,816,2.8208573127249124,2.9820912616680104
top_bottom,kbb,season_to_next,reliever,True,CCR,top20,273,3.734183161457452,3.849626072050675
top_bottom,kbb,season_to_next,reliever,True,CCR_floor,bottom20,273,2.2315652458360864,2.437837787992664
top_bottom,kbb,season_to_next,reliever,True,CCR_floor,middle,816,2.8208573127249124,2.9820912616680104
top_bottom,kbb,season_to_next,reliever,True,CCR_floor,top20,273,3.734183161457452,3.849626072050675
top_bottom,kbb,season_to_next,reliever,True,CSS,bottom20,273,-2.631453252402711,2.3605832113229686
top_bottom,kbb,season_to_next,reliever,True,CSS,middle,816,-0.0950276221958874,2.984122087101524
top_bottom,kbb,season_to_next,reliever,True,CSS,top20,273,2.788077821855785,3.913431067211023
top_bottom,kbb,season_to_next,reliever,True,KBB,bottom20,273,0.07833800083517606,2.504498985421998
top_bottom,kbb,season_to_next,reliever,True,KBB,middle,816,0.15684510668587018,3.0250615187494994
top_bottom,kbb,season_to_next,reliever,True,KBB,top20,273,0.25152529127547757,3.686965817416059
top_bottom,kbb,season_to_next,reliever,True,KBB_reg_component,bottom20,273,0.1264195463245119,2.411012226854953
top_bottom,kbb,season_to_next,reliever,True,KBB_reg_component,middle,816,0.1552037006444888,3.035248719981372
top_bottom,kbb,season_to_next,reliever,True,KBB_reg_component,top20,273,0.1851885922181075,3.7579422035234407
top_bottom,kbb,season_to_next,reliever,True,KBB_reg_direct,bottom20,273,0.11297843658239556,2.506154607170892
top_bottom,kbb,season_to_next,reliever,True,KBB_reg_direct,middle,816,0.15622436697437625,3.0101313083213004
top_bottom,kbb,season_to_next,reliever,True,KBB_reg_direct,top20,273,0.2078122446252066,3.7416044854836414
top_bottom,kbb,season_to_next,reliever,True,K_pct,bottom20,273,0.17014408866952824,2.7619649646506828
top_bottom,kbb,season_to_next,reliever,True,K_pct,middle,816,0.24563909494857444,3.00242560000263
top_bottom,kbb,season_to_next,reliever,True,K_pct,top20,273,0.3339520218405055,3.5119391611795825
top_bottom,kbb,season_to_next,reliever,True,raw_KBB_ratio,bottom20,273,1.7494034013163147,2.3813304454798847
top_bottom,kbb,season_to_next,reliever,True,raw_KBB_ratio,middle,816,2.8611596092411076,2.989033526799383
top_bottom,kbb,season_to_next,reliever,True,raw_KBB_ratio,top20,273,5.437771939394854,3.8828597457626373
top_bottom,kbb,season_to_next,starter,False,BB_pct,bottom20,163,0.10422206397189,2.6838122750512183
top_bottom,kbb,season_to_next,starter,False,BB_pct,middle,486,0.07406763615332143,3.2115543985573316
top_bottom,kbb,season_to_next,starter,False,BB_pct,top20,163,0.04799999159771455,4.175143959989953
top_bottom,kbb,season_to_next,starter,False,CCR,bottom20,163,2.2701571583503983,2.443783229533259
top_bottom,kbb,season_to_next,starter,False,CCR,middle,486,3.0205036179885343,3.190549223123961
top_bottom,kbb,season_to_next,starter,False,CCR,top20,163,4.1754501026313,4.424640634940913
top_bottom,kbb,season_to_next,starter,False,CCR_floor,bottom20,163,2.2701571583503983,2.443783229533259
top_bottom,kbb,season_to_next,starter,False,CCR_floor,middle,486,3.0205036179885343,3.190549223123961
top_bottom,kbb,season_to_next,starter,False,CCR_floor,top20,163,4.174139362775581,4.424640634940913
top_bottom,kbb,season_to_next,starter,False,CSS,bottom20,163,-2.482658501066431,2.376314509220277
top_bottom,kbb,season_to_next,starter,False,CSS,middle,486,0.07537839600983096,3.1564463887818515
top_bottom,kbb,season_to_next,starter,False,CSS,top20,163,2.9526999798335454,4.565130649023351
top_bottom,kbb,season_to_next,starter,False,KBB,bottom20,163,0.08179475850468833,2.3197203959294037
top_bottom,kbb,season_to_next,starter,False,KBB,middle,486,0.14930449812355792,3.1841923482422025
top_bottom,kbb,season_to_next,starter,False,KBB,top20,163,0.23056387516914215,4.532712661746658
top_bottom,kbb,season_to_next,starter,False,KBB_reg_component,bottom20,163,0.11349150802550717,2.3736087292695482
top_bottom,kbb,season_to_next,starter,False,KBB_reg_component,middle,486,0.146374340259318,3.17519087043048
top_bottom,kbb,season_to_next,starter,False,KBB_reg_component,top20,163,0.18304593828678317,4.533915896863689
top_bottom,kbb,season_to_next,starter,False,KBB_reg_direct,bottom20,163,0.11843785820727729,2.3609546199232816
top_bottom,kbb,season_to_next,starter,False,KBB_reg_direct,middle,486,0.14645651754971808,3.2069702057729406
top_bottom,kbb,season_to_next,starter,False,KBB_reg_direct,top20,163,0.18398131293247455,4.46509973398011
top_bottom,kbb,season_to_next,starter,False,K_pct,bottom20,163,0.16559713619004965,2.5649055036624913
top_bottom,kbb,season_to_next,starter,False,K_pct,middle,486,0.2233989702114155,3.2043258052679904
top_bottom,kbb,season_to_next,starter,False,K_pct,top20,163,0.2989035391626826,4.32756543268117
top_bottom,kbb,season_to_next,starter,False,raw_KBB_ratio,bottom20,163,1.8941740861809016,2.3644739261016356
top_bottom,kbb,season_to_next,starter,False,raw_KBB_ratio,middle,486,3.08212730052046,3.1793060517035885
top_bottom,kbb,season_to_next,starter,False,raw_KBB_ratio,top20,163,5.410603331566494,4.527872366805922
top_bottom,kbb,season_to_next,starter,True,BB_pct,bottom20,155,0.10465699136810208,2.665560758687796
top_bottom,kbb,season_to_next,starter,True,BB_pct,middle,465,0.07422315778136135,3.1932296457020386
top_bottom,kbb,season_to_next,starter,True,BB_pct,top20,155,0.048378940879336134,4.157862040843312
top_bottom,kbb,season_to_next,starter,True,CCR,bottom20,155,2.254999080589309,2.443102685129224
top_bottom,kbb,season_to_next,starter,True,CCR,middle,465,2.999880628504701,3.1649262860105596
top_bottom,kbb,season_to_next,starter,True,CCR,top20,155,4.129983104313597,4.40665639127332
top_bottom,kbb,season_to_next,starter,True,CCR_floor,bottom20,155,2.254999080589309,2.443102685129224
top_bottom,kbb,season_to_next,starter,True,CCR_floor,middle,465,2.999880628504701,3.1649262860105596
top_bottom,kbb,season_to_next,starter,True,CCR_floor,top20,155,4.128604713368551,4.40665639127332
top_bottom,kbb,season_to_next,starter,True,CSS,bottom20,155,-2.503996104328689,2.375358619850702
top_bottom,kbb,season_to_next,starter,True,CSS,middle,465,0.06905435982250853,3.1322387692710203
top_bottom,kbb,season_to_next,starter,True,CSS,top20,155,2.9236250703264943,4.513751247638951
top_bottom,kbb,season_to_next,starter,True,KBB,bottom20,155,0.08141503609010525,2.282524811997791
top_bottom,kbb,season_to_next,starter,True,KBB,middle,465,0.14789736912292228,3.1644671905413473
top_bottom,kbb,season_to_next,starter,True,KBB,top20,155,0.22830611286980468,4.508356785874362
top_bottom,kbb,season_to_next,starter,True,KBB_reg_component,bottom20,155,0.11279139632902077,2.350581223504679
top_bottom,kbb,season_to_next,starter,True,KBB_reg_component,middle,465,0.14503932974582323,3.134412250315535
top_bottom,kbb,season_to_next,starter,True,KBB_reg_component,top20,155,0.1810892311123971,4.547266482978311
top_bottom,kbb,season_to_next,starter,True,KBB_reg_direct,bottom20,155,0.1178363096882649,2.3316375475112423
top_bottom,kbb,season_to_next,starter,True,KBB_reg_direct,middle,465,0.14519719430779143,3.176545797928197
top_bottom,kbb,season_to_next,starter,True,KBB_reg_direct,top20,155,0.18251788379858375,4.467774524172989
top_bottom,kbb,season_to_next,starter,True,K_pct,bottom20,155,0.16534402054221833,2.5480236187205794
top_bottom,kbb,season_to_next,starter,True,K_pct,middle,465,0.22237207194408812,3.195083825525083
top_bottom,kbb,season_to_next,starter,True,K_pct,top20,155,0.29665842554571625,4.243915566422452
top_bottom,kbb,season_to_next,starter,True,raw_KBB_ratio,bottom20,155,1.8864326369517512,2.338211001711215
top_bottom,kbb,season_to_next,starter,True,raw_KBB_ratio,middle,465,3.0596512290660187,3.151764850504344
top_bottom,kbb,season_to_next,starter,True,raw_KBB_ratio,top20,155,5.326851250820565,4.5134443163813325
top_bottom,whip,season_to_next,all,False,CCR,bottom20,450,2.2451587724698028,1.3475368837867643
top_bottom,whip,season_to_next,all,False,CCR,middle,1348,2.8845841338300344,1.2724542216144745
top_bottom,whip,season_to_next,all,False,CCR,top20,450,3.8894574480346726,1.1666412522458613
top_bottom,whip,season_to_next,all,False,KBB,bottom20,450,0.07598872665067014,1.3692307692307693
top_bottom,whip,season_to_next,all,False,KBB,middle,1348,0.1504088120131946,1.271211723490394
top_bottom,whip,season_to_next,all,False,KBB,top20,450,0.24233864097158836,1.1292730937237772
top_bottom,whip,season_to_next,all,False,KBB_best_plus_pWHIP,bottom20,450,0.11558832567453635,1.3760325524124826
top_bottom,whip,season_to_next,all,False,KBB_best_plus_pWHIP,middle,1348,0.14601686217748053,1.2704420132692014
top_bottom,whip,season_to_next,all,False,KBB_best_plus_pWHIP,top20,450,0.17952812292952627,1.139057987575575
top_bottom,whip,season_to_next,all,False,KBB_best_plus_pWHIP_plus_logTBF,bottom20,450,0.11558832567453635,1.3760325524124826
top_bottom,whip,season_to_next,all,False,KBB_best_plus_pWHIP_plus_logTBF,middle,1348,0.14601686217748053,1.2704420132692014
top_bottom,whip,season_to_next,all,False,KBB_best_plus_pWHIP_plus_logTBF,top20,450,0.17952812292952627,1.139057987575575
top_bottom,whip,season_to_next,all,False,KBB_reg_component,bottom20,450,0.11558832567453635,1.3760325524124826
top_bottom,whip,season_to_next,all,False,KBB_reg_component,middle,1348,0.14601686217748053,1.2704420132692014
top_bottom,whip,season_to_next,all,False,KBB_reg_component,top20,450,0.17952812292952627,1.139057987575575
top_bottom,whip,season_to_next,all,False,KBB_reg_direct,bottom20,450,0.11504567884480547,1.3754845985761612
top_bottom,whip,season_to_next,all,False,KBB_reg_direct,middle,1348,0.1474280266548818,1.2716930068272205
top_bottom,whip,season_to_next,all,False,KBB_reg_direct,top20,450,0.18538086660565187,1.1270291886127664
top_bottom,whip,season_to_next,all,False,WAI,bottom20,450,1.4799820618828892,1.3508403012118289
top_bottom,whip,season_to_next,all,False,WAI,middle,1348,1.2602689482954366,1.2769109993917243
top_bottom,whip,season_to_next,all,False,WAI,top20,450,1.0325259377320235,1.13758940900556
top_bottom,whip,season_to_next,all,False,WHIP,bottom20,450,1.5429273591904056,1.3347375972904656
top_bottom,whip,season_to_next,all,False,WHIP,middle,1348,1.2528117481707999,1.2740379398322816
top_bottom,whip,season_to_next,all,False,WHIP,top20,450,0.9800059091196348,1.1499280300921693
top_bottom,whip,season_to_next,all,False,WHIP_reg,bottom20,450,1.3554529988810895,1.3378223830085192
top_bottom,whip,season_to_next,all,False,WHIP_reg,middle,1348,1.2534635865149593,1.2764088743442898
top_bottom,whip,season_to_next,all,False,WHIP_reg,top20,450,1.151481225671957,1.1490360459941718
top_bottom,whip,season_to_next,all,False,WSI_raw,bottom20,450,5.287417002768993,1.3626773034693294
top_bottom,whip,season_to_next,all,False,WSI_raw,middle,1348,12.140223043910572,1.2739291539964153
top_bottom,whip,season_to_next,all,False,WSI_raw,top20,450,24.284444211866635,1.1248958672178102
top_bottom,whip,season_to_next,all,False,WSI_reg_tuned,bottom20,450,8.700361876480324,1.3684548512165164
top_bottom,whip,season_to_next,all,False,WSI_reg_tuned,middle,1348,11.652242373936044,1.2718455708550631
top_bottom,whip,season_to_next,all,False,WSI_reg_tuned,top20,450,15.451877658388721,1.1403371254162042
top_bottom,whip,season_to_next,all,False,WSI_xWHIP_lgBABIP,bottom20,450,5.32743610649513,1.3662667129562986
top_bottom,whip,season_to_next,all,False,WSI_xWHIP_lgBABIP,middle,1348,12.007656240690121,1.2721680812098273
top_bottom,whip,season_to_next,all,False,WSI_xWHIP_lgBABIP,top20,450,23.133778025482385,1.1313453344037547
top_bottom,whip,season_to_next,all,False,pWHIP,bottom20,450,1.4293461801108207,1.3463144963144964
top_bottom,whip,season_to_next,all,False,pWHIP,middle,1348,1.260513906973821,1.27537105655378
top_bottom,whip,season_to_next,all,False,pWHIP,top20,450,1.0946456396680533,1.1414919551438325
top_bottom,whip,season_to_next,all,False,xWAI_ratio,bottom20,450,8.230016031590617,1.3594146212108658
top_bottom,whip,season_to_next,all,False,xWAI_ratio,middle,1348,11.622784625851997,1.2750742757135447
top_bottom,whip,season_to_next,all,False,xWAI_ratio,top20,450,16.36807540394165,1.1376515026627199
top_bottom,whip,season_to_next,all,False,xWHIP_lgBABIP,bottom20,450,1.4817639349478304,1.3471596944711417
top_bottom,whip,season_to_next,all,False,xWHIP_lgBABIP,middle,1348,1.263871320727641,1.2747080346722337
top_bottom,whip,season_to_next,all,False,xWHIP_lgBABIP,top20,450,1.0498400476007708,1.1411964733578497
top_bottom,whip,season_to_next,all,True,CCR,bottom20,407,2.2303483420788934,1.3474627150140566
top_bottom,whip,season_to_next,all,True,CCR,middle,1218,2.8645218587326102,1.2746646479761055
top_bottom,whip,season_to_next,all,True,CCR,top20,407,3.858046553946929,1.1711275809575543
top_bottom,whip,season_to_next,all,True,KBB,bottom20,407,0.07580745379694545,1.3743674800404813
top_bottom,whip,season_to_next,all,True,KBB,middle,1218,0.14991588848797155,1.272326871873989
top_bottom,whip,season_to_next,all,True,KBB,top20,407,0.24109196560462565,1.1311352404936654
top_bottom,whip,season_to_next,all,True,KBB_best_plus_pWHIP,bottom20,407,0.11500316012819184,1.375068485768433
top_bottom,whip,season_to_next,all,True,KBB_best_plus_pWHIP,middle,1218,0.14497551479974438,1.2749271042283978
top_bottom,whip,season_to_next,all,True,KBB_best_plus_pWHIP,top20,407,0.17721449165138112,1.1399928631963958
top_bottom,whip,season_to_next,all,True,KBB_best_plus_pWHIP_plus_logTBF,bottom20,407,0.11500316012819184,1.375068485768433
top_bottom,whip,season_to_next,all,True,KBB_best_plus_pWHIP_plus_logTBF,middle,1218,0.14497551479974438,1.2749271042283978
top_bottom,whip,season_to_next,all,True,KBB_best_plus_pWHIP_plus_logTBF,top20,407,0.17721449165138112,1.1399928631963958
top_bottom,whip,season_to_next,all,True,KBB_reg_component,bottom20,407,0.11500316012819184,1.375068485768433
top_bottom,whip,season_to_next,all,True,KBB_reg_component,middle,1218,0.14497551479974438,1.2749271042283978
top_bottom,whip,season_to_next,all,True,KBB_reg_component,top20,407,0.17721449165138112,1.1399928631963958
top_bottom,whip,season_to_next,all,True,KBB_reg_direct,bottom20,407,0.1164298970195608,1.3858010630220197
top_bottom,whip,season_to_next,all,True,KBB_reg_direct,middle,1218,0.14668969768556517,1.2683572577282747
top_bottom,whip,season_to_next,all,True,KBB_reg_direct,top20,407,0.17999679436083188,1.1369907257878467
top_bottom,whip,season_to_next,all,True,WAI,bottom20,407,1.4836576525297716,1.3551173521290512
top_bottom,whip,season_to_next,all,True,WAI,middle,1218,1.2606011468931135,1.2775076586620682
top_bottom,whip,season_to_next,all,True,WAI,top20,407,1.0322902871111739,1.13997338602363
top_bottom,whip,season_to_next,all,True,WHIP,bottom20,407,1.5442485989944643,1.3398621757075473
top_bottom,whip,season_to_next,all,True,WHIP,middle,1218,1.2531338805444021,1.275317399807737
top_bottom,whip,season_to_next,all,True,WHIP,top20,407,0.9803871776864038,1.1502284710017576
top_bottom,whip,season_to_next,all,True,WHIP_reg,bottom20,407,1.356031789407627,1.3395739513231797
top_bottom,whip,season_to_next,all,True,WHIP_reg,middle,1218,1.2535457638785141,1.277964128131548
top_bottom,whip,season_to_next,all,True,WHIP_reg,top20,407,1.151908119348202,1.1517358848970558
top_bottom,whip,season_to_next,all,True,WSI_raw,bottom20,407,5.272422824998416,1.3683858004018754
top_bottom,whip,season_to_next,all,True,WSI_raw,middle,1218,12.095065454862148,1.2745536513426952
top_bottom,whip,season_to_next,all,True,WSI_raw,top20,407,24.184252840026225,1.1262363832986046
top_bottom,whip,season_to_next,all,True,WSI_reg_tuned,bottom20,407,8.649018529744636,1.3725604582095885
top_bottom,whip,season_to_next,all,True,WSI_reg_tuned,middle,1218,11.569218635161373,1.2731628165417443
top_bottom,whip,season_to_next,all,True,WSI_reg_tuned,top20,407,15.248639503172955,1.1435936418099166
top_bottom,whip,season_to_next,all,True,WSI_xWHIP_lgBABIP,bottom20,407,5.319270613947153,1.3705162587998658
top_bottom,whip,season_to_next,all,True,WSI_xWHIP_lgBABIP,middle,1218,11.968392735446184,1.2728250713261817
top_bottom,whip,season_to_next,all,True,WSI_xWHIP_lgBABIP,top20,407,23.015602394245327,1.132974469658535
top_bottom,whip,season_to_next,all,True,pWHIP,bottom20,407,1.4328478237615472,1.3495866875574045
top_bottom,whip,season_to_next,all,True,pWHIP,middle,1218,1.2607370723009041,1.2767441465320963
top_bottom,whip,season_to_next,all,True,pWHIP,top20,407,1.0916698453034615,1.1423316967629193
top_bottom,whip,season_to_next,all,True,xWAI_ratio,bottom20,407,8.162330243750747,1.3677054440637406
top_bottom,whip,season_to_next,all,True,xWAI_ratio,middle,1218,11.542325979813663,1.2751347199038912
top_bottom,whip,season_to_next,all,True,xWAI_ratio,top20,407,16.203632458555333,1.139442043960173
top_bottom,whip,season_to_next,all,True,xWHIP_lgBABIP,bottom20,407,1.4808804637375421,1.3517078088437953
top_bottom,whip,season_to_next,all,True,xWHIP_lgBABIP,middle,1218,1.2637719986984728,1.2756329412810496
top_bottom,whip,season_to_next,all,True,xWHIP_lgBABIP,top20,407,1.0506842407193908,1.1410947944356982
top_bottom,whip,season_to_next,reliever,False,CCR,bottom20,304,2.1776189200857097,1.3352382098171318
top_bottom,whip,season_to_next,reliever,False,CCR,middle,912,2.8357092516148517,1.2751562593605847
top_bottom,whip,season_to_next,reliever,False,CCR,top20,304,3.867846264807547,1.1822618803673555
top_bottom,whip,season_to_next,reliever,False,KBB,bottom20,304,0.07850639644659275,1.349213024149946
top_bottom,whip,season_to_next,reliever,False,KBB,middle,912,0.15752616787762033,1.2796678697512969
top_bottom,whip,season_to_next,reliever,False,KBB,top20,304,0.25376397033333714,1.151941550534434
top_bottom,whip,season_to_next,reliever,False,KBB_best_plus_pWHIP,bottom20,304,0.12389864618849238,1.3539651837524178
top_bottom,whip,season_to_next,reliever,False,KBB_best_plus_pWHIP,middle,912,0.1557170118454325,1.2747436842457953
top_bottom,whip,season_to_next,reliever,False,KBB_best_plus_pWHIP,top20,304,0.18943033530010286,1.163440819920931
top_bottom,whip,season_to_next,reliever,False,KBB_best_plus_pWHIP_plus_logTBF,bottom20,304,0.12389864618849238,1.3539651837524178
top_bottom,whip,season_to_next,reliever,False,KBB_best_plus_pWHIP_plus_logTBF,middle,912,0.1557170118454325,1.2747436842457953
top_bottom,whip,season_to_next,reliever,False,KBB_best_plus_pWHIP_plus_logTBF,top20,304,0.18943033530010286,1.163440819920931
top_bottom,whip,season_to_next,reliever,False,KBB_reg_component,bottom20,304,0.12389864618849238,1.3539651837524178
top_bottom,whip,season_to_next,reliever,False,KBB_reg_component,middle,912,0.1557170118454325,1.2747436842457953
top_bottom,whip,season_to_next,reliever,False,KBB_reg_component,top20,304,0.18943033530010286,1.163440819920931
top_bottom,whip,season_to_next,reliever,False,KBB_reg_direct,bottom20,304,0.10727303248879172,1.357121931212281
top_bottom,whip,season_to_next,reliever,False,KBB_reg_direct,middle,912,0.15660773576679637,1.2787946398749483
top_bottom,whip,season_to_next,reliever,False,KBB_reg_direct,top20,304,0.21725911018755642,1.1478680155053416
top_bottom,whip,season_to_next,reliever,False,WAI,bottom20,304,1.5085283016795643,1.3488974831433374
top_bottom,whip,season_to_next,reliever,False,WAI,middle,912,1.257274405381564,1.276178714419457
top_bottom,whip,season_to_next,reliever,False,WAI,top20,304,0.9967959534342149,1.1675838476983715
top_bottom,whip,season_to_next,reliever,False,WHIP,bottom20,304,1.571370495283933,1.3250709088666912
top_bottom,whip,season_to_next,reliever,False,WHIP,middle,912,1.2456336655287292,1.277483817772209
top_bottom,whip,season_to_next,reliever,False,WHIP,top20,304,0.9427701772522644,1.1816723088664072
top_bottom,whip,season_to_next,reliever,False,WHIP_reg,bottom20,304,1.3233248051683022,1.3380077369439072
top_bottom,whip,season_to_next,reliever,False,WHIP_reg,middle,912,1.243330698152863,1.2743103652986107
top_bottom,whip,season_to_next,reliever,False,WHIP_reg,top20,304,1.159211710894947,1.180361560418649
top_bottom,whip,season_to_next,reliever,False,WSI_raw,bottom20,304,5.45689717275206,1.343415826458906
top_bottom,whip,season_to_next,reliever,False,WSI_raw,middle,912,12.852409071281576,1.28215637440433
top_bottom,whip,season_to_next,reliever,False,WSI_raw,top20,304,25.93153653368865,1.151150647843744
top_bottom,whip,season_to_next,reliever,False,WSI_reg_tuned,bottom20,304,9.54764608978361,1.354451560787029
top_bottom,whip,season_to_next,reliever,False,WSI_reg_tuned,middle,912,12.522013731813143,1.273076068738515
top_bottom,whip,season_to_next,reliever,False,WSI_reg_tuned,top20,304,16.16336434512038,1.1661155782670773
top_bottom,whip,season_to_next,reliever,False,WSI_xWHIP_lgBABIP,bottom20,304,5.501950801599276,1.355009214443387
top_bottom,whip,season_to_next,reliever,False,WSI_xWHIP_lgBABIP,middle,912,12.646067332197466,1.277994234642166
top_bottom,whip,season_to_next,reliever,False,WSI_xWHIP_lgBABIP,top20,304,24.46128838257456,1.153841755141719
top_bottom,whip,season_to_next,reliever,False,pWHIP,bottom20,304,1.4553625570434523,1.345556258804794
top_bottom,whip,season_to_next,reliever,False,pWHIP,middle,912,1.2561190971836391,1.275042568075923
top_bottom,whip,season_to_next,reliever,False,pWHIP,top20,304,1.0583984783591145,1.1734136591408142
top_bottom,whip,season_to_next,reliever,False,xWAI_ratio,bottom20,304,8.713773222236263,1.3521631742490636
top_bottom,whip,season_to_next,reliever,False,xWAI_ratio,middle,912,12.434561900344821,1.2782340244969963
top_bottom,whip,season_to_next,reliever,False,xWAI_ratio,top20,304,17.894821836112705,1.158022585250978
top_bottom,whip,season_to_next,reliever,False,xWHIP_lgBABIP,bottom20,304,1.4932036513009697,1.3450914251630022
top_bottom,whip,season_to_next,reliever,False,xWHIP_lgBABIP,middle,912,1.258913788299113,1.2768645779696597
top_bottom,whip,season_to_next,reliever,False,xWHIP_lgBABIP,top20,304,1.0325501442514622,1.169923439450105
top_bottom,whip,season_to_next,reliever,True,CCR,bottom20,273,2.2315652458360864,1.3313497087870347
top_bottom,whip,season_to_next,reliever,True,CCR,middle,816,2.8208573127249124,1.2766980478225711
top_bottom,whip,season_to_next,reliever,True,CCR,top20,273,3.734183161457452,1.1835743986630323
top_bottom,whip,season_to_next,reliever,True,KBB,bottom20,273,0.07833800083517606,1.349254945619594
top_bottom,whip,season_to_next,reliever,True,KBB,middle,816,0.15684510668587018,1.2801470848212708
top_bottom,whip,season_to_next,reliever,True,KBB,top20,273,0.25152529127547757,1.1524771024146545
top_bottom,whip,season_to_next,reliever,True,KBB_best_plus_pWHIP,bottom20,273,0.1264195463245119,1.353086115559936
top_bottom,whip,season_to_next,reliever,True,KBB_best_plus_pWHIP,middle,816,0.1552037006444888,1.2750678782174276
top_bottom,whip,season_to_next,reliever,True,KBB_best_plus_pWHIP,top20,273,0.1851885922181075,1.1634985611802373
top_bottom,whip,season_to_next,reliever,True,KBB_best_plus_pWHIP_plus_logTBF,bottom20,273,0.1264195463245119,1.353086115559936
top_bottom,whip,season_to_next,reliever,True,KBB_best_plus_pWHIP_plus_logTBF,middle,816,0.1552037006444888,1.2750678782174276
top_bottom,whip,season_to_next,reliever,True,KBB_best_plus_pWHIP_plus_logTBF,top20,273,0.1851885922181075,1.1634985611802373
top_bottom,whip,season_to_next,reliever,True,KBB_reg_component,bottom20,273,0.1264195463245119,1.353086115559936
top_bottom,whip,season_to_next,reliever,True,KBB_reg_component,middle,816,0.1552037006444888,1.2750678782174276
top_bottom,whip,season_to_next,reliever,True,KBB_reg_component,top20,273,0.1851885922181075,1.1634985611802373
top_bottom,whip,season_to_next,reliever,True,KBB_reg_direct,bottom20,273,0.11297843658239556,1.354368629730347
top_bottom,whip,season_to_next,reliever,True,KBB_reg_direct,middle,816,0.15622436697437625,1.2788738448312917
top_bottom,whip,season_to_next,reliever,True,KBB_reg_direct,top20,273,0.2078122446252066,1.1499173553719009
top_bottom,whip,season_to_next,reliever,True,WAI,bottom20,273,1.4967767586044378,1.3536145354580988
top_bottom,whip,season_to_next,reliever,True,WAI,middle,816,1.255967335172012,1.2738765945626391
top_bottom,whip,season_to_next,reliever,True,WAI,top20,273,1.0043140880465973,1.1694646559082966
top_bottom,whip,season_to_next,reliever,True,WHIP,bottom20,273,1.5620113873473285,1.3297377920926914
top_bottom,whip,season_to_next,reliever,True,WHIP,middle,816,1.243925794591652,1.2765239400970259
top_bottom,whip,season_to_next,reliever,True,WHIP,top20,273,0.9449040328139627,1.1818887397214297
top_bottom,whip,season_to_next,reliever,True,WHIP_reg,bottom20,273,1.3193771444030051,1.3416260197235297
top_bottom,whip,season_to_next,reliever,True,WHIP_reg,middle,816,1.2409162878632323,1.2738481274275737
top_bottom,whip,season_to_next,reliever,True,WHIP_reg,top20,273,1.156098027283441,1.1797787275813412
top_bottom,whip,season_to_next,reliever,True,WSI_raw,bottom20,273,5.488735501443798,1.3428447245463435
top_bottom,whip,season_to_next,reliever,True,WSI_raw,middle,816,12.791339433034652,1.2811331627920053
top_bottom,whip,season_to_next,reliever,True,WSI_raw,top20,273,25.702286753323538,1.1562186559679037
top_bottom,whip,season_to_next,reliever,True,WSI_reg_tuned,bottom20,273,9.764020434608085,1.356612671724421
top_bottom,whip,season_to_next,reliever,True,WSI_reg_tuned,middle,816,12.499370445239393,1.274953644791856
top_bottom,whip,season_to_next,reliever,True,WSI_reg_tuned,top20,273,15.868534340703363,1.1614261650758
top_bottom,whip,season_to_next,reliever,True,WSI_xWHIP_lgBABIP,bottom20,273,5.527684428117174,1.353996067670635
top_bottom,whip,season_to_next,reliever,True,WSI_xWHIP_lgBABIP,middle,816,12.585019702961178,1.278017972193964
top_bottom,whip,season_to_next,reliever,True,WSI_xWHIP_lgBABIP,top20,273,24.23320458441779,1.155541301109088
top_bottom,whip,season_to_next,reliever,True,pWHIP,bottom20,273,1.4500210446973427,1.350750633651784
top_bottom,whip,season_to_next,reliever,True,pWHIP,middle,816,1.2545740223138404,1.2738707347129563
top_bottom,whip,season_to_next,reliever,True,pWHIP,top20,273,1.059785095312231,1.1719940988443571
top_bottom,whip,season_to_next,reliever,True,xWAI_ratio,bottom20,273,8.930602165099174,1.3542747318605468
top_bottom,whip,season_to_next,reliever,True,xWAI_ratio,middle,816,12.393170074723232,1.2752132300279966
top_bottom,whip,season_to_next,reliever,True,xWAI_ratio,top20,273,17.50204910231005,1.162868619179299
top_bottom,whip,season_to_next,reliever,True,xWHIP_lgBABIP,bottom20,273,1.4851488199459668,1.3466163947214458
top_bottom,whip,season_to_next,reliever,True,xWHIP_lgBABIP,middle,816,1.258249278583317,1.2754437428528813
top_bottom,whip,season_to_next,reliever,True,xWHIP_lgBABIP,top20,273,1.0333823632302315,1.1722568717875792
top_bottom,whip,season_to_next,starter,False,CCR,bottom20,163,2.2701571583503983,1.356551724137931
top_bottom,whip,season_to_next,starter,False,CCR,middle,486,3.0205036179885343,1.2594807306524782
top_bottom,whip,season_to_next,starter,False,CCR,top20,163,4.1754501026313,1.1462451131301852
top_bottom,whip,season_to_next,starter,False,KBB,bottom20,163,0.08179475850468833,1.3829096092014983
top_bottom,whip,season_to_next,starter,False,KBB,middle,486,0.14930449812355792,1.2654550195315328
top_bottom,whip,season_to_next,starter,False,KBB,top20,163,0.23056387516914215,1.111157196184156
top_bottom,whip,season_to_next,starter,False,KBB_best_plus_pWHIP,bottom20,163,0.11349150802550717,1.372949480426116
top_bottom,whip,season_to_next,starter,False,KBB_best_plus_pWHIP,middle,486,0.146374340259318,1.2651213573471436
top_bottom,whip,season_to_next,starter,False,KBB_best_plus_pWHIP,top20,163,0.18304593828678317,1.1173767301038064
top_bottom,whip,season_to_next,starter,False,KBB_best_plus_pWHIP_plus_logTBF,bottom20,163,0.11349150802550717,1.372949480426116
top_bottom,whip,season_to_next,starter,False,KBB_best_plus_pWHIP_plus_logTBF,middle,486,0.146374340259318,1.2651213573471436
top_bottom,whip,season_to_next,starter,False,KBB_best_plus_pWHIP_plus_logTBF,top20,163,0.18304593828678317,1.1173767301038064
top_bottom,whip,season_to_next,starter,False,KBB_reg_component,bottom20,163,0.11349150802550717,1.372949480426116
top_bottom,whip,season_to_next,starter,False,KBB_reg_component,middle,486,0.146374340259318,1.2651213573471436
top_bottom,whip,season_to_next,starter,False,KBB_reg_component,top20,163,0.18304593828678317,1.1173767301038064
top_bottom,whip,season_to_next,starter,False,KBB_reg_direct,bottom20,163,0.11843785820727729,1.3861810391001608
top_bottom,whip,season_to_next,starter,False,KBB_reg_direct,middle,486,0.14645651754971808,1.2611693979036085
top_bottom,whip,season_to_next,starter,False,KBB_reg_direct,top20,163,0.18398131293247455,1.1161293826892265
top_bottom,whip,season_to_next,starter,False,WAI,bottom20,163,1.503596161672952,1.3600468987383578
top_bottom,whip,season_to_next,starter,False,WAI,middle,486,1.2552580591399052,1.270967616869081
top_bottom,whip,season_to_next,starter,False,WAI,top20,163,1.0045135979509585,1.1152068223479716
top_bottom,whip,season_to_next,starter,False,WHIP,bottom20,163,1.5174701820829817,1.3441650405992323
top_bottom,whip,season_to_next,starter,False,WHIP,middle,486,1.254172673120061,1.27353970522995
top_bottom,whip,season_to_next,starter,False,WHIP,top20,163,1.0205909144352414,1.1191098439851113
top_bottom,whip,season_to_next,starter,False,WHIP_reg,bottom20,163,1.3726680300823495,1.337926550805531
top_bottom,whip,season_to_next,starter,False,WHIP_reg,middle,486,1.2524408509269065,1.2725903318874996
top_bottom,whip,season_to_next,starter,False,WHIP_reg,top20,163,1.1311568395385825,1.126434034416826
top_bottom,whip,season_to_next,starter,False,WSI_raw,bottom20,163,5.686794055108247,1.3732526704470527
top_bottom,whip,season_to_next,starter,False,WSI_raw,middle,486,11.997749815527087,1.2682119205298013
top_bottom,whip,season_to_next,starter,False,WSI_raw,top20,163,22.361443686513553,1.111290494743022
top_bottom,whip,season_to_next,starter,False,WSI_reg_tuned,bottom20,163,8.445403035785025,1.3721770998415215
top_bottom,whip,season_to_next,starter,False,WSI_reg_tuned,middle,486,11.696411375667232,1.2667442624217602
top_bottom,whip,season_to_next,starter,False,WSI_reg_tuned,top20,163,16.03755060794418,1.115522884584429
top_bottom,whip,season_to_next,starter,False,WSI_xWHIP_lgBABIP,bottom20,163,5.754843905285559,1.3808178191489364
top_bottom,whip,season_to_next,starter,False,WSI_xWHIP_lgBABIP,middle,486,11.962798612478352,1.266232172167643
top_bottom,whip,season_to_next,starter,False,WSI_xWHIP_lgBABIP,top20,163,21.63621702516579,1.109978591336897
top_bottom,whip,season_to_next,starter,False,pWHIP,bottom20,163,1.4479884894576822,1.352986978562672
top_bottom,whip,season_to_next,starter,False,pWHIP,middle,486,1.2581265330147038,1.2718520923066488
top_bottom,whip,season_to_next,starter,False,pWHIP,top20,163,1.0748632563445069,1.1189488060037922
top_bottom,whip,season_to_next,starter,False,xWAI_ratio,bottom20,163,7.947556078920925,1.373511978881307
top_bottom,whip,season_to_next,starter,False,xWAI_ratio,middle,486,11.689282015157902,1.2661814012640664
top_bottom,whip,season_to_next,starter,False,xWAI_ratio,top20,163,17.070947498810543,1.1161298998184628
top_bottom,whip,season_to_next,starter,False,xWHIP_lgBABIP,bottom20,163,1.4584620668635313,1.353221241884468
top_bottom,whip,season_to_next,starter,False,xWHIP_lgBABIP,middle,486,1.258740812162326,1.2720720807582173
top_bottom,whip,season_to_next,starter,False,xWHIP_lgBABIP,top20,163,1.0687009570109531,1.1169452032781617
top_bottom,whip,season_to_next,starter,True,CCR,bottom20,155,2.254999080589309,1.3572724651935764
top_bottom,whip,season_to_next,starter,True,CCR,middle,465,2.999880628504701,1.2620129341600936
top_bottom,whip,season_to_next,starter,True,CCR,top20,155,4.129983104313597,1.1512890472743473
top_bottom,whip,season_to_next,starter,True,KBB,bottom20,155,0.08141503609010525,1.3906486970908591
top_bottom,whip,season_to_next,starter,True,KBB,middle,465,0.14789736912292228,1.2684597742233343
top_bottom,whip,season_to_next,starter,True,KBB,top20,155,0.22830611286980468,1.1121492803326942
top_bottom,whip,season_to_next,starter,True,KBB_best_plus_pWHIP,bottom20,155,0.11279139632902077,1.3791189852474837
top_bottom,whip,season_to_next,starter,True,KBB_best_plus_pWHIP,middle,465,0.14503932974582323,1.268487648519504
top_bottom,whip,season_to_next,starter,True,KBB_best_plus_pWHIP,top20,155,0.1810892311123971,1.1196514767242085
top_bottom,whip,season_to_next,starter,True,KBB_best_plus_pWHIP_plus_logTBF,bottom20,155,0.11279139632902077,1.3791189852474837
top_bottom,whip,season_to_next,starter,True,KBB_best_plus_pWHIP_plus_logTBF,middle,465,0.14503932974582323,1.268487648519504
top_bottom,whip,season_to_next,starter,True,KBB_best_plus_pWHIP_plus_logTBF,top20,155,0.1810892311123971,1.1196514767242085
top_bottom,whip,season_to_next,starter,True,KBB_reg_component,bottom20,155,0.11279139632902077,1.3791189852474837
top_bottom,whip,season_to_next,starter,True,KBB_reg_component,middle,465,0.14503932974582323,1.268487648519504
top_bottom,whip,season_to_next,starter,True,KBB_reg_component,top20,155,0.1810892311123971,1.1196514767242085
top_bottom,whip,season_to_next,starter,True,KBB_reg_direct,bottom20,155,0.1178363096882649,1.392962124539649
top_bottom,whip,season_to_next,starter,True,KBB_reg_direct,middle,465,0.14519719430779143,1.2644485361629056
top_bottom,whip,season_to_next,starter,True,KBB_reg_direct,top20,155,0.18251788379858375,1.1167780996444214
top_bottom,whip,season_to_next,starter,True,WAI,bottom20,155,1.5066054537760905,1.3654488464107704
top_bottom,whip,season_to_next,starter,True,WAI,middle,465,1.257531243056456,1.2736390325320774
top_bottom,whip,season_to_next,starter,True,WAI,top20,155,1.005139219716173,1.1168734424097952
top_bottom,whip,season_to_next,starter,True,WHIP,bottom20,155,1.5182231264790969,1.3448024729320756
top_bottom,whip,season_to_next,starter,True,WHIP,middle,465,1.2561073574902972,1.2765963905711641
top_bottom,whip,season_to_next,starter,True,WHIP,top20,155,1.0224855157918038,1.1225197743163353
top_bottom,whip,season_to_next,starter,True,WHIP_reg,bottom20,155,1.3730598614256433,1.3388954518606024
top_bottom,whip,season_to_next,starter,True,WHIP_reg,middle,465,1.2539293402128469,1.2762018843614107
top_bottom,whip,season_to_next,starter,True,WHIP_reg,top20,155,1.132743946168158,1.1288165872672156
top_bottom,whip,season_to_next,starter,True,WSI_raw,bottom20,155,5.651951255003289,1.3806650692133984
top_bottom,whip,season_to_next,starter,True,WSI_raw,middle,465,11.853168243390874,1.2710491777198876
top_bottom,whip,season_to_next,starter,True,WSI_raw,top20,155,22.163280592282902,1.1135987736496027
top_bottom,whip,season_to_next,starter,True,WSI_reg_tuned,bottom20,155,8.387574551899736,1.3717858551898043
top_bottom,whip,season_to_next,starter,True,WSI_reg_tuned,middle,465,11.574914306969797,1.2711952615796385
top_bottom,whip,season_to_next,starter,True,WSI_reg_tuned,top20,155,15.850436024743923,1.1178952526132406
top_bottom,whip,season_to_next,starter,True,WSI_xWHIP_lgBABIP,bottom20,155,5.7217776756698795,1.3860818350898947
top_bottom,whip,season_to_next,starter,True,WSI_xWHIP_lgBABIP,middle,465,11.825359451197762,1.2706180823280688
top_bottom,whip,season_to_next,starter,True,WSI_xWHIP_lgBABIP,top20,155,21.40292583841652,1.1105856430788248
top_bottom,whip,season_to_next,starter,True,pWHIP,bottom20,155,1.4510726030222458,1.3552638433088504
top_bottom,whip,season_to_next,starter,True,pWHIP,middle,465,1.2599430418225843,1.276156150811308
top_bottom,whip,season_to_next,starter,True,pWHIP,top20,155,1.0747955633499289,1.1185605494997761
top_bottom,whip,season_to_next,starter,True,xWAI_ratio,bottom20,155,7.878190218328632,1.3741029641185647
top_bottom,whip,season_to_next,starter,True,xWAI_ratio,middle,465,11.56672253071943,1.2708835331430068
top_bottom,whip,season_to_next,starter,True,xWAI_ratio,top20,155,16.898971884312406,1.118290946083418
top_bottom,whip,season_to_next,starter,True,xWHIP_lgBABIP,bottom20,155,1.4597232632449408,1.3547851933778041
top_bottom,whip,season_to_next,starter,True,xWHIP_lgBABIP,middle,465,1.260600347743471,1.275900238679996
top_bottom,whip,season_to_next,starter,True,xWHIP_lgBABIP,top20,155,1.0711000426989428,1.1185483320826797
