target,scenario,split,exclude_2020,model,features,n,periods,weighted_rmse,rmse,weighted_mae,mae,pearson,spearman,oos_r2
kbb,season_to_next,all,False,raw_KBB_ratio,kbb_ratio,2248,9,1.2140927306610632,1.3129933994998577,0.8554916518951705,0.903261178007803,0.4550578773187562,0.47603593215144485,0.23061705348930672
kbb,season_to_next,all,False,K_pct,k_pct,2248,9,1.2953565483153027,1.4147318262156532,0.9304225634384216,1.0042777979383974,0.30936117530129986,0.32667050363100836,0.1241746968206977
kbb,season_to_next,all,False,BB_pct,bb_pct,2248,9,1.3203160766744513,1.4060591501303408,0.9361651143456808,0.9655869252600261,0.3002576720464051,0.33260068300459905,0.090097912931566
kbb,season_to_next,all,False,KBB,kbb,2248,9,1.2277811388546214,1.345609473859708,0.879435094297071,0.9480620127098148,0.41794625376481154,0.44241947328530046,0.2131702843922071
kbb,season_to_next,all,False,KBB_reg_direct,KBB_reg_direct,2248,9,1.211076508538747,1.3263407811791432,0.8612754447748642,0.922179540293196,0.43460119709998624,0.45478512183841874,0.23443512633598773
kbb,season_to_next,all,False,KBB_reg_component,KBB_reg_component,2248,9,1.1939881474722653,1.303046110098638,0.8474356287411916,0.8973243648660925,0.4621027422906911,0.48694434721999225,0.25588703831098536
kbb,season_to_next,all,False,CCR,CCR,2248,9,1.2134343267474277,1.313897219650165,0.8564387759847709,0.8928353653959831,0.4480296701280914,0.4538468434761546,0.23145130177191298
kbb,season_to_next,all,False,CCR_floor,CCR_floor,2248,9,1.2131392892246653,1.313793969097116,0.8555742898854946,0.8924453362924379,0.4480969873121657,0.45370012193831655,0.23182499012517144
kbb,season_to_next,all,False,CSS,CSS,2248,9,1.194798498628461,1.3003859643864986,0.848071051063143,0.8898829003051231,0.46470747560117465,0.4861130998168477,0.25487664733925475
whip,season_to_next,all,False,WHIP,whip,2248,9,0.18972797650163864,0.21007897915777096,0.14822950728718762,0.16380379755917146,0.26933667135800043,0.27965696267814216,0.08190853013554356
whip,season_to_next,all,False,WHIP_reg,WHIP_reg,2248,9,0.18773776547788845,0.20816723526691672,0.14717457661296837,0.16275517515991866,0.2923834133579383,0.2906630289001955,0.10106872281316892
whip,season_to_next,all,False,xWHIP_lgBABIP,xwhip_lgbabip,2248,9,0.1869242507674737,0.20736926954649681,0.14502642589598794,0.1608865544143656,0.3150018166397629,0.32678294961712423,0.10884243180820208
whip,season_to_next,all,False,pWHIP,pWHIP,2248,9,0.18660557407492526,0.20714176839174936,0.14476918490354984,0.1606796482344611,0.3157977817076301,0.3237015725671055,0.11187841098052409
whip,season_to_next,all,False,KBB,kbb,2248,9,0.17950286185238631,0.20203525278227358,0.1396122639016539,0.15702021710921954,0.37996699165332876,0.3669552599492277,0.17820034123129247
whip,season_to_next,all,False,KBB_reg_direct,KBB_reg_direct,2248,9,0.1778903833845714,0.2002021123095762,0.13833664235151674,0.1555574526245347,0.3938547200850451,0.3794214408538679,0.19289851801555957
whip,season_to_next,all,False,KBB_reg_component,KBB_reg_component,2248,9,0.1795982858863477,0.20129802359153462,0.13897222606068452,0.15581725892019638,0.3796769995167973,0.3713922235943166,0.17732636873087204
whip,season_to_next,all,False,CCR,CCR,2248,9,0.1883001128206043,0.20808553312193773,0.14719843472016114,0.162292380880013,0.2939467279986891,0.29340184347480003,0.09567536239588759
whip,season_to_next,all,False,WSI_raw,wsi_raw,2248,9,0.1808323489773216,0.20337220219261348,0.14041565831431227,0.15780760903124666,0.3686927980756294,0.3608979344446591,0.16598194962132184
whip,season_to_next,all,False,WSI_xWHIP_lgBABIP,wsi_xlgbabip,2248,9,0.1801180510445635,0.20250053701230486,0.13986266181187285,0.15718778145884707,0.37666718711364056,0.36745145452906935,0.1725577727481058
whip,season_to_next,all,False,WSI_reg_tuned,WSI_reg_tuned,2248,9,0.17988166291881885,0.20147231718712344,0.1393367144739703,0.15597005979986578,0.3772726869287217,0.36483499004095016,0.17472822889493256
whip,season_to_next,all,False,WAI,WAI,2248,9,0.18383474407686543,0.20490796199085945,0.14230991709837604,0.15867432148203234,0.3423339718914479,0.34369589714960214,0.1380573072278054
whip,season_to_next,all,False,xWAI_ratio,xWAI_ratio,2248,9,0.18030840024113404,0.20187124766792122,0.1395588960034004,0.15625373366334974,0.3749284473815532,0.3630707600763023,0.17080796269841625
whip,season_to_next,all,False,KBB_best_plus_pWHIP,KBB_reg_component+pWHIP,2248,9,0.179846135841591,0.20140805525195915,0.13923621896987567,0.15596754929552178,0.37853983513775613,0.3700030994157029,0.17505418317102395
whip,season_to_next,all,False,KBB_best_plus_pWHIP_plus_logTBF,KBB_reg_component+pWHIP+log_current_tbf,2248,9,0.17967791021054072,0.20126818589131634,0.13931225354377072,0.15606249134289776,0.3807465831358977,0.3713769857486542,0.17659674759583233
era,season_to_next,all,False,ERA,era,2248,9,1.115558995457671,1.262341840457245,0.8673115422476516,0.9796148091510154,0.19339510574095833,0.21268163420729463,0.03934792996559178
era,season_to_next,all,False,ERA_reg,ERA_reg,2248,9,1.1102512357938326,1.2572049725123917,0.8621268248477914,0.975011933807125,0.20931396396718818,0.21960513983779553,0.04846762723209097
era,season_to_next,all,False,WHIP,whip,2248,9,1.1169495818399218,1.2649118906225247,0.8622218770746244,0.9762274474567612,0.19230034978075417,0.19859536364380984,0.03695145914136866
era,season_to_next,all,False,WHIP_reg,WHIP_reg,2248,9,1.1106182507370035,1.2584159465371378,0.8552691034486846,0.9707856083084445,0.20853150402401752,0.20773742991291194,0.04783842852418141
era,season_to_next,all,False,xWHIP_lgBABIP,xwhip_lgbabip,2248,9,1.1052581993790287,1.2534504835425904,0.8489160271652121,0.9644385340372815,0.23665504255736436,0.2452453289700554,0.05700687028636742
era,season_to_next,all,False,pWHIP,pWHIP,2248,9,1.1048888600628548,1.2530824796972342,0.848139526695476,0.964242583252955,0.23522155105924525,0.24087804574351301,0.057636996795330186
era,season_to_next,all,False,KBB,kbb,2248,9,1.0742135556087304,1.2299269908313812,0.8232247317388551,0.9427620714362732,0.30214687140236185,0.29816999616196743,0.10923674255340377
era,season_to_next,all,False,KBB_reg_best,KBB_reg_direct,2248,9,1.0708896007865334,1.2252884486140692,0.8207094546848042,0.9394482706904754,0.30864534974126245,0.30586934289832307,0.11474081741478481
era,season_to_next,all,False,CCR,CCR,2248,9,1.1233601295502138,1.27202203953767,0.8682389072897055,0.9849942440680981,0.1522774706626888,0.14618774761456999,0.025865220165090963
era,season_to_next,all,False,WAI,WAI,2248,9,1.0971504671691477,1.2471172512996673,0.8403987800621108,0.9583053011299906,0.25137309327445256,0.25272654036082765,0.0707909679371983
era,season_to_next,all,False,HR9,hr9,2248,9,1.127655029446793,1.2704565067944709,0.879607163179185,0.9874554009229952,0.15179515197853638,0.1642662891780415,0.01840223628657478
era,season_to_next,all,False,HR9_reg,HR9_reg,2248,9,1.076943008276121,1.2280296886210789,0.8345702397377273,0.9471704621000899,0.30429211759547803,0.306231907262101,0.10470433843729965
era,season_to_next,all,False,EDF,EDF,2248,9,1.0630738207104582,1.2168242000657143,0.8196899337112247,0.9369549646801965,0.32824239158907415,0.3275867530880633,0.12761561290441992
era,season_to_next,all,False,EDF_z,EDF_z,2248,9,1.0787132804942507,1.228921357103059,0.8281029183257222,0.9447226107911229,0.29803637146971707,0.29907299982135155,0.10175855641750886
era,season_to_next,all,False,KBB_best_plus_pWHIP_plus_HR9_reg,KBB_reg_component+pWHIP+HR9_reg,2248,9,1.0616802476802245,1.215102177951164,0.8191638334036431,0.9365043636229808,0.33169231265737675,0.3296656775736038,0.1299013140195051
era,season_to_next,all,False,KBB_best_plus_pWHIP_plus_HR9_reg_plus_ERA_reg,KBB_reg_component+pWHIP+HR9_reg+ERA_reg,2248,9,1.0630738207104575,1.2168242000657146,0.8196899337112237,0.9369549646801965,0.32824239158907537,0.3275867530880633,0.12761561290442125
kbb,season_to_next,starter,False,raw_KBB_ratio,kbb_ratio,812,9,1.0746454042640035,1.093822392157342,0.788056186112219,0.7974265417201327,0.595952842887409,0.5804215373516668,0.3452823661084228
kbb,season_to_next,starter,False,K_pct,k_pct,812,9,1.159131596989965,1.1899404776495823,0.8625587766026358,0.8846331671979841,0.4857887786560041,0.4858383942963942,0.2382908796300487
kbb,season_to_next,starter,False,BB_pct,bb_pct,812,9,1.241534950972633,1.266737501527467,0.9133693484342641,0.9222532533365649,0.3920333427252623,0.4033101872392083,0.12614059084523832
kbb,season_to_next,starter,False,KBB,kbb,812,9,1.0762770198595448,1.1067109135351347,0.8000949889102749,0.8153924736067159,0.5818900146127715,0.584443209136402,0.34329276386608853
kbb,season_to_next,starter,False,KBB_reg_direct,KBB_reg_direct,812,9,1.080420579357893,1.116109483247113,0.7959441450869064,0.8113205624871359,0.5716452452667453,0.5822355786968891,0.3382265152174385
kbb,season_to_next,starter,False,KBB_reg_component,KBB_reg_component,812,9,1.0641804882458943,1.099364374465644,0.7857278192234975,0.7978679742998878,0.589946197202855,0.5963036095069453,0.3579715837725037
kbb,season_to_next,starter,False,CCR,CCR,812,9,1.1061180051107347,1.1353777301815227,0.8155405022690835,0.8253764498632006,0.5575183628377911,0.5363901383232476,0.30637204166376564
kbb,season_to_next,starter,False,CCR_floor,CCR_floor,812,9,1.1058857607036423,1.1352271244749288,0.8152081384372555,0.8251094301595541,0.5577020554994989,0.5364636441944016,0.30666328419222066
kbb,season_to_next,starter,False,CSS,CSS,812,9,1.0736795373454595,1.1078244783526194,0.7986297353867381,0.8096700686220334,0.5835170462596434,0.5822065753130583,0.3464587279503868
whip,season_to_next,starter,False,WHIP,whip,812,9,0.16665433053203157,0.1757573194650756,0.1319237999402145,0.13773578692485308,0.3971791793646208,0.4072726089894288,0.15323311852835653
whip,season_to_next,starter,False,WHIP_reg,WHIP_reg,812,9,0.16600757770845986,0.1749694708780319,0.13182382446115418,0.13748958927839622,0.40503644377771286,0.40651303467569866,0.1597926385928795
whip,season_to_next,starter,False,xWHIP_lgBABIP,xwhip_lgbabip,812,9,0.1627818291629946,0.17281095741131536,0.12787152292604254,0.1344121124869806,0.4348157091725849,0.44008258694985114,0.1921280941485577
whip,season_to_next,starter,False,pWHIP,pWHIP,812,9,0.16278347487346637,0.17276608836096552,0.12792089752618488,0.13442285215356428,0.4351010297021069,0.44020566070466205,0.19211175903323385
whip,season_to_next,starter,False,KBB,kbb,812,9,0.1526561438164851,0.16281206553892802,0.11983337636794211,0.12631214616125186,0.5191975977019285,0.5055302332158482,0.28950793443570244
whip,season_to_next,starter,False,KBB_reg_direct,KBB_reg_direct,812,9,0.15322379032136677,0.16323801622142514,0.12089606972403337,0.12729662679278003,0.5144424385478141,0.5051481016467767,0.2842142309318556
whip,season_to_next,starter,False,KBB_reg_component,KBB_reg_component,812,9,0.15568779867274518,0.16526467830229757,0.1220606728452524,0.12831664424453335,0.499215794905781,0.4851345854991944,0.2610078704664307
whip,season_to_next,starter,False,CCR,CCR,812,9,0.16841964555003752,0.17613762382763204,0.1345274361337674,0.13957423303934588,0.393082510252433,0.3813319370779461,0.13519905596324988
whip,season_to_next,starter,False,WSI_raw,wsi_raw,812,9,0.1534833608289484,0.1638169131185398,0.12027922749371567,0.1266387510004315,0.5132816743845017,0.5000292555124256,0.28178700666513534
whip,season_to_next,starter,False,WSI_xWHIP_lgBABIP,wsi_xlgbabip,812,9,0.1532488489680072,0.16349031559796987,0.12052099336910445,0.12694511265645572,0.5152890257997589,0.5004864506409329,0.28398008857938684
whip,season_to_next,starter,False,WSI_reg_tuned,WSI_reg_tuned,812,9,0.1557926288389926,0.16521164681760367,0.12243138798286116,0.12836176977313038,0.5003919455662557,0.4806452063708734,0.2600123557290097
whip,season_to_next,starter,False,WAI,WAI,812,9,0.15998855425277814,0.17001712823482215,0.12543096068307583,0.13188930097884669,0.4605181512186551,0.4579423908362737,0.2196157696722878
whip,season_to_next,starter,False,xWAI_ratio,xWAI_ratio,812,9,0.15610805983188045,0.16573682829714642,0.1223825899326177,0.1284640066407318,0.49640712178855323,0.47641789970260084,0.2570128385495838
whip,season_to_next,starter,False,KBB_best_plus_pWHIP,KBB_reg_component+pWHIP,812,9,0.15644498354177444,0.16561614188989238,0.12318441218177029,0.1292188507833206,0.4957525493470182,0.481055545610757,0.2538022403106618
whip,season_to_next,starter,False,KBB_best_plus_pWHIP_plus_logTBF,KBB_reg_component+pWHIP+log_current_tbf,812,9,0.15690559706095739,0.16608577398925262,0.12393570689775743,0.1298616321533708,0.4923924014262194,0.4759988415243414,0.24940178270569824
era,season_to_next,starter,False,ERA,era,812,9,0.9952048615193175,1.0832347414662449,0.779326222695648,0.8403866714289134,0.21518401148049016,0.23847832995987286,0.06130769931436286
era,season_to_next,starter,False,ERA_reg,ERA_reg,812,9,0.9934688617833386,1.0803308208015943,0.7774698979667691,0.8379519182162853,0.22306380139037743,0.23976477427322085,0.06457968555093174
era,season_to_next,starter,False,WHIP,whip,812,9,0.9892440833601924,1.0755629231097104,0.7686991535789733,0.82937956689743,0.25020435818969433,0.2713672274747978,0.0725186170849903
era,season_to_next,starter,False,WHIP_reg,WHIP_reg,812,9,0.9868319363072737,1.0719695429438052,0.7678859358040174,0.8278084055712338,0.2587838055643478,0.27047677212293975,0.0770361955687453
era,season_to_next,starter,False,xWHIP_lgBABIP,xwhip_lgbabip,812,9,0.9730369352196017,1.0611012622585954,0.7517712254554271,0.8150823671026581,0.3027152576206316,0.31304555942360185,0.1026602018527194
era,season_to_next,starter,False,pWHIP,pWHIP,812,9,0.9733252132286889,1.0612675367523519,0.751717806814839,0.8148947223105502,0.30159259604006633,0.3112172049649723,0.10212842008639411
era,season_to_next,starter,False,KBB,kbb,812,9,0.9362104886183149,1.0251209633024738,0.721344154453541,0.7849613891767552,0.38822255590955723,0.3900472925589747,0.16929794910138873
era,season_to_next,starter,False,KBB_reg_best,KBB_reg_direct,812,9,0.9370013615439321,1.0246877129176335,0.7240548088194253,0.7860900034784564,0.38603320742247504,0.3899133705763295,0.16789386900545789
era,season_to_next,starter,False,CCR,CCR,812,9,1.0019572816569968,1.0786061479928246,0.7863897211811229,0.8414552350406481,0.23687966514311382,0.22880495648957286,0.048526516120237395
era,season_to_next,starter,False,WAI,WAI,812,9,0.9654089444708045,1.0530753595898137,0.7441246429386236,0.8071958087207544,0.32144599124235257,0.3261597042729354,0.11667420194223177
era,season_to_next,starter,False,HR9,hr9,812,9,1.0243648125279565,1.1052552242387839,0.8085154202810013,0.8647682372809442,0.08777514025436617,0.11390745341292606,0.005493601558724359
era,season_to_next,starter,False,HR9_reg,HR9_reg,812,9,0.9645843073144297,1.0557039230365002,0.752947151597715,0.8144791050314047,0.30518440108692824,0.3298188450789172,0.11818260348454879
era,season_to_next,starter,False,EDF,EDF,812,9,0.9390671583331157,1.023975388508221,0.7311463829019734,0.7898951537982897,0.3852506756313597,0.3906934240995107,0.16422075361209454
era,season_to_next,starter,False,EDF_z,EDF_z,812,9,0.9524176597230081,1.0425061832749765,0.7365681218618843,0.8000845395779883,0.3434432391575099,0.3530673650602996,0.14028766691019212
era,season_to_next,starter,False,KBB_best_plus_pWHIP_plus_HR9_reg,KBB_reg_component+pWHIP+HR9_reg,812,9,0.935708183944585,1.020976642861611,0.7283431715342239,0.7876422906449506,0.3907309458561084,0.3947210688915459,0.17018910251198416
era,season_to_next,starter,False,KBB_best_plus_pWHIP_plus_HR9_reg_plus_ERA_reg,KBB_reg_component+pWHIP+HR9_reg+ERA_reg,812,9,0.9390671583331154,1.0239753885082212,0.7311463829019728,0.7898951537982898,0.3852506756313591,0.3906934240995107,0.16422075361209498
kbb,season_to_next,reliever,False,raw_KBB_ratio,kbb_ratio,1520,9,1.4334543049254318,1.5428603002412828,0.9449656310366787,0.9934523677900791,0.34388741692280705,0.37838142553546333,0.1224216868656115
kbb,season_to_next,reliever,False,K_pct,k_pct,1520,9,1.504039526536224,1.6166197460317493,0.9833062987748136,1.0487777088689259,0.18844857009312357,0.23620243703179686,0.03386753626379657
kbb,season_to_next,reliever,False,BB_pct,bb_pct,1520,9,1.4826865470083066,1.5893156953610248,0.9650453277378814,1.0156275091642235,0.24355895972116764,0.2709063966597827,0.06110533790521777
kbb,season_to_next,reliever,False,KBB,kbb,1520,9,1.4619325729772994,1.5734933503013477,0.9577202550139178,1.0167865063983161,0.2873244797182762,0.3430977681014422,0.08720582260876486
kbb,season_to_next,reliever,False,KBB_reg_direct,KBB_reg_direct,1520,9,1.4617762264937033,1.5718963319618955,0.9544303805178281,1.013807051618652,0.28988080286609147,0.3460566507893247,0.0874010498461063
kbb,season_to_next,reliever,False,KBB_reg_component,KBB_reg_component,1520,9,1.4426964791474424,1.5509205836191418,0.9428799288130036,0.9965850979488622,0.32660002023650786,0.3816921177288635,0.11106886097741886
kbb,season_to_next,reliever,False,CCR,CCR,1520,9,1.4415527876667558,1.5461757807906258,0.9442242118592211,0.9908912993927642,0.33311445816316,0.3534137443127789,0.11247769507064542
kbb,season_to_next,reliever,False,CCR_floor,CCR_floor,1520,9,1.4416638406445939,1.5462303954360346,0.9443498895799066,0.9909334604056986,0.33313603169970485,0.3534344706827777,0.11234094559859498
kbb,season_to_next,reliever,False,CSS,CSS,1520,9,1.4368434303014188,1.5439746666885148,0.9401453767538924,0.9894407907666776,0.3371112594656198,0.3805469255601864,0.11826705297518525
whip,season_to_next,reliever,False,WHIP,whip,1520,9,0.2252787608585921,0.24908254169058885,0.17494496107642238,0.1922657057961298,0.20624777517027978,0.20569161814746592,0.04325537222852682
whip,season_to_next,reliever,False,WHIP_reg,WHIP_reg,1520,9,0.22501170731872389,0.2483624271880707,0.17472113212345897,0.1917705858023944,0.2193596621471937,0.2051822818644156,0.04552234669138966
whip,season_to_next,reliever,False,xWHIP_lgBABIP,xwhip_lgbabip,1520,9,0.2226252378660119,0.2467282721683886,0.172206464943975,0.19004798115656268,0.24705635997870956,0.25496421133536895,0.06566132054251461
whip,season_to_next,reliever,False,pWHIP,pWHIP,1520,9,0.222757584671116,0.24670872313020595,0.17230050332615368,0.19003256919209885,0.24720993083172174,0.254366898174029,0.06455009437444881
whip,season_to_next,reliever,False,KBB,kbb,1520,9,0.21904972202965786,0.2439251722706581,0.16989365373306334,0.18824133156119505,0.29283064701171335,0.2799052979949613,0.09543256708308945
whip,season_to_next,reliever,False,KBB_reg_direct,KBB_reg_direct,1520,9,0.2189443172461276,0.24374574350017436,0.16963104343432467,0.1879996875952296,0.2958563296565149,0.28093639911502133,0.09630289728767483
whip,season_to_next,reliever,False,KBB_reg_component,KBB_reg_component,1520,9,0.21995787002730174,0.24439214161010953,0.16983994447919634,0.18812151766319946,0.2827721694765946,0.2751568378463833,0.08791661166116949
whip,season_to_next,reliever,False,CCR,CCR,1520,9,0.2248247782263557,0.24839128376682376,0.1735835844377004,0.19124289256525487,0.21825593886123337,0.21796784816741974,0.047107557809876965
whip,season_to_next,reliever,False,WSI_raw,wsi_raw,1520,9,0.21999139582774496,0.24434041930250888,0.17031748598920446,0.1885012875508282,0.2846620502560986,0.27842408249135286,0.08763855244898444
whip,season_to_next,reliever,False,WSI_xWHIP_lgBABIP,wsi_xlgbabip,1520,9,0.2194032778120866,0.24383596658147805,0.17012414781397484,0.18827070260824116,0.2916544413994416,0.2841150163855661,0.09251018817076728
whip,season_to_next,reliever,False,WSI_reg_tuned,WSI_reg_tuned,1520,9,0.2201721055068997,0.24424130179544482,0.170075820539393,0.18809826766330368,0.2841924267779021,0.2731867262842382,0.08613903688592284
whip,season_to_next,reliever,False,WAI,WAI,1520,9,0.22156973294358834,0.24568459030352172,0.17114080874686755,0.1891023626791775,0.2632088188434279,0.26536856269585457,0.07450004174277103
whip,season_to_next,reliever,False,xWAI_ratio,xWAI_ratio,1520,9,0.22039774246542454,0.24450109321652694,0.1704178692196723,0.18844301331096774,0.2805331666463744,0.2739787124819572,0.08426498960642981
whip,season_to_next,reliever,False,KBB_best_plus_pWHIP,KBB_reg_component+pWHIP,1520,9,0.2201382502080828,0.2445074014775969,0.17000914216834137,0.18823840085433305,0.2810130966154461,0.2728562321485279,0.08642005938152075
whip,season_to_next,reliever,False,KBB_best_plus_pWHIP_plus_logTBF,KBB_reg_component+pWHIP+log_current_tbf,1520,9,0.22096164560926315,0.24552904502539147,0.1703296518252349,0.18876878715120837,0.2673703827249523,0.2592891418803509,0.07957304993153458
era,season_to_next,reliever,False,ERA,era,1520,9,1.3209566148421392,1.5008396004596263,1.0159446525762152,1.14290763189909,0.09209676196947014,0.0903782015302147,0.006195444558189878
era,season_to_next,reliever,False,ERA_reg,ERA_reg,1520,9,1.3184379691605232,1.4962211996745063,1.0139452607223982,1.1395993135194535,0.11665375803413919,0.10144308781203222,0.009981572384489601
era,season_to_next,reliever,False,WHIP,whip,1520,9,1.3149083006686044,1.4964158536299,1.0067078684896613,1.1347552737520354,0.1273178507143763,0.12700458133589937,0.01527535085555587
era,season_to_next,reliever,False,WHIP_reg,WHIP_reg,1520,9,1.3141496030274644,1.4933827040643355,1.0040405507638102,1.1314678234489453,0.14299435726845558,0.13216477067541715,0.016411388598457033
era,season_to_next,reliever,False,xWHIP_lgBABIP,xwhip_lgbabip,1520,9,1.3061752047625086,1.4887557676201975,0.997327863072329,1.1271889372353394,0.16216095425619262,0.17078923103005597,0.028312209666403687
era,season_to_next,reliever,False,pWHIP,pWHIP,1520,9,1.3065841518199468,1.4886272896863904,0.9978792729536585,1.1274509785597107,0.1625880470141759,0.1703979153834873,0.027703667922911124
era,season_to_next,reliever,False,KBB,kbb,1520,9,1.2928453272610247,1.4774748236725719,0.9881806040646657,1.1186278434363195,0.21178445407349053,0.20270835720826466,0.04804369340611925
era,season_to_next,reliever,False,KBB_reg_best,KBB_reg_direct,1520,9,1.2927402976092806,1.4776850077279446,0.9878354325309641,1.1183975012565281,0.21202040098896677,0.20324700241904167,0.04819835936028438
era,season_to_next,reliever,False,CCR,CCR,1520,9,1.3230423506468274,1.5032779255127202,1.0152132491867754,1.1417060500922602,0.08615633618020445,0.0830200088331687,0.0030546143986213137
era,season_to_next,reliever,False,WAI,WAI,1520,9,1.3043247141569758,1.4869505504037175,0.9953795574496589,1.1254434901545898,0.1704076975762514,0.17517872109962368,0.03106348746634391
era,season_to_next,reliever,False,HR9,hr9,1520,9,1.326729692539215,1.5079364259016503,1.019475764383593,1.1459785232208228,0.026341456841790168,0.024280698114846195,-0.0025101373722935527
era,season_to_next,reliever,False,HR9_reg,HR9_reg,1520,9,1.2952215010739583,1.4801018632841854,0.990832855811934,1.1213057690382948,0.2044878276163548,0.19933101010984258,0.04454119806009704
era,season_to_next,reliever,False,EDF,EDF,1520,9,1.2924415633281352,1.475831194622885,0.9894563931254934,1.1190363811012471,0.21437840893964086,0.20355079947928306,0.04863820474363911
era,season_to_next,reliever,False,EDF_z,EDF_z,1520,9,1.2943211504518397,1.4767596845201012,0.988634449067333,1.1187813373732718,0.207797537829713,0.2037980966436333,0.04586907739634283
era,season_to_next,reliever,False,KBB_best_plus_pWHIP_plus_HR9_reg,KBB_reg_component+pWHIP+HR9_reg,1520,9,1.2906579323941483,1.474826958302334,0.9877240709532613,1.1181355150271115,0.2178578757494073,0.20981279976478243,0.05126224205267971
era,season_to_next,reliever,False,KBB_best_plus_pWHIP_plus_HR9_reg_plus_ERA_reg,KBB_reg_component+pWHIP+HR9_reg+ERA_reg,1520,9,1.292441563328135,1.4758311946228857,0.9894563931254926,1.1190363811012474,0.21437840893964047,0.20355079947928306,0.048638204743639446
kbb,season_to_next,all,True,raw_KBB_ratio,kbb_ratio,2032,7,1.1776284234436665,1.2790288820628781,0.8322357871446857,0.8816307104800887,0.4701958518211096,0.48156276759873606,0.25132285364397555
kbb,season_to_next,all,True,K_pct,k_pct,2032,7,1.2762495891786225,1.3923600138276095,0.9160027555756081,0.9891281321323526,0.3099398393016631,0.32605938593380424,0.12067534915048983
kbb,season_to_next,all,True,BB_pct,bb_pct,2032,7,1.2906840552126497,1.3773844615664335,0.9153809286136335,0.9451481808478971,0.3091262058005261,0.335793697142015,0.10067242985079539
kbb,season_to_next,all,True,KBB,kbb,2032,7,1.2038571993974854,1.3196661941696075,0.8610439355255394,0.9303884120814485,0.4238159744654476,0.4458578888948111,0.217601577235771
kbb,season_to_next,all,True,KBB_reg_direct,KBB_reg_direct,2032,7,1.182148019290247,1.2941170900596162,0.8401898334652891,0.8985885149394482,0.4461330681459544,0.46100137139232605,0.24556516097179415
kbb,season_to_next,all,True,KBB_reg_component,KBB_reg_component,2032,7,1.1608886427402683,1.2679692556853306,0.8250560723017215,0.8726054654420178,0.47661942502130494,0.49492509752229086,0.27245620267011683
kbb,season_to_next,all,True,CCR,CCR,2032,7,1.1812938934468333,1.2835451279284116,0.8347519736476812,0.8715835503870885,0.4571395262838022,0.45499263050161304,0.2466549559772543
kbb,season_to_next,all,True,CCR_floor,CCR_floor,2032,7,1.1809610847669763,1.2834282000799593,0.833802662222971,0.871152061496946,0.45724154978376697,0.45480892675339496,0.24707937948953418
kbb,season_to_next,all,True,CSS,CSS,2032,7,1.1622643279292468,1.2680292719882198,0.8265349763893836,0.8676142191344663,0.4759847842236278,0.4900541845895433,0.2707308618932176
whip,season_to_next,all,True,WHIP,whip,2032,7,0.1880117343100668,0.2088383109831774,0.14698791770335512,0.16258307419637547,0.27282640941583797,0.28053153012123017,0.08573811492109684
whip,season_to_next,all,True,WHIP_reg,WHIP_reg,2032,7,0.1860388832726884,0.20690870758203792,0.145841391153425,0.16147894430267373,0.29480883878958675,0.29229097610659965,0.10482457438240744
whip,season_to_next,all,True,xWHIP_lgBABIP,xwhip_lgbabip,2032,7,0.1850726793016798,0.2059693663677835,0.14366015076238137,0.15956598746908052,0.3206223847599266,0.32876747840981724,0.11409872206409288
whip,season_to_next,all,True,pWHIP,pWHIP,2032,7,0.1847889961689797,0.20575695816590844,0.1434125018315337,0.15935411411582526,0.3210126998720997,0.3258914260148951,0.11681249527141402
whip,season_to_next,all,True,KBB,kbb,2032,7,0.17788452058791113,0.20049567887286485,0.13836870181200833,0.15569993189269596,0.38541097461893664,0.37109515485575545,0.1815785205664323
whip,season_to_next,all,True,KBB_reg_direct,KBB_reg_direct,2032,7,0.17584167763441763,0.19813876180983298,0.13684064231183235,0.1539246685534316,0.40356174948726514,0.386311772889516,0.20026824555073164
whip,season_to_next,all,True,KBB_reg_component,KBB_reg_component,2032,7,0.17768043264267924,0.19957891711329298,0.1374897868239467,0.15440679464496948,0.3860661254651259,0.3754795596866666,0.18345540271782212
whip,season_to_next,all,True,CCR,CCR,2032,7,0.18686638772368996,0.2071300620574425,0.14597196607492313,0.16124652671946477,0.29255613920603896,0.29298421616578785,0.096843349200468
whip,season_to_next,all,True,WSI_raw,wsi_raw,2032,7,0.17924177028966695,0.20201284912970113,0.1392495349783522,0.15657848098553287,0.37306767528889084,0.3638347140860945,0.16904184804090483
whip,season_to_next,all,True,WSI_xWHIP_lgBABIP,wsi_xlgbabip,2032,7,0.1785454818311819,0.20108438920354718,0.13863236632613704,0.15588953082129312,0.38127183928726827,0.37111177574062554,0.1754852431443712
whip,season_to_next,all,True,WSI_reg_tuned,WSI_reg_tuned,2032,7,0.1780315058620532,0.19993887437467456,0.1379142603965952,0.15464039019659212,0.3819021328359095,0.3677133813123365,0.18022544492909787
whip,season_to_next,all,True,WAI,WAI,2032,7,0.1820430212754741,0.2035156224038341,0.14098707278133263,0.15739606023847602,0.3467230933133469,0.34603841703759775,0.14286590083372463
whip,season_to_next,all,True,xWAI_ratio,xWAI_ratio,2032,7,0.17849105223127676,0.20033643253915473,0.1381548337104738,0.15490056643374361,0.3797967157932334,0.36595208928313366,0.1759878732567628
whip,season_to_next,all,True,KBB_best_plus_pWHIP,KBB_reg_component+pWHIP,2032,7,0.1779576419682407,0.19968009200089157,0.1377474288084664,0.15455648404694255,0.3850117228235172,0.37454018386664933,0.18090554005235726
whip,season_to_next,all,True,KBB_best_plus_pWHIP_plus_logTBF,KBB_reg_component+pWHIP+log_current_tbf,2032,7,0.17766615411678968,0.19937939575194913,0.13776429113545446,0.1545371803438032,0.3888913050108123,0.3763318271314788,0.18358663365342887
era,season_to_next,all,True,ERA,era,2032,7,1.1037073976992777,1.2433095881230651,0.8567006434506109,0.96537512388081,0.19785193278200902,0.21514618404430483,0.04129309411804816
era,season_to_next,all,True,ERA_reg,ERA_reg,2032,7,1.0986073316053304,1.2383038288581705,0.8513617042087419,0.9606797392891133,0.21265135335015095,0.2220599464431349,0.050132704770211034
era,season_to_next,all,True,WHIP,whip,2032,7,1.104600067150557,1.2463452505592039,0.8507118246454735,0.9620868826679694,0.19666058845601592,0.20095436412007645,0.039741678489640275
era,season_to_next,all,True,WHIP_reg,WHIP_reg,2032,7,1.0989603725819692,1.2400373173753252,0.8441334171702068,0.9569528685958343,0.21056993273232052,0.210070567821689,0.0495221208981389
era,season_to_next,all,True,xWHIP_lgBABIP,xwhip_lgbabip,2032,7,1.0925918606150002,1.234787741321854,0.8371335579536635,0.9502691283162372,0.24178904672717852,0.24745571861242308,0.060506303501478564
era,season_to_next,all,True,pWHIP,pWHIP,2032,7,1.092367660351954,1.234313147683568,0.8364668866475534,0.9499082509778543,0.2403050809850787,0.2436778909468058,0.060891832865761386
era,season_to_next,all,True,KBB,kbb,2032,7,1.0611769355317469,1.2091387234587263,0.8121991332507154,0.928626293303089,0.309440620050229,0.3049441384563837,0.11375549986643341
era,season_to_next,all,True,KBB_reg_best,KBB_reg_direct,2032,7,1.0578304662858349,1.2033263812178654,0.8102427695240713,0.9249736237058978,0.31747174344277573,0.3128914761710708,0.11933631017019009
era,season_to_next,all,True,CCR,CCR,2032,7,1.113432517805059,1.2557064188735505,0.8587892100955179,0.9735602117285362,0.14618913104122558,0.14288155515630385,0.024323712239786466
era,season_to_next,all,True,WAI,WAI,2032,7,1.0850920525053493,1.2285269419071023,0.8291976215512882,0.9445252369649468,0.2549584295024058,0.25429126891709514,0.0733598491254337
era,season_to_next,all,True,HR9,hr9,2032,7,1.1166995682680343,1.2525471512548003,0.8700187276016333,0.9748146229763835,0.15082730506814546,0.16338896498759697,0.01858962392352892
era,season_to_next,all,True,HR9_reg,HR9_reg,2032,7,1.0672111916979616,1.2104109974027444,0.8258855556846698,0.9339021288248189,0.30461206135318897,0.3073735695264027,0.10364779577170735
era,season_to_next,all,True,EDF,EDF,2032,7,1.0519511594614082,1.1968984224008206,0.8105599482540169,0.9235397830434363,0.33256800082303273,0.33085446979721206,0.12909837258232804
era,season_to_next,all,True,EDF_z,EDF_z,2032,7,1.0667828194685012,1.2097516270020285,0.8174781027366366,0.930550867877208,0.3019145849060362,0.3022420975562667,0.10436723224871447
era,season_to_next,all,True,KBB_best_plus_pWHIP_plus_HR9_reg,KBB_reg_component+pWHIP+HR9_reg,2032,7,1.0503937968863086,1.1949598162427928,0.8100267660427842,0.9231261674204255,0.33636935565007087,0.3330778672863561,0.1316751188765155
era,season_to_next,all,True,KBB_best_plus_pWHIP_plus_HR9_reg_plus_ERA_reg,KBB_reg_component+pWHIP+HR9_reg+ERA_reg,2032,7,1.051951159461407,1.196898422400821,0.8105599482540152,0.9235397830434359,0.33256800082303317,0.33085446979721206,0.12909837258232992
kbb,season_to_next,starter,True,raw_KBB_ratio,kbb_ratio,775,7,1.0462592971724887,1.039879869753745,0.7746102888410574,0.7728500711492418,0.6167388255691458,0.5799029315222157,0.36324793146818224
kbb,season_to_next,starter,True,K_pct,k_pct,775,7,1.1394673701436657,1.145924338244233,0.8554250931400845,0.8665879960197889,0.49888843502427377,0.4796762717439111,0.24474172820378726
kbb,season_to_next,starter,True,BB_pct,bb_pct,775,7,1.2233473745013548,1.2260165234277232,0.902313815539281,0.8992879853466292,0.39672175468470416,0.40516936218003874,0.12945486554649843
kbb,season_to_next,starter,True,KBB,kbb,775,7,1.0544231976618847,1.0588947340359258,0.7906758680967299,0.7940182166701362,0.5977978001988334,0.580567859692838,0.3532720834760664
kbb,season_to_next,starter,True,KBB_reg_direct,KBB_reg_direct,775,7,1.0589411153490547,1.069251843829653,0.786663495870281,0.7902297891315178,0.5864193114329136,0.5786739044307269,0.3477181025014242
kbb,season_to_next,starter,True,KBB_reg_component,KBB_reg_component,775,7,1.0426944122956998,1.0530895989078772,0.7758683202646187,0.7764875842346426,0.6036625149412964,0.5926993228277471,0.3675797078571523
kbb,season_to_next,starter,True,CCR,CCR,775,7,1.0852729851845493,1.0914141384106448,0.804240238405576,0.8028197469555356,0.5681789725005942,0.5358561098255482,0.3148751984677127
kbb,season_to_next,starter,True,CCR_floor,CCR_floor,775,7,1.08503026346138,1.0912499848124138,0.8038994289006949,0.802539979214425,0.5683728369940927,0.5359501411840977,0.3151816210521683
kbb,season_to_next,starter,True,CSS,CSS,775,7,1.0529516007472528,1.0639185906810464,0.7880411975885439,0.7880518548360479,0.5946950891248431,0.5802310869300112,0.35507602458184906
whip,season_to_next,starter,True,WHIP,whip,775,7,0.16571412117695694,0.17380129062774305,0.1312373895773905,0.1360553983903512,0.39664157144011775,0.40541600241095693,0.15479386540865536
whip,season_to_next,starter,True,WHIP_reg,WHIP_reg,775,7,0.1651125122687383,0.17301802263121785,0.13122899257790735,0.13590312045458283,0.4042862069917288,0.4042292926689331,0.16091960214573398
whip,season_to_next,starter,True,xWHIP_lgBABIP,xwhip_lgbabip,775,7,0.16146920849545654,0.17038726865654122,0.12693118004630186,0.13250700388371695,0.4398775098575792,0.4437963726017366,0.1975406579542459
whip,season_to_next,starter,True,pWHIP,pWHIP,775,7,0.16148457120905868,0.17036239317950577,0.12698568380407702,0.13252421097743236,0.43995931855939663,0.44274074735375224,0.19738795342778948
whip,season_to_next,starter,True,KBB,kbb,775,7,0.1510779866456356,0.1597284028239531,0.11880137859497353,0.12411265000191872,0.5305254953928653,0.5140355002842694,0.2975005612595496
whip,season_to_next,starter,True,KBB_reg_direct,KBB_reg_direct,775,7,0.15168620467319083,0.16016867510402116,0.1199836545529717,0.12525152448839633,0.5257844267244605,0.513315771030439,0.2918328541150019
whip,season_to_next,starter,True,KBB_reg_component,KBB_reg_component,775,7,0.15418128453153682,0.16230026842287332,0.12106443817871487,0.12621251856761298,0.509131009356458,0.4927489311047345,0.26834402474998886
whip,season_to_next,starter,True,CCR,CCR,775,7,0.16702423011770043,0.1733735383828925,0.13340896108933675,0.13722267446822256,0.40136432607204287,0.387972659955771,0.14137691312105038
whip,season_to_next,starter,True,WSI_raw,wsi_raw,775,7,0.15206624775844715,0.1611128561947127,0.11938494216341342,0.12475930715502993,0.5211749729780715,0.5056535295529917,0.2882798457278798
whip,season_to_next,starter,True,WSI_xWHIP_lgBABIP,wsi_xlgbabip,775,7,0.151648828537757,0.16041586018660683,0.11951576061600064,0.12484936700571779,0.5261751479158365,0.5075296438301738,0.2921818020002602
whip,season_to_next,starter,True,WSI_reg_tuned,WSI_reg_tuned,775,7,0.154419172527912,0.16248942132626085,0.12154460619791245,0.12647258793062718,0.50800333619242,0.4860312045690584,0.2660845229171648
whip,season_to_next,starter,True,WAI,WAI,775,7,0.15865826776533803,0.1675186917596381,0.12454632436981265,0.13004867322108826,0.46625615785469604,0.4616207858871181,0.22523673405314437
whip,season_to_next,starter,True,xWAI_ratio,xWAI_ratio,775,7,0.1545811174885164,0.16278895900353005,0.12141271087780013,0.12647049069150454,0.505978718986976,0.48276936947175614,0.2645443484133001
whip,season_to_next,starter,True,KBB_best_plus_pWHIP,KBB_reg_component+pWHIP,775,7,0.15497449858308712,0.16253471459805605,0.12231213437022233,0.12712937876423683,0.5067225516607838,0.48991841538869696,0.2607963812568488
whip,season_to_next,starter,True,KBB_best_plus_pWHIP_plus_logTBF,KBB_reg_component+pWHIP+log_current_tbf,775,7,0.15542809348397796,0.16302194649187277,0.1230969389047354,0.12785470615217218,0.5030150862082214,0.4844778902220959,0.25646289815341616
era,season_to_next,starter,True,ERA,era,775,7,0.990254702966826,1.0751405220762735,0.7746124774169927,0.8311658742299748,0.21065526802225099,0.23247938585036612,0.06143053006184129
era,season_to_next,starter,True,ERA_reg,ERA_reg,775,7,0.9886571490499072,1.0722866585111093,0.7728930953381271,0.8287764253787948,0.21821863110819897,0.23428876666987467,0.06445643005161084
era,season_to_next,starter,True,WHIP,whip,775,7,0.9845797475331916,1.0683460646881289,0.7643221157499326,0.8210369468054365,0.24513125142561273,0.2643714683571747,0.07215722046340856
era,season_to_next,starter,True,WHIP_reg,WHIP_reg,775,7,0.982438399730428,1.0649449007717673,0.7637464823071236,0.8198111906681882,0.2528940802983322,0.26209159009317273,0.07618873448617047
era,season_to_next,starter,True,xWHIP_lgBABIP,xwhip_lgbabip,775,7,0.9670150528602476,1.0523695702154259,0.7456965852421633,0.8049896323033779,0.3030516782166905,0.310739307556962,0.10496696532164473
era,season_to_next,starter,True,pWHIP,pWHIP,775,7,0.9672541562932966,1.0525022091013212,0.745557643501704,0.8047180838303793,0.302099662547747,0.3088611054304746,0.10452430017787306
era,season_to_next,starter,True,KBB,kbb,775,7,0.9297970380758898,1.0146567102406885,0.7162798261288258,0.7755794742113302,0.3935806278328959,0.3916867488523385,0.17253637260562704
era,season_to_next,starter,True,KBB_reg_best,KBB_reg_direct,775,7,0.9307138062416009,1.0141271191771832,0.7191769285024684,0.7766022606295091,0.39131222727473486,0.39184570616967573,0.17090383074534987
era,season_to_next,starter,True,CCR,CCR,775,7,0.9963778579228989,1.0695045131534795,0.7816711243775253,0.8324842609452952,0.23601571465297633,0.22917512682251354,0.04978751671531323
era,season_to_next,starter,True,WAI,WAI,775,7,0.9594217868722964,1.0442000350456064,0.7382627935557706,0.7973487165190338,0.3221784572410445,0.3248729229248149,0.11896786629683909
era,season_to_next,starter,True,HR9,hr9,775,7,1.0188172177052461,1.095415447859395,0.8035965193820733,0.8544087176466163,0.08976602731610148,0.12109838744217263,0.0065062312368074915
era,season_to_next,starter,True,HR9_reg,HR9_reg,775,7,0.9596719389703622,1.0475456497488993,0.749072422710064,0.8059753373452443,0.3036432153732893,0.3266280658955596,0.11850837961148508
era,season_to_next,starter,True,EDF,EDF,775,7,0.9333955540012926,1.013646149280198,0.727097112045412,0.7809808607367467,0.3886617729078985,0.3911435845322548,0.1661190514557832
era,season_to_next,starter,True,EDF_z,EDF_z,775,7,0.9466415931698537,1.033678703943123,0.7312694155749653,0.7905503866535541,0.34364508352293455,0.34979203460270153,0.14228350783887944
era,season_to_next,starter,True,KBB_best_plus_pWHIP_plus_HR9_reg,KBB_reg_component+pWHIP+HR9_reg,775,7,0.929980779050876,1.0105578780330162,0.7243113169213784,0.7786469860951933,0.3943009658269503,0.39586289735456465,0.1722093033852351
era,season_to_next,starter,True,KBB_best_plus_pWHIP_plus_HR9_reg_plus_ERA_reg,KBB_reg_component+pWHIP+HR9_reg+ERA_reg,775,7,0.9333955540012949,1.0136461492802005,0.7270971120454136,0.7809808607367479,0.3886617729078939,0.3911435845322548,0.16611905145577888
kbb,season_to_next,reliever,True,raw_KBB_ratio,kbb_ratio,1362,7,1.4094248593793777,1.5169971134671696,0.9329794405440585,0.9754906799096947,0.32877736407603214,0.3893063389460444,0.1081133652561791
kbb,season_to_next,reliever,True,K_pct,k_pct,1362,7,1.4711464216953494,1.5857641850853843,0.9712930176197415,1.0321995380188769,0.17426731035604368,0.2282560488080087,0.028287922076917993
kbb,season_to_next,reliever,True,BB_pct,bb_pct,1362,7,1.4440370444656214,1.548126606236363,0.9491871306305254,0.990432279718238,0.2522648800082057,0.2945558167168069,0.06377017884251379
kbb,season_to_next,reliever,True,KBB,kbb,1362,7,1.4299262783717726,1.5430930112041523,0.9433424248944426,0.9979755701696921,0.2770818429639883,0.345508687887524,0.08197798476582141
kbb,season_to_next,reliever,True,KBB_reg_direct,KBB_reg_direct,1362,7,1.42666743442988,1.5394392123265277,0.9417676272781589,0.9965240221040237,0.28383184032641334,0.3482358669295196,0.08615761479693007
kbb,season_to_next,reliever,True,KBB_reg_component,KBB_reg_component,1362,7,1.404486328800952,1.5140695259172698,0.9295659509942787,0.9750130658654145,0.3285075491571285,0.3929399399832569,0.11435263748171431
kbb,season_to_next,reliever,True,CCR,CCR,1362,7,1.40375891500905,1.5078739844898061,0.9311623213018821,0.9691891505990964,0.3363616537681344,0.36957892075557064,0.11526979169274743
kbb,season_to_next,reliever,True,CCR_floor,CCR_floor,1362,7,1.40375891500905,1.5078739844898061,0.9311623213018821,0.9691891505990964,0.3363616537681344,0.36957892075557064,0.11526979169274743
kbb,season_to_next,reliever,True,CSS,CSS,1362,7,1.3991035017958502,1.5063568060801489,0.9268718903929499,0.9673899876081409,0.33971066444272685,0.39374185673054896,0.12112828335818682
whip,season_to_next,reliever,True,WHIP,whip,1362,7,0.22283144430100227,0.24509260698349702,0.1729857206412139,0.18893308701461298,0.21672670971199695,0.21682740337943107,0.045568395718881716
whip,season_to_next,reliever,True,WHIP_reg,WHIP_reg,1362,7,0.2225934157457196,0.24451621238788876,0.17281271494388095,0.18854758632591367,0.22711553691456482,0.21496252254732953,0.04760635439835592
whip,season_to_next,reliever,True,xWHIP_lgBABIP,xwhip_lgbabip,1362,7,0.22026922878074495,0.2425925604495676,0.17033894843167727,0.1866263178525907,0.2586323789551121,0.2679722522869972,0.06739116839143
whip,season_to_next,reliever,True,pWHIP,pWHIP,1362,7,0.2204201402399207,0.24267062643749532,0.1704841812842529,0.1867213151384931,0.2574875790098791,0.26575743217657616,0.06611282758140347
whip,season_to_next,reliever,True,KBB,kbb,1362,7,0.21705802055518056,0.24054796390491137,0.1681577952129572,0.18532548460731174,0.29344827352548997,0.2798124206426478,0.09438514501924866
whip,season_to_next,reliever,True,KBB_reg_direct,KBB_reg_direct,1362,7,0.21681886652268023,0.24028596990487688,0.16791308310284853,0.18516782323063494,0.29782646027672577,0.280517188301729,0.09637965440836194
whip,season_to_next,reliever,True,KBB_reg_component,KBB_reg_component,1362,7,0.21778738871369677,0.24059194177804355,0.16827436937486254,0.18515005548648558,0.288206465396303,0.28150680943679196,0.08828874366882489
whip,season_to_next,reliever,True,CCR,CCR,1362,7,0.22239124984081532,0.24430552461559052,0.1715763051612117,0.18771504564344896,0.2281370999933008,0.23073226376343925,0.04933555278096313
whip,season_to_next,reliever,True,WSI_raw,wsi_raw,1362,7,0.2179642475324738,0.24085652717474443,0.16850150837257882,0.18547746370970208,0.2866681147864929,0.28115286724605243,0.08680739392060177
whip,season_to_next,reliever,True,WSI_xWHIP_lgBABIP,wsi_xlgbabip,1362,7,0.21738593238746293,0.24031471187155617,0.16830671708969558,0.18516530371939366,0.29421556288504086,0.28766040762835604,0.09164683442971666
whip,season_to_next,reliever,True,WSI_reg_tuned,WSI_reg_tuned,1362,7,0.21799536821157267,0.24047024449988205,0.16844342679264065,0.18510099146779785,0.2896572589850757,0.2796361478074067,0.08654660617032472
whip,season_to_next,reliever,True,WAI,WAI,1362,7,0.2193088953779373,0.24171270533449898,0.16936794465223923,0.18584365356218105,0.2720944815416023,0.2755059183170145,0.0755054479782592
whip,season_to_next,reliever,True,xWAI_ratio,xWAI_ratio,1362,7,0.21826777430031022,0.24069907531300735,0.16868683712147023,0.18528890785928245,0.28668721123384727,0.28341339417943484,0.08426228483888365
whip,season_to_next,reliever,True,KBB_best_plus_pWHIP,KBB_reg_component+pWHIP,1362,7,0.2179498919971434,0.2406351475464853,0.16839345029569555,0.18516488633037773,0.28760346969170225,0.28047979595973827,0.08692767912484578
whip,season_to_next,reliever,True,KBB_best_plus_pWHIP_plus_logTBF,KBB_reg_component+pWHIP+log_current_tbf,1362,7,0.21862615426281334,0.24161858364895206,0.1685867592594686,0.18564941715415598,0.2741435178780473,0.26727444337783174,0.0812526653500133
era,season_to_next,reliever,True,ERA,era,1362,7,1.2902847135134827,1.4555941158428105,0.9935379816731194,1.1078995496785025,0.09623646565336057,0.097171330625464,0.006216810499299563
era,season_to_next,reliever,True,ERA_reg,ERA_reg,1362,7,1.288834741315484,1.452462204029374,0.9918398180222341,1.1047147488502416,0.11387910153623348,0.10511851682415016,0.008449105951645941
era,season_to_next,reliever,True,WHIP,whip,1362,7,1.2833829798798841,1.450603779042177,0.9838644486410082,1.0996941503112798,0.1345073090417799,0.1316326427336472,0.01681987020779674
era,season_to_next,reliever,True,WHIP_reg,WHIP_reg,1362,7,1.2836037406975345,1.4491852686915874,0.9811495535847241,1.0964257867485345,0.14391878713210932,0.13539318391757474,0.016481598124633234
era,season_to_next,reliever,True,xWHIP_lgBABIP,xwhip_lgbabip,1362,7,1.2757712088098616,1.4432262433088745,0.975902906370489,1.0926526388079711,0.16823388923415225,0.17574307909271,0.02844780835384242
era,season_to_next,reliever,True,pWHIP,pWHIP,1362,7,1.2763194112691794,1.4435948481729726,0.976192642279806,1.0927869276451003,0.16707090043712686,0.1742860359686256,0.027612671569815395
era,season_to_next,reliever,True,KBB,kbb,1362,7,1.2638876707622233,1.434616643689418,0.9686456156886466,1.0871287840011756,0.20874940673906414,0.19965969300755157,0.04646311630147204
era,season_to_next,reliever,True,KBB_reg_best,KBB_reg_direct,1362,7,1.26345385734532,1.4344623027041667,0.9672963358151463,1.085763090563395,0.2106275221750559,0.20095075394551237,0.04711758285249856
era,season_to_next,reliever,True,CCR,CCR,1362,7,1.2924684233163954,1.4576786331825273,0.993765198005849,1.107835667106774,0.09058028954053358,0.08811860319458753,0.0028501574428448917
era,season_to_next,reliever,True,WAI,WAI,1362,7,1.2744025749885801,1.4421389518149748,0.9741523952803267,1.0913059370669245,0.17379568723714958,0.17787633478319448,0.03053123198945462
era,season_to_next,reliever,True,HR9,hr9,1362,7,1.2972381261105093,1.464188537656935,0.9984018617836851,1.1127313492389102,0.012199981976258318,0.019899124471353048,-0.004523151233353451
era,season_to_next,reliever,True,HR9_reg,HR9_reg,1362,7,1.2673691622552279,1.4401665742897283,0.970654386515794,1.0901540429428165,0.19303746181409656,0.19151947713517073,0.04120267603776895
era,season_to_next,reliever,True,EDF,EDF,1362,7,1.2643933756659989,1.4348487344717271,0.968832268543126,1.0868215740508942,0.2062252854593502,0.1974756156510259,0.04569990805217361
era,season_to_next,reliever,True,EDF_z,EDF_z,1362,7,1.26536705987237,1.4337867301090899,0.9676995742914496,1.0852866662256508,0.2060838890141584,0.2019366537069405,0.0442295670653422
era,season_to_next,reliever,True,KBB_best_plus_pWHIP_plus_HR9_reg,KBB_reg_component+pWHIP+HR9_reg,1362,7,1.2624065560982876,1.4335582385098693,0.967330633958565,1.0860696982969569,0.21025722388694038,0.20269721562714332,0.04869665331227613
era,season_to_next,reliever,True,KBB_best_plus_pWHIP_plus_HR9_reg_plus_ERA_reg,KBB_reg_component+pWHIP+HR9_reg+ERA_reg,1362,7,1.264393375666,1.434848734471728,0.9688322685431268,1.086821574050895,0.2062252854593472,0.1974756156510259,0.04569990805217217
