scenario,split,exclude_2020,test_period,component,target,train_weighted_rmse,C_KBB,C_K,C_BB,choice,lgWHIP,C_WHIP_IP,alpha,beta,command,lgHR9,C_HR_BIP,lgERA,C_ERA_IP,beta0,beta1_pWHIP,beta2_command_negated,beta3_HR9,beta4_ERA
season_to_next,all,False,2016,KBB_reg_direct,future_kbb_ratio,1.2674085989188422,300.0,,,,,,,,,,,,,,,,,
season_to_next,all,False,2016,KBB_reg_component,future_kbb_ratio,1.2548317117552301,,500.0,100.0,,,,,,,,,,,,,,,
season_to_next,all,False,2016,KBB_reg_best,future_kbb_ratio,1.2548317117552301,,,,KBB_reg_component,,,,,,,,,,,,,,
season_to_next,all,False,2016,WHIP_reg,future_whip,0.17827296077528887,,,,,1.239330975861539,150.0,,,,,,,,,,,,
season_to_next,all,False,2016,pWHIP,future_whip,0.17302770607350845,,,,,,,0.2,,,,,,,,,,,
season_to_next,all,False,2016,WAI_beta,future_whip,0.17042278243258974,,,,,,,,2.0,KBB_reg_component,,,,,,,,,
season_to_next,all,False,2016,HR9_reg,future_era,1.0506496479794178,,,,,,,,,,0.9663401348591009,1500.0,,,,,,,
season_to_next,all,False,2016,ERA_reg,future_era,1.0665827787625581,,,,,,,,,,,,3.6957543543675464,40.0,,,,,
season_to_next,all,False,2016,EDF,future_era,,,,,,,,,,KBB_reg_component,,,,,4.010551934034301,2.0667277553847434,6.454088794440803,1.3181069471380407,-0.12524796399449598
season_to_next,all,False,2017,KBB_reg_direct,future_kbb_ratio,1.2670593053663923,500.0,,,,,,,,,,,,,,,,,
season_to_next,all,False,2017,KBB_reg_component,future_kbb_ratio,1.2565595737114932,,750.0,300.0,,,,,,,,,,,,,,,
season_to_next,all,False,2017,KBB_reg_best,future_kbb_ratio,1.2565595737114932,,,,KBB_reg_component,,,,,,,,,,,,,,
season_to_next,all,False,2017,WHIP_reg,future_whip,0.18078505603481854,,,,,1.2573217923704605,150.0,,,,,,,,,,,,
season_to_next,all,False,2017,pWHIP,future_whip,0.1775946181146843,,,,,,,0.35,,,,,,,,,,,
season_to_next,all,False,2017,WAI_beta,future_whip,0.17461386673391596,,,,,,,,2.0,KBB_reg_component,,,,,,,,,
season_to_next,all,False,2017,HR9_reg,future_era,1.043527480437917,,,,,,,,,,1.0342078882409373,1500.0,,,,,,,
season_to_next,all,False,2017,ERA_reg,future_era,1.08655184551687,,,,,,,,,,,,3.806793071110584,100.0,,,,,
season_to_next,all,False,2017,EDF,future_era,,,,,,,,,,KBB_reg_component,,,,,4.1031228151282955,0.5579450364134263,13.22436163030943,2.7205132299781045,-0.28297328795033516
season_to_next,all,False,2018,KBB_reg_direct,future_kbb_ratio,1.212174691244893,750.0,,,,,,,,,,,,,,,,,
season_to_next,all,False,2018,KBB_reg_component,future_kbb_ratio,1.2011453806092667,,750.0,300.0,,,,,,,,,,,,,,,
season_to_next,all,False,2018,KBB_reg_best,future_kbb_ratio,1.2011453806092667,,,,KBB_reg_component,,,,,,,,,,,,,,
season_to_next,all,False,2018,WHIP_reg,future_whip,0.1849783314578029,,,,,1.2670170453507863,150.0,,,,,,,,,,,,
season_to_next,all,False,2018,pWHIP,future_whip,0.1827257281224326,,,,,,,0.4,,,,,,,,,,,
season_to_next,all,False,2018,WAI_beta,future_whip,0.17949703687556515,,,,,,,,2.0,KBB_reg_component,,,,,,,,,
season_to_next,all,False,2018,HR9_reg,future_era,1.0547758095462962,,,,,,,,,,1.0771441824111847,1500.0,,,,,,,
season_to_next,all,False,2018,ERA_reg,future_era,1.086584226330688,,,,,,,,,,,,3.8784290665780365,150.0,,,,,
season_to_next,all,False,2018,EDF,future_era,,,,,,,,,,KBB_reg_component,,,,,4.068530659943987,-2.012706536798738,18.83219328979757,2.2797059042091563,0.00956529129218354
season_to_next,all,False,2019,KBB_reg_direct,future_kbb_ratio,1.2066338376479675,750.0,,,,,,,,,,,,,,,,,
season_to_next,all,False,2019,KBB_reg_component,future_kbb_ratio,1.1930229326539288,,1000.0,300.0,,,,,,,,,,,,,,,
season_to_next,all,False,2019,KBB_reg_best,future_kbb_ratio,1.1930229326539288,,,,KBB_reg_component,,,,,,,,,,,,,,
season_to_next,all,False,2019,WHIP_reg,future_whip,0.18538364169418317,,,,,1.2617816163065985,150.0,,,,,,,,,,,,
season_to_next,all,False,2019,pWHIP,future_whip,0.1833041481565483,,,,,,,0.4,,,,,,,,,,,
season_to_next,all,False,2019,WAI_beta,future_whip,0.18062742686270114,,,,,,,,2.0,KBB_reg_component,,,,,,,,,
season_to_next,all,False,2019,HR9_reg,future_era,1.0699510829307621,,,,,,,,,,1.0792397733178252,1500.0,,,,,,,
season_to_next,all,False,2019,ERA_reg,future_era,1.0978600907090206,,,,,,,,,,,,3.866019946051622,150.0,,,,,
season_to_next,all,False,2019,EDF,future_era,,,,,,,,,,KBB_reg_component,,,,,4.121371908400254,-2.1700892537313234,19.744950113461005,2.4728683599477885,0.016937895777353065
season_to_next,all,False,2020,KBB_reg_direct,future_kbb_ratio,1.2395651716928944,750.0,,,,,,,,,,,,,,,,,
season_to_next,all,False,2020,KBB_reg_component,future_kbb_ratio,1.224789134424367,,1000.0,300.0,,,,,,,,,,,,,,,
season_to_next,all,False,2020,KBB_reg_best,future_kbb_ratio,1.224789134424367,,,,KBB_reg_component,,,,,,,,,,,,,,
season_to_next,all,False,2020,WHIP_reg,future_whip,0.18795194338305865,,,,,1.2609878070158356,150.0,,,,,,,,,,,,
season_to_next,all,False,2020,pWHIP,future_whip,0.186151294394612,,,,,,,0.45,,,,,,,,,,,
season_to_next,all,False,2020,WAI_beta,future_whip,0.18354986700701797,,,,,,,,2.0,KBB_reg_component,,,,,,,,,
season_to_next,all,False,2020,HR9_reg,future_era,1.0944774084261901,,,,,,,,,,1.1049064100816113,1500.0,,,,,,,
season_to_next,all,False,2020,ERA_reg,future_era,1.1228550148672773,,,,,,,,,,,,3.890114625737715,150.0,,,,,
season_to_next,all,False,2020,EDF,future_era,,,,,,,,,,KBB_reg_component,,,,,4.1165917943228605,-2.0653706067089384,18.434188326192203,2.432253963835903,0.018876063400844505
season_to_next,all,False,2021,KBB_reg_direct,future_kbb_ratio,1.2453847493909609,500.0,,,,,,,,,,,,,,,,,
season_to_next,all,False,2021,KBB_reg_component,future_kbb_ratio,1.2356364058393812,,750.0,300.0,,,,,,,,,,,,,,,
season_to_next,all,False,2021,KBB_reg_best,future_kbb_ratio,1.2356364058393812,,,,KBB_reg_component,,,,,,,,,,,,,,
season_to_next,all,False,2021,WHIP_reg,future_whip,0.18851191587353444,,,,,1.258973233259695,150.0,,,,,,,,,,,,
season_to_next,all,False,2021,pWHIP,future_whip,0.18667242572609702,,,,,,,0.45,,,,,,,,,,,
season_to_next,all,False,2021,WAI_beta,future_whip,0.1836098414576508,,,,,,,,2.0,KBB_reg_component,,,,,,,,,
season_to_next,all,False,2021,HR9_reg,future_era,1.0841814932556775,,,,,,,,,,1.1096520930927707,1500.0,,,,,,,
season_to_next,all,False,2021,ERA_reg,future_era,1.1162407690279792,,,,,,,,,,,,3.8899298955205066,150.0,,,,,
season_to_next,all,False,2021,EDF,future_era,,,,,,,,,,KBB_reg_component,,,,,4.1208571837145955,-2.0201963768685474,16.478023453864772,2.243609521292475,0.043544134316165335
season_to_next,all,False,2022,KBB_reg_direct,future_kbb_ratio,1.2423690989218585,500.0,,,,,,,,,,,,,,,,,
season_to_next,all,False,2022,KBB_reg_component,future_kbb_ratio,1.2304604344999033,,750.0,300.0,,,,,,,,,,,,,,,
season_to_next,all,False,2022,KBB_reg_best,future_kbb_ratio,1.2304604344999033,,,,KBB_reg_component,,,,,,,,,,,,,,
season_to_next,all,False,2022,WHIP_reg,future_whip,0.18938964791560448,,,,,1.255447403334189,150.0,,,,,,,,,,,,
season_to_next,all,False,2022,pWHIP,future_whip,0.18750245497783088,,,,,,,0.45,,,,,,,,,,,
season_to_next,all,False,2022,WAI_beta,future_whip,0.1843544091417135,,,,,,,,2.0,KBB_reg_component,,,,,,,,,
season_to_next,all,False,2022,HR9_reg,future_era,1.083623437792883,,,,,,,,,,1.1215585677919766,1500.0,,,,,,,
season_to_next,all,False,2022,ERA_reg,future_era,1.1165917606331879,,,,,,,,,,,,3.8926765029228534,150.0,,,,,
season_to_next,all,False,2022,EDF,future_era,,,,,,,,,,KBB_reg_component,,,,,4.068962774082459,-2.155381979753754,16.810271435765415,2.198484983993234,0.08205791750387673
season_to_next,all,False,2023,KBB_reg_direct,future_kbb_ratio,1.2436428438538696,500.0,,,,,,,,,,,,,,,,,
season_to_next,all,False,2023,KBB_reg_component,future_kbb_ratio,1.2293989091394215,,1000.0,300.0,,,,,,,,,,,,,,,
season_to_next,all,False,2023,KBB_reg_best,future_kbb_ratio,1.2293989091394215,,,,KBB_reg_component,,,,,,,,,,,,,,
season_to_next,all,False,2023,WHIP_reg,future_whip,0.18842283312570343,,,,,1.2473370927318295,150.0,,,,,,,,,,,,
season_to_next,all,False,2023,pWHIP,future_whip,0.18646702962168443,,,,,,,0.45,,,,,,,,,,,
season_to_next,all,False,2023,WAI_beta,future_whip,0.18402938023049567,,,,,,,,2.0,KBB_reg_component,,,,,,,,,
season_to_next,all,False,2023,HR9_reg,future_era,1.0768009833732661,,,,,,,,,,1.1047174387581857,1500.0,,,,,,,
season_to_next,all,False,2023,ERA_reg,future_era,1.1125280120700234,,,,,,,,,,,,3.851321853019646,150.0,,,,,
season_to_next,all,False,2023,EDF,future_era,,,,,,,,,,KBB_reg_component,,,,,4.076954853982684,-2.3101850457115574,18.522388362207938,2.7332316041491262,0.002733296789600733
season_to_next,all,False,2024,KBB_reg_direct,future_kbb_ratio,1.2438171369385664,500.0,,,,,,,,,,,,,,,,,
season_to_next,all,False,2024,KBB_reg_component,future_kbb_ratio,1.2264085670198062,,1000.0,300.0,,,,,,,,,,,,,,,
season_to_next,all,False,2024,KBB_reg_best,future_kbb_ratio,1.2264085670198062,,,,KBB_reg_component,,,,,,,,,,,,,,
season_to_next,all,False,2024,WHIP_reg,future_whip,0.1876640601875918,,,,,1.2502585636273376,150.0,,,,,,,,,,,,
season_to_next,all,False,2024,pWHIP,future_whip,0.18578384346655236,,,,,,,0.45,,,,,,,,,,,
season_to_next,all,False,2024,WAI_beta,future_whip,0.18335796183382877,,,,,,,,2.0,KBB_reg_component,,,,,,,,,
season_to_next,all,False,2024,HR9_reg,future_era,1.0710330824680105,,,,,,,,,,1.113125280726224,1500.0,,,,,,,
season_to_next,all,False,2024,ERA_reg,future_era,1.104700955001936,,,,,,,,,,,,3.8776875842178677,150.0,,,,,
season_to_next,all,False,2024,EDF,future_era,,,,,,,,,,KBB_reg_component,,,,,4.060255966270173,-2.380877187164855,18.99326857862927,2.6367400720685987,0.008497078561308683
season_to_next,starter,False,2016,KBB_reg_direct,future_kbb_ratio,1.2274208092452954,1000.0,,,,,,,,,,,,,,,,,
season_to_next,starter,False,2016,KBB_reg_component,future_kbb_ratio,1.2093191417791735,,1000.0,200.0,,,,,,,,,,,,,,,
season_to_next,starter,False,2016,KBB_reg_best,future_kbb_ratio,1.2093191417791735,,,,KBB_reg_component,,,,,,,,,,,,,,
season_to_next,starter,False,2016,WHIP_reg,future_whip,0.15832900614152906,,,,,1.2329415137614679,150.0,,,,,,,,,,,,
season_to_next,starter,False,2016,pWHIP,future_whip,0.15327044336920734,,,,,,,0.15,,,,,,,,,,,
season_to_next,starter,False,2016,WAI_beta,future_whip,0.14993111482159857,,,,,,,,2.0,KBB_reg_component,,,,,,,,,
season_to_next,starter,False,2016,HR9_reg,future_era,0.9021807586933575,,,,,,,,,,0.9826010607798165,1500.0,,,,,,,
season_to_next,starter,False,2016,ERA_reg,future_era,0.9196289669909243,,,,,,,,,,,,3.7504300458715596,150.0,,,,,
season_to_next,starter,False,2016,EDF,future_era,,,,,,,,,,KBB_reg_component,,,,,4.100552720634545,1.9761923064594782,13.721261854984864,1.0739982538759265,-0.583006052598836
season_to_next,starter,False,2017,KBB_reg_direct,future_kbb_ratio,1.137583409504735,1000.0,,,,,,,,,,,,,,,,,
season_to_next,starter,False,2017,KBB_reg_component,future_kbb_ratio,1.1179102196150696,,1000.0,200.0,,,,,,,,,,,,,,,
season_to_next,starter,False,2017,KBB_reg_best,future_kbb_ratio,1.1179102196150696,,,,KBB_reg_component,,,,,,,,,,,,,,
season_to_next,starter,False,2017,WHIP_reg,future_whip,0.15606818207941092,,,,,1.2544745843608305,150.0,,,,,,,,,,,,
season_to_next,starter,False,2017,pWHIP,future_whip,0.15131231083864635,,,,,,,0.15,,,,,,,,,,,
season_to_next,starter,False,2017,WAI_beta,future_whip,0.14885140984439837,,,,,,,,2.0,KBB_reg_component,,,,,,,,,
season_to_next,starter,False,2017,HR9_reg,future_era,0.9120120459968206,,,,,,,,,,1.058626998647681,1500.0,,,,,,,
season_to_next,starter,False,2017,ERA_reg,future_era,0.9432524976238469,,,,,,,,,,,,3.8810754912099275,20.0,,,,,
season_to_next,starter,False,2017,EDF,future_era,,,,,,,,,,KBB_reg_component,,,,,4.218182758333637,-0.127069679008635,18.04978972175911,2.6498161350714464,-0.2379817923485857
season_to_next,starter,False,2018,KBB_reg_direct,future_kbb_ratio,1.0784980988484167,1000.0,,,,,,,,,,,,,,,,,
season_to_next,starter,False,2018,KBB_reg_component,future_kbb_ratio,1.0635816554367414,,1000.0,300.0,,,,,,,,,,,,,,,
season_to_next,starter,False,2018,KBB_reg_best,future_kbb_ratio,1.0635816554367414,,,,KBB_reg_component,,,,,,,,,,,,,,
season_to_next,starter,False,2018,WHIP_reg,future_whip,0.1637539841497806,,,,,1.2690895874977286,150.0,,,,,,,,,,,,
season_to_next,starter,False,2018,pWHIP,future_whip,0.16020803944372072,,,,,,,0.1,,,,,,,,,,,
season_to_next,starter,False,2018,WAI_beta,future_whip,0.15690819513691445,,,,,,,,2.0,KBB_reg_component,,,,,,,,,
season_to_next,starter,False,2018,HR9_reg,future_era,0.9323551230532898,,,,,,,,,,1.1078684353988733,1500.0,,,,,,,
season_to_next,starter,False,2018,ERA_reg,future_era,0.9572765169194615,,,,,,,,,,,,3.9586589133200074,150.0,,,,,
season_to_next,starter,False,2018,EDF,future_era,,,,,,,,,,KBB_reg_component,,,,,4.170028963586869,-3.1751519179178453,27.57649746786149,2.2647517292541077,0.019845906717518444
season_to_next,starter,False,2019,KBB_reg_direct,future_kbb_ratio,1.0631933572209384,1000.0,,,,,,,,,,,,,,,,,
season_to_next,starter,False,2019,KBB_reg_component,future_kbb_ratio,1.0496953508175613,,1000.0,300.0,,,,,,,,,,,,,,,
season_to_next,starter,False,2019,KBB_reg_best,future_kbb_ratio,1.0496953508175613,,,,KBB_reg_component,,,,,,,,,,,,,,
season_to_next,starter,False,2019,WHIP_reg,future_whip,0.16271326357183388,,,,,1.2634095624573474,150.0,,,,,,,,,,,,
season_to_next,starter,False,2019,pWHIP,future_whip,0.1586715247397643,,,,,,,0.05,,,,,,,,,,,
season_to_next,starter,False,2019,WAI_beta,future_whip,0.1555941972232284,,,,,,,,2.0,KBB_reg_component,,,,,,,,,
season_to_next,starter,False,2019,HR9_reg,future_era,0.9437005991480645,,,,,,,,,,1.1140917772393548,1500.0,,,,,,,
season_to_next,starter,False,2019,ERA_reg,future_era,0.9702573129566607,,,,,,,,,,,,3.9388319676823937,150.0,,,,,
season_to_next,starter,False,2019,EDF,future_era,,,,,,,,,,KBB_reg_component,,,,,4.198292104057967,-2.374279840433999,23.415914669880625,2.3081087651188343,-0.06631015727119453
season_to_next,starter,False,2020,KBB_reg_direct,future_kbb_ratio,1.1011395626485532,1000.0,,,,,,,,,,,,,,,,,
season_to_next,starter,False,2020,KBB_reg_component,future_kbb_ratio,1.0865312046265239,,1000.0,300.0,,,,,,,,,,,,,,,
season_to_next,starter,False,2020,KBB_reg_best,future_kbb_ratio,1.0865312046265239,,,,KBB_reg_component,,,,,,,,,,,,,,
season_to_next,starter,False,2020,WHIP_reg,future_whip,0.1650130779848575,,,,,1.2599859845830415,150.0,,,,,,,,,,,,
season_to_next,starter,False,2020,pWHIP,future_whip,0.1612755403397507,,,,,,,0.1,,,,,,,,,,,
season_to_next,starter,False,2020,WAI_beta,future_whip,0.15823526925029202,,,,,,,,2.0,KBB_reg_component,,,,,,,,,
season_to_next,starter,False,2020,HR9_reg,future_era,0.9545480189598544,,,,,,,,,,1.122749569981525,1500.0,,,,,,,
season_to_next,starter,False,2020,ERA_reg,future_era,0.9815363501066507,,,,,,,,,,,,3.9343823660572084,150.0,,,,,
season_to_next,starter,False,2020,EDF,future_era,,,,,,,,,,KBB_reg_component,,,,,4.1528308737177175,-2.2963681900628643,22.420030831640254,2.2566497567617025,-0.05006903358546051
season_to_next,starter,False,2021,KBB_reg_direct,future_kbb_ratio,1.0977179831166979,1000.0,,,,,,,,,,,,,,,,,
season_to_next,starter,False,2021,KBB_reg_component,future_kbb_ratio,1.0839581637238032,,1000.0,300.0,,,,,,,,,,,,,,,
season_to_next,starter,False,2021,KBB_reg_best,future_kbb_ratio,1.0839581637238032,,,,KBB_reg_component,,,,,,,,,,,,,,
season_to_next,starter,False,2021,WHIP_reg,future_whip,0.1647325887246495,,,,,1.2595005842605294,150.0,,,,,,,,,,,,
season_to_next,starter,False,2021,pWHIP,future_whip,0.1611781863429205,,,,,,,0.1,,,,,,,,,,,
season_to_next,starter,False,2021,WAI_beta,future_whip,0.1581340721906465,,,,,,,,2.0,KBB_reg_component,,,,,,,,,
season_to_next,starter,False,2021,HR9_reg,future_era,0.953354691195558,,,,,,,,,,1.1225422953818016,1500.0,,,,,,,
season_to_next,starter,False,2021,ERA_reg,future_era,0.9809913922069691,,,,,,,,,,,,3.9324417009602195,150.0,,,,,
season_to_next,starter,False,2021,EDF,future_era,,,,,,,,,,KBB_reg_component,,,,,4.1526969434723595,-2.3589999188656257,22.58967680170255,2.305974272528919,-0.05153422274927903
season_to_next,starter,False,2022,KBB_reg_direct,future_kbb_ratio,1.0997503032614178,750.0,,,,,,,,,,,,,,,,,
season_to_next,starter,False,2022,KBB_reg_component,future_kbb_ratio,1.086803121866573,,1000.0,300.0,,,,,,,,,,,,,,,
season_to_next,starter,False,2022,KBB_reg_best,future_kbb_ratio,1.086803121866573,,,,KBB_reg_component,,,,,,,,,,,,,,
season_to_next,starter,False,2022,WHIP_reg,future_whip,0.1667844156077227,,,,,1.2536645022479351,150.0,,,,,,,,,,,,
season_to_next,starter,False,2022,pWHIP,future_whip,0.16287831259453184,,,,,,,0.1,,,,,,,,,,,
season_to_next,starter,False,2022,WAI_beta,future_whip,0.1599119985571873,,,,,,,,2.0,KBB_reg_component,,,,,,,,,
season_to_next,starter,False,2022,HR9_reg,future_era,0.9517144115138365,,,,,,,,,,1.1408437378448557,1500.0,,,,,,,
season_to_next,starter,False,2022,ERA_reg,future_era,0.9815155541285434,,,,,,,,,,,,3.9487688043367806,150.0,,,,,
season_to_next,starter,False,2022,EDF,future_era,,,,,,,,,,KBB_reg_component,,,,,4.0867559735828705,-2.0231788463852256,21.371021159067126,2.225476131711004,-0.038142909205806604
season_to_next,starter,False,2023,KBB_reg_direct,future_kbb_ratio,1.1205037969609088,1000.0,,,,,,,,,,,,,,,,,
season_to_next,starter,False,2023,KBB_reg_component,future_kbb_ratio,1.1061154162374365,,1000.0,300.0,,,,,,,,,,,,,,,
season_to_next,starter,False,2023,KBB_reg_best,future_kbb_ratio,1.1061154162374365,,,,KBB_reg_component,,,,,,,,,,,,,,
season_to_next,starter,False,2023,WHIP_reg,future_whip,0.16677319211584596,,,,,1.2429090077126395,150.0,,,,,,,,,,,,
season_to_next,starter,False,2023,pWHIP,future_whip,0.16290776998907103,,,,,,,0.05,,,,,,,,,,,
season_to_next,starter,False,2023,WAI_beta,future_whip,0.16013771369744534,,,,,,,,2.0,KBB_reg_component,,,,,,,,,
season_to_next,starter,False,2023,HR9_reg,future_era,0.9598600665367413,,,,,,,,,,1.1243565274457978,1500.0,,,,,,,
season_to_next,starter,False,2023,ERA_reg,future_era,0.9894482235343645,,,,,,,,,,,,3.894241710869343,150.0,,,,,
season_to_next,starter,False,2023,EDF,future_era,,,,,,,,,,KBB_reg_component,,,,,4.115606660841426,-2.4979466371137673,23.012683297147294,2.3095225051621666,-0.023739700613193623
season_to_next,starter,False,2024,KBB_reg_direct,future_kbb_ratio,1.1136200481394876,300.0,,,,,,,,,,,,,,,,,
season_to_next,starter,False,2024,KBB_reg_component,future_kbb_ratio,1.0974184991586509,,1000.0,300.0,,,,,,,,,,,,,,,
season_to_next,starter,False,2024,KBB_reg_best,future_kbb_ratio,1.0974184991586509,,,,KBB_reg_component,,,,,,,,,,,,,,
season_to_next,starter,False,2024,WHIP_reg,future_whip,0.16581692417597182,,,,,1.2474265875119264,150.0,,,,,,,,,,,,
season_to_next,starter,False,2024,pWHIP,future_whip,0.16216413081611644,,,,,,,0.05,,,,,,,,,,,
season_to_next,starter,False,2024,WAI_beta,future_whip,0.1593427111147643,,,,,,,,2.0,KBB_reg_component,,,,,,,,,
season_to_next,starter,False,2024,HR9_reg,future_era,0.9482750405631486,,,,,,,,,,1.139836213293756,1500.0,,,,,,,
season_to_next,starter,False,2024,ERA_reg,future_era,0.9785229022022343,,,,,,,,,,,,3.9316442277112267,150.0,,,,,
season_to_next,starter,False,2024,EDF,future_era,,,,,,,,,,KBB_reg_component,,,,,4.101343513630482,-2.340092733513997,22.7296175616084,2.3514023276662046,-0.0792787712165254
season_to_next,reliever,False,2016,KBB_reg_direct,future_kbb_ratio,1.3709471996191003,100.0,,,,,,,,,,,,,,,,,
season_to_next,reliever,False,2016,KBB_reg_component,future_kbb_ratio,1.3645871432512058,,300.0,100.0,,,,,,,,,,,,,,,
season_to_next,reliever,False,2016,KBB_reg_best,future_kbb_ratio,1.3645871432512058,,,,KBB_reg_component,,,,,,,,,,,,,,
season_to_next,reliever,False,2016,WHIP_reg,future_whip,0.2112245246747386,,,,,1.2357505598839227,150.0,,,,,,,,,,,,
season_to_next,reliever,False,2016,pWHIP,future_whip,0.20852999474804373,,,,,,,0.3,,,,,,,,,,,
season_to_next,reliever,False,2016,WAI_beta,future_whip,0.2070332447542617,,,,,,,,2.0,KBB_reg_component,,,,,,,,,
season_to_next,reliever,False,2016,HR9_reg,future_era,1.213204002350589,,,,,,,,,,0.8618742705737628,1500.0,,,,,,,
season_to_next,reliever,False,2016,ERA_reg,future_era,1.2140898879939845,,,,,,,,,,,,3.443238810207236,150.0,,,,,
season_to_next,reliever,False,2016,EDF,future_era,,,,,,,,,,KBB_reg_component,,,,,3.68566112952337,0.7076408656070068,3.2724498871196093,0.5804331368239763,0.2846396383315685
season_to_next,reliever,False,2017,KBB_reg_direct,future_kbb_ratio,1.4771435934209347,200.0,,,,,,,,,,,,,,,,,
season_to_next,reliever,False,2017,KBB_reg_component,future_kbb_ratio,1.470157755024122,,500.0,200.0,,,,,,,,,,,,,,,
season_to_next,reliever,False,2017,KBB_reg_best,future_kbb_ratio,1.470157755024122,,,,KBB_reg_component,,,,,,,,,,,,,,
season_to_next,reliever,False,2017,WHIP_reg,future_whip,0.21835973645547876,,,,,1.2393973214285714,150.0,,,,,,,,,,,,
season_to_next,reliever,False,2017,pWHIP,future_whip,0.21541038851306052,,,,,,,0.0,,,,,,,,,,,
season_to_next,reliever,False,2017,WAI_beta,future_whip,0.21397640911186935,,,,,,,,2.0,KBB_reg_component,,,,,,,,,
season_to_next,reliever,False,2017,HR9_reg,future_era,1.2363951845655508,,,,,,,,,,0.9220145089285714,1500.0,,,,,,,
season_to_next,reliever,False,2017,ERA_reg,future_era,1.2641865125015355,,,,,,,,,,,,3.4796316964285716,150.0,,,,,
season_to_next,reliever,False,2017,EDF,future_era,,,,,,,,,,KBB_reg_component,,,,,3.7916240164151245,0.747063343140704,6.34767096540455,1.6070595546101107,-0.1686932776940591
season_to_next,reliever,False,2018,KBB_reg_direct,future_kbb_ratio,1.5482384939745812,200.0,,,,,,,,,,,,,,,,,
season_to_next,reliever,False,2018,KBB_reg_component,future_kbb_ratio,1.5381073133446501,,750.0,300.0,,,,,,,,,,,,,,,
season_to_next,reliever,False,2018,KBB_reg_best,future_kbb_ratio,1.5381073133446501,,,,KBB_reg_component,,,,,,,,,,,,,,
season_to_next,reliever,False,2018,WHIP_reg,future_whip,0.22425847444174615,,,,,1.2407094422610927,150.0,,,,,,,,,,,,
season_to_next,reliever,False,2018,pWHIP,future_whip,0.22260424824534897,,,,,,,0.25,,,,,,,,,,,
season_to_next,reliever,False,2018,WAI_beta,future_whip,0.2214327579446372,,,,,,,,2.0,KBB_reg_component,,,,,,,,,
season_to_next,reliever,False,2018,HR9_reg,future_era,1.2699437298534526,,,,,,,,,,0.9604960394225092,1500.0,,,,,,,
season_to_next,reliever,False,2018,ERA_reg,future_era,1.2934859494368567,,,,,,,,,,,,3.556914211244375,150.0,,,,,
season_to_next,reliever,False,2018,EDF,future_era,,,,,,,,,,KBB_reg_component,,,,,3.8165372051530686,-0.19163481151536468,6.554742067909795,2.0812758217094527,-0.01943850102240911
season_to_next,reliever,False,2019,KBB_reg_direct,future_kbb_ratio,1.5264630682793319,200.0,,,,,,,,,,,,,,,,,
season_to_next,reliever,False,2019,KBB_reg_component,future_kbb_ratio,1.5048784513400268,,750.0,200.0,,,,,,,,,,,,,,,
season_to_next,reliever,False,2019,KBB_reg_best,future_kbb_ratio,1.5048784513400268,,,,KBB_reg_component,,,,,,,,,,,,,,
season_to_next,reliever,False,2019,WHIP_reg,future_whip,0.22726285052561898,,,,,1.245555248060914,150.0,,,,,,,,,,,,
season_to_next,reliever,False,2019,pWHIP,future_whip,0.22602561433149973,,,,,,,0.5,,,,,,,,,,,
season_to_next,reliever,False,2019,WAI_beta,future_whip,0.22471776344201758,,,,,,,,2.0,KBB_reg_component,,,,,,,,,
season_to_next,reliever,False,2019,HR9_reg,future_era,1.2954582749075754,,,,,,,,,,0.9624898090458276,1500.0,,,,,,,
season_to_next,reliever,False,2019,ERA_reg,future_era,1.3110561002988037,,,,,,,,,,,,3.594291569743525,150.0,,,,,
season_to_next,reliever,False,2019,EDF,future_era,,,,,,,,,,KBB_reg_component,,,,,3.9198198094544914,-0.6688536462892106,9.766361204731016,1.6239249445687067,0.11132720512261123
season_to_next,reliever,False,2020,KBB_reg_direct,future_kbb_ratio,1.5318401904371552,200.0,,,,,,,,,,,,,,,,,
season_to_next,reliever,False,2020,KBB_reg_component,future_kbb_ratio,1.512953241118414,,1000.0,300.0,,,,,,,,,,,,,,,
season_to_next,reliever,False,2020,KBB_reg_best,future_kbb_ratio,1.512953241118414,,,,KBB_reg_component,,,,,,,,,,,,,,
season_to_next,reliever,False,2020,WHIP_reg,future_whip,0.23086312455697622,,,,,1.2512630801508506,150.0,,,,,,,,,,,,
season_to_next,reliever,False,2020,pWHIP,future_whip,0.2297750840203664,,,,,,,0.5,,,,,,,,,,,
season_to_next,reliever,False,2020,WAI_beta,future_whip,0.22867220192713617,,,,,,,,2.0,KBB_reg_component,,,,,,,,,
season_to_next,reliever,False,2020,HR9_reg,future_era,1.332199353032036,,,,,,,,,,1.0097713056948083,1500.0,,,,,,,
season_to_next,reliever,False,2020,ERA_reg,future_era,1.3499150316565363,,,,,,,,,,,,3.6764357936979977,150.0,,,,,
season_to_next,reliever,False,2020,EDF,future_era,,,,,,,,,,KBB_reg_component,,,,,3.932271270761606,-0.8905604086779212,11.895333595011184,1.7987431458929124,0.13715080475878633
season_to_next,reliever,False,2021,KBB_reg_direct,future_kbb_ratio,1.5682732589543076,100.0,,,,,,,,,,,,,,,,,
season_to_next,reliever,False,2021,KBB_reg_component,future_kbb_ratio,1.5509485119058872,,500.0,100.0,,,,,,,,,,,,,,,
season_to_next,reliever,False,2021,KBB_reg_best,future_kbb_ratio,1.5509485119058872,,,,KBB_reg_component,,,,,,,,,,,,,,
season_to_next,reliever,False,2021,WHIP_reg,future_whip,0.23093303743131485,,,,,1.2497588648881894,150.0,,,,,,,,,,,,
season_to_next,reliever,False,2021,pWHIP,future_whip,0.22941151347508984,,,,,,,0.4,,,,,,,,,,,
season_to_next,reliever,False,2021,WAI_beta,future_whip,0.22806292038481954,,,,,,,,2.0,KBB_reg_component,,,,,,,,,
season_to_next,reliever,False,2021,HR9_reg,future_era,1.337526166160371,,,,,,,,,,1.0103497728253419,1500.0,,,,,,,
season_to_next,reliever,False,2021,ERA_reg,future_era,1.3572361555890655,,,,,,,,,,,,3.6723481483361677,150.0,,,,,
season_to_next,reliever,False,2021,EDF,future_era,,,,,,,,,,KBB_reg_component,,,,,3.934657583593293,-1.0803663104643015,8.59065108123292,1.8211966357637175,0.1443391650409601
season_to_next,reliever,False,2022,KBB_reg_direct,future_kbb_ratio,1.5692432861825247,100.0,,,,,,,,,,,,,,,,,
season_to_next,reliever,False,2022,KBB_reg_component,future_kbb_ratio,1.5495624526903111,,500.0,100.0,,,,,,,,,,,,,,,
season_to_next,reliever,False,2022,KBB_reg_best,future_kbb_ratio,1.5495624526903111,,,,KBB_reg_component,,,,,,,,,,,,,,
season_to_next,reliever,False,2022,WHIP_reg,future_whip,0.22937983599244896,,,,,1.2480021394412284,150.0,,,,,,,,,,,,
season_to_next,reliever,False,2022,pWHIP,future_whip,0.22748507717089267,,,,,,,0.1,,,,,,,,,,,
season_to_next,reliever,False,2022,WAI_beta,future_whip,0.22640902544404526,,,,,,,,2.0,KBB_reg_component,,,,,,,,,
season_to_next,reliever,False,2022,HR9_reg,future_era,1.3221980282179888,,,,,,,,,,1.0203718852252706,1500.0,,,,,,,
season_to_next,reliever,False,2022,ERA_reg,future_era,1.3432145656731584,,,,,,,,,,,,3.675434180719859,150.0,,,,,
season_to_next,reliever,False,2022,EDF,future_era,,,,,,,,,,KBB_reg_component,,,,,3.8981289610931555,-0.9810506870233396,9.046070825083376,1.894829210866488,0.11026436981974834
season_to_next,reliever,False,2023,KBB_reg_direct,future_kbb_ratio,1.5043041821310896,100.0,,,,,,,,,,,,,,,,,
season_to_next,reliever,False,2023,KBB_reg_component,future_kbb_ratio,1.4857724596855535,,500.0,100.0,,,,,,,,,,,,,,,
season_to_next,reliever,False,2023,KBB_reg_best,future_kbb_ratio,1.4857724596855535,,,,KBB_reg_component,,,,,,,,,,,,,,
season_to_next,reliever,False,2023,WHIP_reg,future_whip,0.2257775269630262,,,,,1.2421630480045494,150.0,,,,,,,,,,,,
season_to_next,reliever,False,2023,pWHIP,future_whip,0.2237220990844579,,,,,,,0.0,,,,,,,,,,,
season_to_next,reliever,False,2023,WAI_beta,future_whip,0.22272145956256598,,,,,,,,2.0,KBB_reg_component,,,,,,,,,
season_to_next,reliever,False,2023,HR9_reg,future_era,1.3006118831566322,,,,,,,,,,0.998114922559586,1500.0,,,,,,,
season_to_next,reliever,False,2023,ERA_reg,future_era,1.326363553929787,,,,,,,,,,,,3.6407740907075983,150.0,,,,,
season_to_next,reliever,False,2023,EDF,future_era,,,,,,,,,,KBB_reg_component,,,,,3.899608919369314,-0.8423930534246373,9.666595213625333,2.137806268926557,0.030423411351222743
season_to_next,reliever,False,2024,KBB_reg_direct,future_kbb_ratio,1.498264097587145,100.0,,,,,,,,,,,,,,,,,
season_to_next,reliever,False,2024,KBB_reg_component,future_kbb_ratio,1.47633132516805,,1000.0,200.0,,,,,,,,,,,,,,,
season_to_next,reliever,False,2024,KBB_reg_best,future_kbb_ratio,1.47633132516805,,,,KBB_reg_component,,,,,,,,,,,,,,
season_to_next,reliever,False,2024,WHIP_reg,future_whip,0.22361422143095744,,,,,1.2420029009467068,150.0,,,,,,,,,,,,
season_to_next,reliever,False,2024,pWHIP,future_whip,0.22156738361918682,,,,,,,0.05,,,,,,,,,,,
season_to_next,reliever,False,2024,WAI_beta,future_whip,0.22095715417861675,,,,,,,,2.0,KBB_reg_component,,,,,,,,,
season_to_next,reliever,False,2024,HR9_reg,future_era,1.282686696809661,,,,,,,,,,0.9986509038164606,1500.0,,,,,,,
season_to_next,reliever,False,2024,ERA_reg,future_era,1.3046033133186459,,,,,,,,,,,,3.649402654522202,150.0,,,,,
season_to_next,reliever,False,2024,EDF,future_era,,,,,,,,,,KBB_reg_component,,,,,3.8802172025259143,-0.9665230498458549,13.951200270910178,2.301785293810175,0.040965890366078866
season_to_next,all,True,2016,KBB_reg_direct,future_kbb_ratio,1.2674085989188422,300.0,,,,,,,,,,,,,,,,,
season_to_next,all,True,2016,KBB_reg_component,future_kbb_ratio,1.2548317117552301,,500.0,100.0,,,,,,,,,,,,,,,
season_to_next,all,True,2016,KBB_reg_best,future_kbb_ratio,1.2548317117552301,,,,KBB_reg_component,,,,,,,,,,,,,,
season_to_next,all,True,2016,WHIP_reg,future_whip,0.17827296077528887,,,,,1.239330975861539,150.0,,,,,,,,,,,,
season_to_next,all,True,2016,pWHIP,future_whip,0.17302770607350845,,,,,,,0.2,,,,,,,,,,,
season_to_next,all,True,2016,WAI_beta,future_whip,0.17042278243258974,,,,,,,,2.0,KBB_reg_component,,,,,,,,,
season_to_next,all,True,2016,HR9_reg,future_era,1.0506496479794178,,,,,,,,,,0.9663401348591009,1500.0,,,,,,,
season_to_next,all,True,2016,ERA_reg,future_era,1.0665827787625581,,,,,,,,,,,,3.6957543543675464,40.0,,,,,
season_to_next,all,True,2016,EDF,future_era,,,,,,,,,,KBB_reg_component,,,,,4.010551934034301,2.0667277553847434,6.454088794440803,1.3181069471380407,-0.12524796399449598
season_to_next,all,True,2017,KBB_reg_direct,future_kbb_ratio,1.2670593053663923,500.0,,,,,,,,,,,,,,,,,
season_to_next,all,True,2017,KBB_reg_component,future_kbb_ratio,1.2565595737114932,,750.0,300.0,,,,,,,,,,,,,,,
season_to_next,all,True,2017,KBB_reg_best,future_kbb_ratio,1.2565595737114932,,,,KBB_reg_component,,,,,,,,,,,,,,
season_to_next,all,True,2017,WHIP_reg,future_whip,0.18078505603481854,,,,,1.2573217923704605,150.0,,,,,,,,,,,,
season_to_next,all,True,2017,pWHIP,future_whip,0.1775946181146843,,,,,,,0.35,,,,,,,,,,,
season_to_next,all,True,2017,WAI_beta,future_whip,0.17461386673391596,,,,,,,,2.0,KBB_reg_component,,,,,,,,,
season_to_next,all,True,2017,HR9_reg,future_era,1.043527480437917,,,,,,,,,,1.0342078882409373,1500.0,,,,,,,
season_to_next,all,True,2017,ERA_reg,future_era,1.08655184551687,,,,,,,,,,,,3.806793071110584,100.0,,,,,
season_to_next,all,True,2017,EDF,future_era,,,,,,,,,,KBB_reg_component,,,,,4.1031228151282955,0.5579450364134263,13.22436163030943,2.7205132299781045,-0.28297328795033516
season_to_next,all,True,2018,KBB_reg_direct,future_kbb_ratio,1.212174691244893,750.0,,,,,,,,,,,,,,,,,
season_to_next,all,True,2018,KBB_reg_component,future_kbb_ratio,1.2011453806092667,,750.0,300.0,,,,,,,,,,,,,,,
season_to_next,all,True,2018,KBB_reg_best,future_kbb_ratio,1.2011453806092667,,,,KBB_reg_component,,,,,,,,,,,,,,
season_to_next,all,True,2018,WHIP_reg,future_whip,0.1849783314578029,,,,,1.2670170453507863,150.0,,,,,,,,,,,,
season_to_next,all,True,2018,pWHIP,future_whip,0.1827257281224326,,,,,,,0.4,,,,,,,,,,,
season_to_next,all,True,2018,WAI_beta,future_whip,0.17949703687556515,,,,,,,,2.0,KBB_reg_component,,,,,,,,,
season_to_next,all,True,2018,HR9_reg,future_era,1.0547758095462962,,,,,,,,,,1.0771441824111847,1500.0,,,,,,,
season_to_next,all,True,2018,ERA_reg,future_era,1.086584226330688,,,,,,,,,,,,3.8784290665780365,150.0,,,,,
season_to_next,all,True,2018,EDF,future_era,,,,,,,,,,KBB_reg_component,,,,,4.068530659943987,-2.012706536798738,18.83219328979757,2.2797059042091563,0.00956529129218354
season_to_next,all,True,2021,KBB_reg_direct,future_kbb_ratio,1.2066338376479675,750.0,,,,,,,,,,,,,,,,,
season_to_next,all,True,2021,KBB_reg_component,future_kbb_ratio,1.1930229326539288,,1000.0,300.0,,,,,,,,,,,,,,,
season_to_next,all,True,2021,KBB_reg_best,future_kbb_ratio,1.1930229326539288,,,,KBB_reg_component,,,,,,,,,,,,,,
season_to_next,all,True,2021,WHIP_reg,future_whip,0.18538364169418317,,,,,1.2617816163065985,150.0,,,,,,,,,,,,
season_to_next,all,True,2021,pWHIP,future_whip,0.1833041481565483,,,,,,,0.4,,,,,,,,,,,
season_to_next,all,True,2021,WAI_beta,future_whip,0.18062742686270114,,,,,,,,2.0,KBB_reg_component,,,,,,,,,
season_to_next,all,True,2021,HR9_reg,future_era,1.0699510829307621,,,,,,,,,,1.0792397733178252,1500.0,,,,,,,
season_to_next,all,True,2021,ERA_reg,future_era,1.0978600907090206,,,,,,,,,,,,3.866019946051622,150.0,,,,,
season_to_next,all,True,2021,EDF,future_era,,,,,,,,,,KBB_reg_component,,,,,4.121371908400254,-2.1700892537313234,19.744950113461005,2.4728683599477885,0.016937895777353065
season_to_next,all,True,2022,KBB_reg_direct,future_kbb_ratio,1.2104048405153551,750.0,,,,,,,,,,,,,,,,,
season_to_next,all,True,2022,KBB_reg_component,future_kbb_ratio,1.1947541973926485,,1000.0,300.0,,,,,,,,,,,,,,,
season_to_next,all,True,2022,KBB_reg_best,future_kbb_ratio,1.1947541973926485,,,,KBB_reg_component,,,,,,,,,,,,,,
season_to_next,all,True,2022,WHIP_reg,future_whip,0.18716378385196764,,,,,1.257228234534001,150.0,,,,,,,,,,,,
season_to_next,all,True,2022,pWHIP,future_whip,0.18502676368412513,,,,,,,0.4,,,,,,,,,,,
season_to_next,all,True,2022,WAI_beta,future_whip,0.1823179062383492,,,,,,,,2.0,KBB_reg_component,,,,,,,,,
season_to_next,all,True,2022,HR9_reg,future_era,1.0717194501939051,,,,,,,,,,1.0984695525763204,1500.0,,,,,,,
season_to_next,all,True,2022,ERA_reg,future_era,1.101552582277356,,,,,,,,,,,,3.873566467452754,150.0,,,,,
season_to_next,all,True,2022,EDF,future_era,,,,,,,,,,KBB_reg_component,,,,,4.063221586299916,-2.3320147762988936,20.02908812567792,2.451938811954486,0.05716608282186126
season_to_next,all,True,2023,KBB_reg_direct,future_kbb_ratio,1.216687755871534,750.0,,,,,,,,,,,,,,,,,
season_to_next,all,True,2023,KBB_reg_component,future_kbb_ratio,1.1989590797957852,,1000.0,300.0,,,,,,,,,,,,,,,
season_to_next,all,True,2023,KBB_reg_best,future_kbb_ratio,1.1989590797957852,,,,KBB_reg_component,,,,,,,,,,,,,,
season_to_next,all,True,2023,WHIP_reg,future_whip,0.18639589771371737,,,,,1.247848065384797,150.0,,,,,,,,,,,,
season_to_next,all,True,2023,pWHIP,future_whip,0.18421956832583117,,,,,,,0.4,,,,,,,,,,,
season_to_next,all,True,2023,WAI_beta,future_whip,0.18173427072839063,,,,,,,,2.0,KBB_reg_component,,,,,,,,,
season_to_next,all,True,2023,HR9_reg,future_era,1.0660169232392431,,,,,,,,,,1.0832144375679122,1500.0,,,,,,,
season_to_next,all,True,2023,ERA_reg,future_era,1.0994108637617557,,,,,,,,,,,,3.8301809420324084,150.0,,,,,
season_to_next,all,True,2023,EDF,future_era,,,,,,,,,,KBB_reg_component,,,,,4.069646910895167,-2.193456500658347,19.229164417422187,2.6648701977102185,-0.008036369302230954
season_to_next,all,True,2024,KBB_reg_direct,future_kbb_ratio,1.2206212790825854,750.0,,,,,,,,,,,,,,,,,
season_to_next,all,True,2024,KBB_reg_component,future_kbb_ratio,1.1998612549436696,,1000.0,300.0,,,,,,,,,,,,,,,
season_to_next,all,True,2024,KBB_reg_best,future_kbb_ratio,1.1998612549436696,,,,KBB_reg_component,,,,,,,,,,,,,,
season_to_next,all,True,2024,WHIP_reg,future_whip,0.18591444628921455,,,,,1.2510081188477802,150.0,,,,,,,,,,,,
season_to_next,all,True,2024,pWHIP,future_whip,0.18386060050202643,,,,,,,0.4,,,,,,,,,,,
season_to_next,all,True,2024,WAI_beta,future_whip,0.18139094885861584,,,,,,,,2.0,KBB_reg_component,,,,,,,,,
season_to_next,all,True,2024,HR9_reg,future_era,1.060959068100724,,,,,,,,,,1.0954270847113816,1500.0,,,,,,,
season_to_next,all,True,2024,ERA_reg,future_era,1.092482001609911,,,,,,,,,,,,3.862195175728712,150.0,,,,,
season_to_next,all,True,2024,EDF,future_era,,,,,,,,,,KBB_reg_component,,,,,4.052982281769256,-2.2866830102347304,19.695234866258534,2.5716291780196316,0.001087763512244874
season_to_next,starter,True,2016,KBB_reg_direct,future_kbb_ratio,1.2274208092452954,1000.0,,,,,,,,,,,,,,,,,
season_to_next,starter,True,2016,KBB_reg_component,future_kbb_ratio,1.2093191417791735,,1000.0,200.0,,,,,,,,,,,,,,,
season_to_next,starter,True,2016,KBB_reg_best,future_kbb_ratio,1.2093191417791735,,,,KBB_reg_component,,,,,,,,,,,,,,
season_to_next,starter,True,2016,WHIP_reg,future_whip,0.15832900614152906,,,,,1.2329415137614679,150.0,,,,,,,,,,,,
season_to_next,starter,True,2016,pWHIP,future_whip,0.15327044336920734,,,,,,,0.15,,,,,,,,,,,
season_to_next,starter,True,2016,WAI_beta,future_whip,0.14993111482159857,,,,,,,,2.0,KBB_reg_component,,,,,,,,,
season_to_next,starter,True,2016,HR9_reg,future_era,0.9021807586933575,,,,,,,,,,0.9826010607798165,1500.0,,,,,,,
season_to_next,starter,True,2016,ERA_reg,future_era,0.9196289669909243,,,,,,,,,,,,3.7504300458715596,150.0,,,,,
season_to_next,starter,True,2016,EDF,future_era,,,,,,,,,,KBB_reg_component,,,,,4.100552720634545,1.9761923064594782,13.721261854984864,1.0739982538759265,-0.583006052598836
season_to_next,starter,True,2017,KBB_reg_direct,future_kbb_ratio,1.137583409504735,1000.0,,,,,,,,,,,,,,,,,
season_to_next,starter,True,2017,KBB_reg_component,future_kbb_ratio,1.1179102196150696,,1000.0,200.0,,,,,,,,,,,,,,,
season_to_next,starter,True,2017,KBB_reg_best,future_kbb_ratio,1.1179102196150696,,,,KBB_reg_component,,,,,,,,,,,,,,
season_to_next,starter,True,2017,WHIP_reg,future_whip,0.15606818207941092,,,,,1.2544745843608305,150.0,,,,,,,,,,,,
season_to_next,starter,True,2017,pWHIP,future_whip,0.15131231083864635,,,,,,,0.15,,,,,,,,,,,
season_to_next,starter,True,2017,WAI_beta,future_whip,0.14885140984439837,,,,,,,,2.0,KBB_reg_component,,,,,,,,,
season_to_next,starter,True,2017,HR9_reg,future_era,0.9120120459968206,,,,,,,,,,1.058626998647681,1500.0,,,,,,,
season_to_next,starter,True,2017,ERA_reg,future_era,0.9432524976238469,,,,,,,,,,,,3.8810754912099275,20.0,,,,,
season_to_next,starter,True,2017,EDF,future_era,,,,,,,,,,KBB_reg_component,,,,,4.218182758333637,-0.127069679008635,18.04978972175911,2.6498161350714464,-0.2379817923485857
season_to_next,starter,True,2018,KBB_reg_direct,future_kbb_ratio,1.0784980988484167,1000.0,,,,,,,,,,,,,,,,,
season_to_next,starter,True,2018,KBB_reg_component,future_kbb_ratio,1.0635816554367414,,1000.0,300.0,,,,,,,,,,,,,,,
season_to_next,starter,True,2018,KBB_reg_best,future_kbb_ratio,1.0635816554367414,,,,KBB_reg_component,,,,,,,,,,,,,,
season_to_next,starter,True,2018,WHIP_reg,future_whip,0.1637539841497806,,,,,1.2690895874977286,150.0,,,,,,,,,,,,
season_to_next,starter,True,2018,pWHIP,future_whip,0.16020803944372072,,,,,,,0.1,,,,,,,,,,,
season_to_next,starter,True,2018,WAI_beta,future_whip,0.15690819513691445,,,,,,,,2.0,KBB_reg_component,,,,,,,,,
season_to_next,starter,True,2018,HR9_reg,future_era,0.9323551230532898,,,,,,,,,,1.1078684353988733,1500.0,,,,,,,
season_to_next,starter,True,2018,ERA_reg,future_era,0.9572765169194615,,,,,,,,,,,,3.9586589133200074,150.0,,,,,
season_to_next,starter,True,2018,EDF,future_era,,,,,,,,,,KBB_reg_component,,,,,4.170028963586869,-3.1751519179178453,27.57649746786149,2.2647517292541077,0.019845906717518444
season_to_next,starter,True,2021,KBB_reg_direct,future_kbb_ratio,1.0631933572209384,1000.0,,,,,,,,,,,,,,,,,
season_to_next,starter,True,2021,KBB_reg_component,future_kbb_ratio,1.0496953508175613,,1000.0,300.0,,,,,,,,,,,,,,,
season_to_next,starter,True,2021,KBB_reg_best,future_kbb_ratio,1.0496953508175613,,,,KBB_reg_component,,,,,,,,,,,,,,
season_to_next,starter,True,2021,WHIP_reg,future_whip,0.16271326357183388,,,,,1.2634095624573474,150.0,,,,,,,,,,,,
season_to_next,starter,True,2021,pWHIP,future_whip,0.1586715247397643,,,,,,,0.05,,,,,,,,,,,
season_to_next,starter,True,2021,WAI_beta,future_whip,0.1555941972232284,,,,,,,,2.0,KBB_reg_component,,,,,,,,,
season_to_next,starter,True,2021,HR9_reg,future_era,0.9437005991480645,,,,,,,,,,1.1140917772393548,1500.0,,,,,,,
season_to_next,starter,True,2021,ERA_reg,future_era,0.9702573129566607,,,,,,,,,,,,3.9388319676823937,150.0,,,,,
season_to_next,starter,True,2021,EDF,future_era,,,,,,,,,,KBB_reg_component,,,,,4.198292104057967,-2.374279840433999,23.415914669880625,2.3081087651188343,-0.06631015727119453
season_to_next,starter,True,2022,KBB_reg_direct,future_kbb_ratio,1.0720072953101745,750.0,,,,,,,,,,,,,,,,,
season_to_next,starter,True,2022,KBB_reg_component,future_kbb_ratio,1.0593491430608606,,1000.0,300.0,,,,,,,,,,,,,,,
season_to_next,starter,True,2022,KBB_reg_best,future_kbb_ratio,1.0593491430608606,,,,KBB_reg_component,,,,,,,,,,,,,,
season_to_next,starter,True,2022,WHIP_reg,future_whip,0.1654741889903658,,,,,1.256465178871818,150.0,,,,,,,,,,,,
season_to_next,starter,True,2022,pWHIP,future_whip,0.16106841905798003,,,,,,,0.05,,,,,,,,,,,
season_to_next,starter,True,2022,WAI_beta,future_whip,0.1580763799687931,,,,,,,,2.0,KBB_reg_component,,,,,,,,,
season_to_next,starter,True,2022,HR9_reg,future_era,0.9449876144388093,,,,,,,,,,1.1351687787372435,1500.0,,,,,,,
season_to_next,starter,True,2022,ERA_reg,future_era,0.9744759244341447,,,,,,,,,,,,3.95507457665134,150.0,,,,,
season_to_next,starter,True,2022,EDF,future_era,,,,,,,,,,KBB_reg_component,,,,,4.1195319072413215,-1.9671469970574094,21.880899980941123,2.232955721419553,-0.05983368739254394
season_to_next,starter,True,2023,KBB_reg_direct,future_kbb_ratio,1.098083251563264,1000.0,,,,,,,,,,,,,,,,,
season_to_next,starter,True,2023,KBB_reg_component,future_kbb_ratio,1.0838160166481372,,1000.0,300.0,,,,,,,,,,,,,,,
season_to_next,starter,True,2023,KBB_reg_best,future_kbb_ratio,1.0838160166481372,,,,KBB_reg_component,,,,,,,,,,,,,,
season_to_next,starter,True,2023,WHIP_reg,future_whip,0.16558152332776024,,,,,1.2446813587470054,150.0,,,,,,,,,,,,
season_to_next,starter,True,2023,pWHIP,future_whip,0.16129367956735532,,,,,,,0.0,,,,,,,,,,,
season_to_next,starter,True,2023,WAI_beta,future_whip,0.15852381538263166,,,,,,,,2.0,KBB_reg_component,,,,,,,,,
season_to_next,starter,True,2023,HR9_reg,future_era,0.9537601232985926,,,,,,,,,,1.1185897129985778,1500.0,,,,,,,
season_to_next,starter,True,2023,ERA_reg,future_era,0.9831353907675972,,,,,,,,,,,,3.8965095969381425,150.0,,,,,
season_to_next,starter,True,2023,EDF,future_era,,,,,,,,,,KBB_reg_component,,,,,4.143973764597167,-2.3968996310581927,23.299012461699835,2.32595154551024,-0.04885217574370323
season_to_next,starter,True,2024,KBB_reg_direct,future_kbb_ratio,1.094078946000551,300.0,,,,,,,,,,,,,,,,,
season_to_next,starter,True,2024,KBB_reg_component,future_kbb_ratio,1.077715964382575,,1000.0,300.0,,,,,,,,,,,,,,,
season_to_next,starter,True,2024,KBB_reg_best,future_kbb_ratio,1.077715964382575,,,,KBB_reg_component,,,,,,,,,,,,,,
season_to_next,starter,True,2024,WHIP_reg,future_whip,0.16485069643760278,,,,,1.2492008779909698,150.0,,,,,,,,,,,,
season_to_next,starter,True,2024,pWHIP,future_whip,0.16083305361703926,,,,,,,0.0,,,,,,,,,,,
season_to_next,starter,True,2024,WAI_beta,future_whip,0.15800428964056815,,,,,,,,2.0,KBB_reg_component,,,,,,,,,
season_to_next,starter,True,2024,HR9_reg,future_era,0.9429307559939234,,,,,,,,,,1.135562807234245,1500.0,,,,,,,
season_to_next,starter,True,2024,ERA_reg,future_era,0.9730670635035007,,,,,,,,,,,,3.9354860247540038,150.0,,,,,
season_to_next,starter,True,2024,EDF,future_era,,,,,,,,,,KBB_reg_component,,,,,4.125965117260252,-2.2666447171067396,23.086864244287742,2.36900312316084,-0.10229671502173936
season_to_next,reliever,True,2016,KBB_reg_direct,future_kbb_ratio,1.3709471996191003,100.0,,,,,,,,,,,,,,,,,
season_to_next,reliever,True,2016,KBB_reg_component,future_kbb_ratio,1.3645871432512058,,300.0,100.0,,,,,,,,,,,,,,,
season_to_next,reliever,True,2016,KBB_reg_best,future_kbb_ratio,1.3645871432512058,,,,KBB_reg_component,,,,,,,,,,,,,,
season_to_next,reliever,True,2016,WHIP_reg,future_whip,0.2112245246747386,,,,,1.2357505598839227,150.0,,,,,,,,,,,,
season_to_next,reliever,True,2016,pWHIP,future_whip,0.20852999474804373,,,,,,,0.3,,,,,,,,,,,
season_to_next,reliever,True,2016,WAI_beta,future_whip,0.2070332447542617,,,,,,,,2.0,KBB_reg_component,,,,,,,,,
season_to_next,reliever,True,2016,HR9_reg,future_era,1.213204002350589,,,,,,,,,,0.8618742705737628,1500.0,,,,,,,
season_to_next,reliever,True,2016,ERA_reg,future_era,1.2140898879939845,,,,,,,,,,,,3.443238810207236,150.0,,,,,
season_to_next,reliever,True,2016,EDF,future_era,,,,,,,,,,KBB_reg_component,,,,,3.68566112952337,0.7076408656070068,3.2724498871196093,0.5804331368239763,0.2846396383315685
season_to_next,reliever,True,2017,KBB_reg_direct,future_kbb_ratio,1.4771435934209347,200.0,,,,,,,,,,,,,,,,,
season_to_next,reliever,True,2017,KBB_reg_component,future_kbb_ratio,1.470157755024122,,500.0,200.0,,,,,,,,,,,,,,,
season_to_next,reliever,True,2017,KBB_reg_best,future_kbb_ratio,1.470157755024122,,,,KBB_reg_component,,,,,,,,,,,,,,
season_to_next,reliever,True,2017,WHIP_reg,future_whip,0.21835973645547876,,,,,1.2393973214285714,150.0,,,,,,,,,,,,
season_to_next,reliever,True,2017,pWHIP,future_whip,0.21541038851306052,,,,,,,0.0,,,,,,,,,,,
season_to_next,reliever,True,2017,WAI_beta,future_whip,0.21397640911186935,,,,,,,,2.0,KBB_reg_component,,,,,,,,,
season_to_next,reliever,True,2017,HR9_reg,future_era,1.2363951845655508,,,,,,,,,,0.9220145089285714,1500.0,,,,,,,
season_to_next,reliever,True,2017,ERA_reg,future_era,1.2641865125015355,,,,,,,,,,,,3.4796316964285716,150.0,,,,,
season_to_next,reliever,True,2017,EDF,future_era,,,,,,,,,,KBB_reg_component,,,,,3.7916240164151245,0.747063343140704,6.34767096540455,1.6070595546101107,-0.1686932776940591
season_to_next,reliever,True,2018,KBB_reg_direct,future_kbb_ratio,1.5482384939745812,200.0,,,,,,,,,,,,,,,,,
season_to_next,reliever,True,2018,KBB_reg_component,future_kbb_ratio,1.5381073133446501,,750.0,300.0,,,,,,,,,,,,,,,
season_to_next,reliever,True,2018,KBB_reg_best,future_kbb_ratio,1.5381073133446501,,,,KBB_reg_component,,,,,,,,,,,,,,
season_to_next,reliever,True,2018,WHIP_reg,future_whip,0.22425847444174615,,,,,1.2407094422610927,150.0,,,,,,,,,,,,
season_to_next,reliever,True,2018,pWHIP,future_whip,0.22260424824534897,,,,,,,0.25,,,,,,,,,,,
season_to_next,reliever,True,2018,WAI_beta,future_whip,0.2214327579446372,,,,,,,,2.0,KBB_reg_component,,,,,,,,,
season_to_next,reliever,True,2018,HR9_reg,future_era,1.2699437298534526,,,,,,,,,,0.9604960394225092,1500.0,,,,,,,
season_to_next,reliever,True,2018,ERA_reg,future_era,1.2934859494368567,,,,,,,,,,,,3.556914211244375,150.0,,,,,
season_to_next,reliever,True,2018,EDF,future_era,,,,,,,,,,KBB_reg_component,,,,,3.8165372051530686,-0.19163481151536468,6.554742067909795,2.0812758217094527,-0.01943850102240911
season_to_next,reliever,True,2021,KBB_reg_direct,future_kbb_ratio,1.5264630682793319,200.0,,,,,,,,,,,,,,,,,
season_to_next,reliever,True,2021,KBB_reg_component,future_kbb_ratio,1.5048784513400268,,750.0,200.0,,,,,,,,,,,,,,,
season_to_next,reliever,True,2021,KBB_reg_best,future_kbb_ratio,1.5048784513400268,,,,KBB_reg_component,,,,,,,,,,,,,,
season_to_next,reliever,True,2021,WHIP_reg,future_whip,0.22726285052561898,,,,,1.245555248060914,150.0,,,,,,,,,,,,
season_to_next,reliever,True,2021,pWHIP,future_whip,0.22602561433149973,,,,,,,0.5,,,,,,,,,,,
season_to_next,reliever,True,2021,WAI_beta,future_whip,0.22471776344201758,,,,,,,,2.0,KBB_reg_component,,,,,,,,,
season_to_next,reliever,True,2021,HR9_reg,future_era,1.2954582749075754,,,,,,,,,,0.9624898090458276,1500.0,,,,,,,
season_to_next,reliever,True,2021,ERA_reg,future_era,1.3110561002988037,,,,,,,,,,,,3.594291569743525,150.0,,,,,
season_to_next,reliever,True,2021,EDF,future_era,,,,,,,,,,KBB_reg_component,,,,,3.9198198094544914,-0.6688536462892106,9.766361204731016,1.6239249445687067,0.11132720512261123
season_to_next,reliever,True,2022,KBB_reg_direct,future_kbb_ratio,1.5356340325202487,200.0,,,,,,,,,,,,,,,,,
season_to_next,reliever,True,2022,KBB_reg_component,future_kbb_ratio,1.5124187543910574,,1000.0,200.0,,,,,,,,,,,,,,,
season_to_next,reliever,True,2022,KBB_reg_best,future_kbb_ratio,1.5124187543910574,,,,KBB_reg_component,,,,,,,,,,,,,,
season_to_next,reliever,True,2022,WHIP_reg,future_whip,0.22636671121120266,,,,,1.2443814331017369,150.0,,,,,,,,,,,,
season_to_next,reliever,True,2022,pWHIP,future_whip,0.2246603919176402,,,,,,,0.2,,,,,,,,,,,
season_to_next,reliever,True,2022,WAI_beta,future_whip,0.22387667201929393,,,,,,,,2.0,KBB_reg_component,,,,,,,,,
season_to_next,reliever,True,2022,HR9_reg,future_era,1.2862451437150364,,,,,,,,,,0.9834485321887384,1500.0,,,,,,,
season_to_next,reliever,True,2022,ERA_reg,future_era,1.304365476681235,,,,,,,,,,,,3.613315508983113,150.0,,,,,
season_to_next,reliever,True,2022,EDF,future_era,,,,,,,,,,KBB_reg_component,,,,,3.8876077190640568,-1.1119020524383205,13.124018573499324,2.0795379533424514,0.08908392426373143
season_to_next,reliever,True,2023,KBB_reg_direct,future_kbb_ratio,1.4690764496103665,200.0,,,,,,,,,,,,,,,,,
season_to_next,reliever,True,2023,KBB_reg_component,future_kbb_ratio,1.4478521749699669,,1000.0,200.0,,,,,,,,,,,,,,,
season_to_next,reliever,True,2023,KBB_reg_best,future_kbb_ratio,1.4478521749699669,,,,KBB_reg_component,,,,,,,,,,,,,,
season_to_next,reliever,True,2023,WHIP_reg,future_whip,0.22290908371807552,,,,,1.2384352343037073,150.0,,,,,,,,,,,,
season_to_next,reliever,True,2023,pWHIP,future_whip,0.22099770900169222,,,,,,,0.05,,,,,,,,,,,
season_to_next,reliever,True,2023,WAI_beta,future_whip,0.22035137938536295,,,,,,,,2.0,KBB_reg_component,,,,,,,,,
season_to_next,reliever,True,2023,HR9_reg,future_era,1.2687807914309441,,,,,,,,,,0.9645661395292866,1500.0,,,,,,,
season_to_next,reliever,True,2023,ERA_reg,future_era,1.2923495389358661,,,,,,,,,,,,3.5846662187503133,150.0,,,,,
season_to_next,reliever,True,2023,EDF,future_era,,,,,,,,,,KBB_reg_component,,,,,3.8901000823991643,-0.8576610610824726,13.554098121774786,2.395054762632275,-0.012501723389281521
season_to_next,reliever,True,2024,KBB_reg_direct,future_kbb_ratio,1.4674621422235377,300.0,,,,,,,,,,,,,,,,,
season_to_next,reliever,True,2024,KBB_reg_component,future_kbb_ratio,1.4422297869931342,,1000.0,200.0,,,,,,,,,,,,,,,
season_to_next,reliever,True,2024,KBB_reg_best,future_kbb_ratio,1.4422297869931342,,,,KBB_reg_component,,,,,,,,,,,,,,
season_to_next,reliever,True,2024,WHIP_reg,future_whip,0.22103061329593254,,,,,1.2387897341525602,150.0,,,,,,,,,,,,
season_to_next,reliever,True,2024,pWHIP,future_whip,0.21908195531297361,,,,,,,0.1,,,,,,,,,,,
season_to_next,reliever,True,2024,WAI_beta,future_whip,0.21840488618538978,,,,,,,,2.0,KBB_reg_component,,,,,,,,,
season_to_next,reliever,True,2024,HR9_reg,future_era,1.2536252300593218,,,,,,,,,,0.9699368381224283,1500.0,,,,,,,
season_to_next,reliever,True,2024,ERA_reg,future_era,1.2734621738548106,,,,,,,,,,,,3.6021747636266697,150.0,,,,,
season_to_next,reliever,True,2024,EDF,future_era,,,,,,,,,,KBB_reg_component,,,,,3.868499179773972,-0.8899848318256349,13.552800052541224,2.2127034359833564,0.03142785602110652
