captureDate,captureTimestampCentral,sourceName,sourceUrl,sourcePublishedDate,sourceRank,sourcePlayerName,sourceTeam,sourcePosition,sourceAge,sourcePlayerId,sourceMlbamId,rawRankType,rawLevel,rawNotes
2026-06-11,2026-06-10T22:17:38-05:00,FantasyPros,https://www.fantasypros.com/mlb/rankings/dynasty-overall.php,3/03,1,Shohei Ohtani,LAD,"SP,DH",31,7354,,ECR,,total_experts=2; rank_min=1; rank_max=1
2026-06-11,2026-06-10T22:17:38-05:00,FantasyPros,https://www.fantasypros.com/mlb/rankings/dynasty-overall.php,3/03,2,Bobby Witt Jr.,KC,SS,26,6810,,ECR,,total_experts=2; rank_min=2; rank_max=2
2026-06-11,2026-06-10T22:17:38-05:00,FantasyPros,https://www.fantasypros.com/mlb/rankings/dynasty-overall.php,3/03,3,Juan Soto,NYM,"LF,RF,DH",27,6906,,ECR,,total_experts=2; rank_min=3; rank_max=3
2026-06-11,2026-06-10T22:17:38-05:00,FantasyPros,https://www.fantasypros.com/mlb/rankings/dynasty-overall.php,3/03,4,Corbin Carroll,ARI,"CF,RF",25,23993,,ECR,,total_experts=2; rank_min=4; rank_max=4
2026-06-11,2026-06-10T22:17:38-05:00,FantasyPros,https://www.fantasypros.com/mlb/rankings/dynasty-overall.php,3/03,5,Elly De La Cruz,CIN,SS,24,44884,,ECR,,total_experts=2; rank_min=5; rank_max=5
2026-06-11,2026-06-10T22:17:38-05:00,FantasyPros,https://www.fantasypros.com/mlb/rankings/dynasty-overall.php,3/03,6,Julio Rodriguez,SEA,CF,25,43685,,ECR,,total_experts=2; rank_min=6; rank_max=9
2026-06-11,2026-06-10T22:17:38-05:00,FantasyPros,https://www.fantasypros.com/mlb/rankings/dynasty-overall.php,3/03,7,Ronald Acuna Jr.,ATL,RF,28,6966,,ECR,,total_experts=2; rank_min=7; rank_max=9
2026-06-11,2026-06-10T22:17:38-05:00,FantasyPros,https://www.fantasypros.com/mlb/rankings/dynasty-overall.php,3/03,8,Junior Caminero,TB,3B,22,45016,,ECR,,total_experts=2; rank_min=8; rank_max=8
2026-06-11,2026-06-10T22:17:38-05:00,FantasyPros,https://www.fantasypros.com/mlb/rankings/dynasty-overall.php,3/03,9,Paul Skenes,PIT,SP,24,47239,,ECR,,total_experts=2; rank_min=6; rank_max=11
2026-06-11,2026-06-10T22:17:38-05:00,FantasyPros,https://www.fantasypros.com/mlb/rankings/dynasty-overall.php,3/03,10,Jackson Chourio,MIL,"LF,CF,RF",22,44592,,ECR,,total_experts=2; rank_min=7; rank_max=10
2026-06-11,2026-06-10T22:17:38-05:00,FantasyPros,https://www.fantasypros.com/mlb/rankings/dynasty-overall.php,3/03,11,Nick Kurtz,ATH,1B,23,7354364,,ECR,,total_experts=2; rank_min=11; rank_max=12
2026-06-11,2026-06-10T22:17:38-05:00,FantasyPros,https://www.fantasypros.com/mlb/rankings/dynasty-overall.php,3/03,12,Fernando Tatis Jr.,SD,"2B,RF",27,6853,,ECR,,total_experts=2; rank_min=10; rank_max=14
2026-06-11,2026-06-10T22:17:38-05:00,FantasyPros,https://www.fantasypros.com/mlb/rankings/dynasty-overall.php,3/03,13,Tarik Skubal,DET,SP,29,43633,,ECR,,total_experts=2; rank_min=12; rank_max=15
2026-06-11,2026-06-10T22:17:38-05:00,FantasyPros,https://www.fantasypros.com/mlb/rankings/dynasty-overall.php,3/03,14,Aaron Judge,NYY,"LF,CF,RF,DH",34,4955,,ECR,,total_experts=2; rank_min=13; rank_max=14
2026-06-11,2026-06-10T22:17:38-05:00,FantasyPros,https://www.fantasypros.com/mlb/rankings/dynasty-overall.php,3/03,15,Gunnar Henderson,BAL,"SS,DH",24,23372,,ECR,,total_experts=2; rank_min=13; rank_max=15
2026-06-11,2026-06-10T22:17:38-05:00,FantasyPros,https://www.fantasypros.com/mlb/rankings/dynasty-overall.php,3/03,16,Kyle Tucker,LAD,"RF,DH",29,6006,,ECR,,total_experts=2; rank_min=16; rank_max=17
2026-06-11,2026-06-10T22:17:38-05:00,FantasyPros,https://www.fantasypros.com/mlb/rankings/dynasty-overall.php,3/03,17,Roman Anthony,BOS,"LF,CF,RF,DH",22,46323,,ECR,,total_experts=2; rank_min=16; rank_max=19
2026-06-11,2026-06-10T22:17:38-05:00,FantasyPros,https://www.fantasypros.com/mlb/rankings/dynasty-overall.php,3/03,18,Jose Ramirez,CLE,"3B,DH",33,5288,,ECR,,total_experts=2; rank_min=17; rank_max=21
2026-06-11,2026-06-10T22:17:38-05:00,FantasyPros,https://www.fantasypros.com/mlb/rankings/dynasty-overall.php,3/03,19,Vladimir Guerrero Jr.,TOR,"1B,DH",27,6050,,ECR,,total_experts=2; rank_min=18; rank_max=20
2026-06-11,2026-06-10T22:17:38-05:00,FantasyPros,https://www.fantasypros.com/mlb/rankings/dynasty-overall.php,3/03,20,Garrett Crochet,BOS,SP,26,43886,,ECR,,total_experts=2; rank_min=20; rank_max=21
2026-06-11,2026-06-10T22:17:38-05:00,FantasyPros,https://www.fantasypros.com/mlb/rankings/dynasty-overall.php,3/03,21,James Wood,WSH,"LF,RF,DH",23,44720,,ECR,,total_experts=2; rank_min=19; rank_max=26
2026-06-11,2026-06-10T22:17:38-05:00,FantasyPros,https://www.fantasypros.com/mlb/rankings/dynasty-overall.php,3/03,22,Cal Raleigh,SEA,"C,DH",29,8457,,ECR,,total_experts=2; rank_min=22; rank_max=23
2026-06-11,2026-06-10T22:17:38-05:00,FantasyPros,https://www.fantasypros.com/mlb/rankings/dynasty-overall.php,3/03,23,Pete Crow-Armstrong,CHC,CF,24,23369,,ECR,,total_experts=2; rank_min=22; rank_max=25
2026-06-11,2026-06-10T22:17:38-05:00,FantasyPros,https://www.fantasypros.com/mlb/rankings/dynasty-overall.php,3/03,24,Wyatt Langford,TEX,"LF,CF",24,47238,,ECR,,total_experts=2; rank_min=24; rank_max=24
2026-06-11,2026-06-10T22:17:38-05:00,FantasyPros,https://www.fantasypros.com/mlb/rankings/dynasty-overall.php,3/03,25,Konnor Griffin,PIT,"SS,CF",20,7354367,,ECR,,total_experts=2; rank_min=18; rank_max=33
2026-06-11,2026-06-10T22:17:38-05:00,FantasyPros,https://www.fantasypros.com/mlb/rankings/dynasty-overall.php,3/03,26,Ketel Marte,ARI,"2B,DH",32,5179,,ECR,,total_experts=2; rank_min=23; rank_max=31
2026-06-11,2026-06-10T22:17:38-05:00,FantasyPros,https://www.fantasypros.com/mlb/rankings/dynasty-overall.php,3/03,27,Yordan Alvarez,HOU,"LF,DH",28,6461,,ECR,,total_experts=2; rank_min=26; rank_max=29
2026-06-11,2026-06-10T22:17:38-05:00,FantasyPros,https://www.fantasypros.com/mlb/rankings/dynasty-overall.php,3/03,28,Francisco Lindor,NYM,SS,32,4569,,ECR,,total_experts=2; rank_min=27; rank_max=28
2026-06-11,2026-06-10T22:17:38-05:00,FantasyPros,https://www.fantasypros.com/mlb/rankings/dynasty-overall.php,3/03,29,Yoshinobu Yamamoto,LAD,SP,27,48250,,ECR,,total_experts=2; rank_min=25; rank_max=33
2026-06-11,2026-06-10T22:17:38-05:00,FantasyPros,https://www.fantasypros.com/mlb/rankings/dynasty-overall.php,3/03,30,Hunter Brown,HOU,SP,27,44176,,ECR,,total_experts=2; rank_min=27; rank_max=31
2026-06-11,2026-06-10T22:17:38-05:00,FantasyPros,https://www.fantasypros.com/mlb/rankings/dynasty-overall.php,3/03,31,Rafael Devers,SF,"1B,DH",29,5175,,ECR,,total_experts=2; rank_min=28; rank_max=30
2026-06-11,2026-06-10T22:17:38-05:00,FantasyPros,https://www.fantasypros.com/mlb/rankings/dynasty-overall.php,3/03,32,Pete Alonso,BAL,"1B,DH",31,6960,,ECR,,total_experts=2; rank_min=32; rank_max=36
2026-06-11,2026-06-10T22:17:38-05:00,FantasyPros,https://www.fantasypros.com/mlb/rankings/dynasty-overall.php,3/03,33,CJ Abrams,WSH,SS,25,19879,,ECR,,total_experts=2; rank_min=32; rank_max=36
2026-06-11,2026-06-10T22:17:38-05:00,FantasyPros,https://www.fantasypros.com/mlb/rankings/dynasty-overall.php,3/03,34,Zach Neto,LAA,SS,25,46294,,ECR,,total_experts=2; rank_min=34; rank_max=34
2026-06-11,2026-06-10T22:17:38-05:00,FantasyPros,https://www.fantasypros.com/mlb/rankings/dynasty-overall.php,3/03,35,Jackson Merrill,SD,CF,23,44756,,ECR,,total_experts=2; rank_min=29; rank_max=41
2026-06-11,2026-06-10T22:17:38-05:00,FantasyPros,https://www.fantasypros.com/mlb/rankings/dynasty-overall.php,3/03,36,Jazz Chisholm Jr.,NYY,"2B,3B",28,8449,,ECR,,total_experts=2; rank_min=30; rank_max=40
2026-06-11,2026-06-10T22:17:38-05:00,FantasyPros,https://www.fantasypros.com/mlb/rankings/dynasty-overall.php,3/03,37,Logan Gilbert,SEA,SP,29,7453,,ECR,,total_experts=2; rank_min=35; rank_max=37
2026-06-11,2026-06-10T22:17:38-05:00,FantasyPros,https://www.fantasypros.com/mlb/rankings/dynasty-overall.php,3/03,38,Cristopher Sanchez,PHI,SP,29,39312,,ECR,,total_experts=2; rank_min=35; rank_max=38
2026-06-11,2026-06-10T22:17:38-05:00,FantasyPros,https://www.fantasypros.com/mlb/rankings/dynasty-overall.php,3/03,39,Jackson Holliday,BAL,"2B,SS",22,46268,,ECR,,total_experts=2; rank_min=38; rank_max=44
2026-06-11,2026-06-10T22:17:38-05:00,FantasyPros,https://www.fantasypros.com/mlb/rankings/dynasty-overall.php,3/03,40,Eury Perez,MIA,SP,23,44610,,ECR,,total_experts=2; rank_min=39; rank_max=43
2026-06-11,2026-06-10T22:17:38-05:00,FantasyPros,https://www.fantasypros.com/mlb/rankings/dynasty-overall.php,3/03,41,Bryan Woo,SEA,SP,26,47011,,ECR,,total_experts=2; rank_min=39; rank_max=43
2026-06-11,2026-06-10T22:17:38-05:00,FantasyPros,https://www.fantasypros.com/mlb/rankings/dynasty-overall.php,3/03,42,Riley Greene,DET,"LF,CF,RF,DH",25,19457,,ECR,,total_experts=2; rank_min=37; rank_max=46
2026-06-11,2026-06-10T22:17:38-05:00,FantasyPros,https://www.fantasypros.com/mlb/rankings/dynasty-overall.php,3/03,43,Kyle Schwarber,PHI,"LF,DH",33,5686,,ECR,,total_experts=2; rank_min=41; rank_max=44
2026-06-11,2026-06-10T22:17:38-05:00,FantasyPros,https://www.fantasypros.com/mlb/rankings/dynasty-overall.php,3/03,44,Bryce Harper,PHI,1B,33,4293,,ECR,,total_experts=2; rank_min=45; rank_max=45
2026-06-11,2026-06-10T22:17:38-05:00,FantasyPros,https://www.fantasypros.com/mlb/rankings/dynasty-overall.php,3/03,45,Kevin McGonigle,DET,"3B,SS",21,47220,,ECR,,total_experts=2; rank_min=40; rank_max=51
2026-06-11,2026-06-10T22:17:38-05:00,FantasyPros,https://www.fantasypros.com/mlb/rankings/dynasty-overall.php,3/03,46,Hunter Greene,CIN,SP,26,6871,,ECR,,total_experts=2; rank_min=42; rank_max=53
2026-06-11,2026-06-10T22:17:38-05:00,FantasyPros,https://www.fantasypros.com/mlb/rankings/dynasty-overall.php,3/03,47,Trea Turner,PHI,SS,32,5828,,ECR,,total_experts=2; rank_min=48; rank_max=48
2026-06-11,2026-06-10T22:17:38-05:00,FantasyPros,https://www.fantasypros.com/mlb/rankings/dynasty-overall.php,3/03,48,Jesus Made,MIL,"2B,3B,SS",19,7354893,,ECR,,total_experts=2; rank_min=42; rank_max=56
2026-06-11,2026-06-10T22:17:38-05:00,FantasyPros,https://www.fantasypros.com/mlb/rankings/dynasty-overall.php,3/03,49,Austin Riley,ATL,3B,29,6022,,ECR,,total_experts=2; rank_min=50; rank_max=51
2026-06-11,2026-06-10T22:17:38-05:00,FantasyPros,https://www.fantasypros.com/mlb/rankings/dynasty-overall.php,3/03,50,Jarren Duran,BOS,"LF,CF,DH",29,10054,,ECR,,total_experts=2; rank_min=50; rank_max=52
2026-06-11,2026-06-10T22:17:38-05:00,FantasyPros,https://www.fantasypros.com/mlb/rankings/dynasty-overall.php,3/03,51,Manny Machado,SD,3B,33,3778,,ECR,,total_experts=2; rank_min=47; rank_max=57
2026-06-11,2026-06-10T22:17:38-05:00,FantasyPros,https://www.fantasypros.com/mlb/rankings/dynasty-overall.php,3/03,52,Mookie Betts,LAD,SS,33,4921,,ECR,,total_experts=2; rank_min=52; rank_max=54
2026-06-11,2026-06-10T22:17:38-05:00,FantasyPros,https://www.fantasypros.com/mlb/rankings/dynasty-overall.php,3/03,53,Chase Burns,CIN,"SP,RP",23,44722,,ECR,,total_experts=2; rank_min=55; rank_max=56
2026-06-11,2026-06-10T22:17:38-05:00,FantasyPros,https://www.fantasypros.com/mlb/rankings/dynasty-overall.php,3/03,54,Cole Ragans,KC,SP,28,6834,,ECR,,total_experts=2; rank_min=55; rank_max=58
2026-06-11,2026-06-10T22:17:38-05:00,FantasyPros,https://www.fantasypros.com/mlb/rankings/dynasty-overall.php,3/03,55,Jac Caglianone,KC,"1B,RF,DH",23,7354363,,ECR,,total_experts=2; rank_min=54; rank_max=61
2026-06-11,2026-06-10T22:17:38-05:00,FantasyPros,https://www.fantasypros.com/mlb/rankings/dynasty-overall.php,3/03,56,Jacob Misiorowski,MIL,SP,24,46366,,ECR,,total_experts=2; rank_min=46; rank_max=70
2026-06-11,2026-06-10T22:17:38-05:00,FantasyPros,https://www.fantasypros.com/mlb/rankings/dynasty-overall.php,3/03,57,Logan Webb,SF,SP,29,8146,,ECR,,total_experts=2; rank_min=53; rank_max=63
2026-06-11,2026-06-10T22:17:38-05:00,FantasyPros,https://www.fantasypros.com/mlb/rankings/dynasty-overall.php,3/03,58,JJ Wetherholt,STL,"2B,3B,SS",23,7354366,,ECR,,total_experts=2; rank_min=49; rank_max=68
2026-06-11,2026-06-10T22:17:38-05:00,FantasyPros,https://www.fantasypros.com/mlb/rankings/dynasty-overall.php,3/03,59,George Kirby,SEA,SP,28,20405,,ECR,,total_experts=2; rank_min=60; rank_max=64
2026-06-11,2026-06-10T22:17:38-05:00,FantasyPros,https://www.fantasypros.com/mlb/rankings/dynasty-overall.php,3/03,60,Sebastian Walcott,TEX,"3B,SS",20,48150,,ECR,,total_experts=2; rank_min=62; rank_max=63
2026-06-11,2026-06-10T22:17:38-05:00,FantasyPros,https://www.fantasypros.com/mlb/rankings/dynasty-overall.php,3/03,61,Max Clark,DET,CF,21,47237,,ECR,,total_experts=2; rank_min=58; rank_max=69
2026-06-11,2026-06-10T22:17:38-05:00,FantasyPros,https://www.fantasypros.com/mlb/rankings/dynasty-overall.php,3/03,62,Spencer Strider,ATL,SP,27,44282,,ECR,,total_experts=2; rank_min=49; rank_max=79
2026-06-11,2026-06-10T22:17:38-05:00,FantasyPros,https://www.fantasypros.com/mlb/rankings/dynasty-overall.php,3/03,63,Matt Olson,ATL,1B,32,5718,,ECR,,total_experts=2; rank_min=65; rank_max=67
2026-06-11,2026-06-10T22:17:38-05:00,FantasyPros,https://www.fantasypros.com/mlb/rankings/dynasty-overall.php,3/03,64,Leo De Vries,ATH,SS,19,7354178,,ECR,,total_experts=2; rank_min=65; rank_max=68
2026-06-11,2026-06-10T22:17:38-05:00,FantasyPros,https://www.fantasypros.com/mlb/rankings/dynasty-overall.php,3/03,65,Bubba Chandler,PIT,SP,23,44682,,ECR,,total_experts=2; rank_min=66; rank_max=67
2026-06-11,2026-06-10T22:17:38-05:00,FantasyPros,https://www.fantasypros.com/mlb/rankings/dynasty-overall.php,3/03,66,Jeremy Pena,HOU,SS,28,43642,,ECR,,total_experts=2; rank_min=61; rank_max=73
2026-06-11,2026-06-10T22:17:38-05:00,FantasyPros,https://www.fantasypros.com/mlb/rankings/dynasty-overall.php,3/03,67,Freddy Peralta,NYM,SP,30,7274,,ECR,,total_experts=2; rank_min=62; rank_max=74
2026-06-11,2026-06-10T22:17:38-05:00,FantasyPros,https://www.fantasypros.com/mlb/rankings/dynasty-overall.php,3/03,68,Joe Ryan,MIN,SP,30,43688,,ECR,,total_experts=2; rank_min=59; rank_max=78
2026-06-11,2026-06-10T22:17:38-05:00,FantasyPros,https://www.fantasypros.com/mlb/rankings/dynasty-overall.php,3/03,69,Spencer Schwellenbach,ATL,SP,26,44729,,ECR,,total_experts=2; rank_min=47; rank_max=92
2026-06-11,2026-06-10T22:17:38-05:00,FantasyPros,https://www.fantasypros.com/mlb/rankings/dynasty-overall.php,3/03,70,Bryce Eldridge,SF,"1B,DH",21,47216,,ECR,,total_experts=2; rank_min=59; rank_max=82
2026-06-11,2026-06-10T22:17:38-05:00,FantasyPros,https://www.fantasypros.com/mlb/rankings/dynasty-overall.php,3/03,71,Brent Rooker,ATH,"LF,RF,DH",31,7318,,ECR,,total_experts=2; rank_min=60; rank_max=81
2026-06-11,2026-06-10T22:17:38-05:00,FantasyPros,https://www.fantasypros.com/mlb/rankings/dynasty-overall.php,3/03,72,Freddie Freeman,LAD,1B,36,3365,,ECR,,total_experts=2; rank_min=66; rank_max=75
2026-06-11,2026-06-10T22:17:38-05:00,FantasyPros,https://www.fantasypros.com/mlb/rankings/dynasty-overall.php,3/03,73,Max Fried,NYY,SP,32,4729,,ECR,,total_experts=2; rank_min=72; rank_max=77
2026-06-11,2026-06-10T22:17:38-05:00,FantasyPros,https://www.fantasypros.com/mlb/rankings/dynasty-overall.php,3/03,74,Josh Naylor,SEA,"1B,DH",28,6054,,ECR,,total_experts=2; rank_min=71; rank_max=79
2026-06-11,2026-06-10T22:17:38-05:00,FantasyPros,https://www.fantasypros.com/mlb/rankings/dynasty-overall.php,3/03,75,Mason Miller,SD,RP,27,45221,,ECR,,total_experts=2; rank_min=75; rank_max=77
2026-06-11,2026-06-10T22:17:38-05:00,FantasyPros,https://www.fantasypros.com/mlb/rankings/dynasty-overall.php,3/03,76,Jacob Wilson,ATH,SS,24,47235,,ECR,,total_experts=2; rank_min=71; rank_max=85
2026-06-11,2026-06-10T22:17:38-05:00,FantasyPros,https://www.fantasypros.com/mlb/rankings/dynasty-overall.php,3/03,77,Alex Bregman,CHC,3B,32,5973,,ECR,,total_experts=2; rank_min=74; rank_max=82
2026-06-11,2026-06-10T22:17:38-05:00,FantasyPros,https://www.fantasypros.com/mlb/rankings/dynasty-overall.php,3/03,78,Maikel Garcia,KC,"2B,3B,SS,OF",26,44626,,ECR,,total_experts=2; rank_min=73; rank_max=87
2026-06-11,2026-06-10T22:17:38-05:00,FantasyPros,https://www.fantasypros.com/mlb/rankings/dynasty-overall.php,3/03,79,Samuel Basallo,BAL,"C,DH",21,44938,,ECR,,total_experts=2; rank_min=70; rank_max=91
2026-06-11,2026-06-10T22:17:38-05:00,FantasyPros,https://www.fantasypros.com/mlb/rankings/dynasty-overall.php,3/03,80,Andy Pages,LAD,"LF,CF,RF",25,43671,,ECR,,total_experts=2; rank_min=69; rank_max=93
2026-06-11,2026-06-10T22:17:38-05:00,FantasyPros,https://www.fantasypros.com/mlb/rankings/dynasty-overall.php,3/03,81,William Contreras,MIL,"C,DH",28,7659,,ECR,,total_experts=2; rank_min=78; rank_max=86
2026-06-11,2026-06-10T22:17:38-05:00,FantasyPros,https://www.fantasypros.com/mlb/rankings/dynasty-overall.php,3/03,82,Travis Bazzana,CLE,2B,23,7354362,,ECR,,total_experts=2; rank_min=81; rank_max=83
2026-06-11,2026-06-10T22:17:38-05:00,FantasyPros,https://www.fantasypros.com/mlb/rankings/dynasty-overall.php,3/03,83,Vinnie Pasquantino,KC,"1B,DH",28,44894,,ECR,,total_experts=2; rank_min=72; rank_max=95
2026-06-11,2026-06-10T22:17:38-05:00,FantasyPros,https://www.fantasypros.com/mlb/rankings/dynasty-overall.php,3/03,84,Geraldo Perdomo,ARI,SS,26,43732,,ECR,,total_experts=2; rank_min=83; rank_max=86
2026-06-11,2026-06-10T22:17:38-05:00,FantasyPros,https://www.fantasypros.com/mlb/rankings/dynasty-overall.php,3/03,85,Nolan McLean,NYM,SP,24,47159,,ECR,,total_experts=2; rank_min=57; rank_max=113
2026-06-11,2026-06-10T22:17:38-05:00,FantasyPros,https://www.fantasypros.com/mlb/rankings/dynasty-overall.php,3/03,86,Oneil Cruz,PIT,"CF,DH",27,39199,,ECR,,total_experts=2; rank_min=64; rank_max=108
2026-06-11,2026-06-10T22:17:38-05:00,FantasyPros,https://www.fantasypros.com/mlb/rankings/dynasty-overall.php,3/03,87,Ben Rice,NYY,"C,1B,DH",27,47445,,ECR,,total_experts=2; rank_min=76; rank_max=96
2026-06-11,2026-06-10T22:17:38-05:00,FantasyPros,https://www.fantasypros.com/mlb/rankings/dynasty-overall.php,3/03,88,Lawrence Butler,ATH,"CF,RF",25,45753,,ECR,,total_experts=2; rank_min=84; rank_max=90
2026-06-11,2026-06-10T22:17:38-05:00,FantasyPros,https://www.fantasypros.com/mlb/rankings/dynasty-overall.php,3/03,89,Corey Seager,TEX,SS,32,4805,,ECR,,total_experts=2; rank_min=76; rank_max=100
2026-06-11,2026-06-10T22:17:38-05:00,FantasyPros,https://www.fantasypros.com/mlb/rankings/dynasty-overall.php,3/03,90,Kyle Stowers,MIA,"LF,CF,RF",28,22314,,ECR,,total_experts=2; rank_min=80; rank_max=99
2026-06-11,2026-06-10T22:17:38-05:00,FantasyPros,https://www.fantasypros.com/mlb/rankings/dynasty-overall.php,3/03,91,Bo Bichette,NYM,"3B,SS",28,6808,,ECR,,total_experts=2; rank_min=80; rank_max=101
2026-06-11,2026-06-10T22:17:38-05:00,FantasyPros,https://www.fantasypros.com/mlb/rankings/dynasty-overall.php,3/03,92,Seiya Suzuki,CHC,"LF,RF,DH",31,6973,,ECR,,total_experts=2; rank_min=88; rank_max=99
2026-06-11,2026-06-10T22:17:38-05:00,FantasyPros,https://www.fantasypros.com/mlb/rankings/dynasty-overall.php,3/03,93,MacKenzie Gore,TEX,SP,27,7146,,ECR,,total_experts=2; rank_min=85; rank_max=105
2026-06-11,2026-06-10T22:17:38-05:00,FantasyPros,https://www.fantasypros.com/mlb/rankings/dynasty-overall.php,3/03,94,Walker Jenkins,MIN,CF,21,47233,,ECR,,total_experts=2; rank_min=89; rank_max=102
2026-06-11,2026-06-10T22:17:38-05:00,FantasyPros,https://www.fantasypros.com/mlb/rankings/dynasty-overall.php,3/03,95,Brice Turang,MIL,2B,26,6817,,ECR,,total_experts=2; rank_min=87; rank_max=105
2026-06-11,2026-06-10T22:17:38-05:00,FantasyPros,https://www.fantasypros.com/mlb/rankings/dynasty-overall.php,3/03,96,Andres Munoz,SEA,RP,27,24281,,ECR,,total_experts=2; rank_min=88; rank_max=109
2026-06-11,2026-06-10T22:17:38-05:00,FantasyPros,https://www.fantasypros.com/mlb/rankings/dynasty-overall.php,3/03,97,Jo Adell,LAA,"LF,CF,RF",27,6899,,ECR,,total_experts=2; rank_min=84; rank_max=117
2026-06-11,2026-06-10T22:17:38-05:00,FantasyPros,https://www.fantasypros.com/mlb/rankings/dynasty-overall.php,3/03,98,Cody Bellinger,NYY,"LF,CF,RF",30,6045,,ECR,,total_experts=2; rank_min=97; rank_max=104
2026-06-11,2026-06-10T22:17:38-05:00,FantasyPros,https://www.fantasypros.com/mlb/rankings/dynasty-overall.php,3/03,99,Michael Busch,CHC,1B,28,23859,,ECR,,total_experts=2; rank_min=96; rank_max=106
2026-06-11,2026-06-10T22:17:38-05:00,FantasyPros,https://www.fantasypros.com/mlb/rankings/dynasty-overall.php,3/03,100,Framber Valdez,DET,SP,32,7627,,ECR,,total_experts=2; rank_min=91; rank_max=112
2026-06-11,2026-06-10T22:17:38-05:00,FantasyPros,https://www.fantasypros.com/mlb/rankings/dynasty-overall.php,3/03,101,Michael Harris II,ATL,CF,25,43924,,ECR,,total_experts=2; rank_min=95; rank_max=110
2026-06-11,2026-06-10T22:17:38-05:00,FantasyPros,https://www.fantasypros.com/mlb/rankings/dynasty-overall.php,3/03,102,Jordan Westburg,BAL,"2B,3B",27,43831,,ECR,,total_experts=2; rank_min=94; rank_max=114
2026-06-11,2026-06-10T22:17:38-05:00,FantasyPros,https://www.fantasypros.com/mlb/rankings/dynasty-overall.php,3/03,103,Luis Pena,MIL,"2B,3B,SS",19,7354894,,ECR,,total_experts=2; rank_min=94; rank_max=116
2026-06-11,2026-06-10T22:17:38-05:00,FantasyPros,https://www.fantasypros.com/mlb/rankings/dynasty-overall.php,3/03,104,Michael King,SD,SP,31,8489,,ECR,,total_experts=2; rank_min=100; rank_max=111
2026-06-11,2026-06-10T22:17:38-05:00,FantasyPros,https://www.fantasypros.com/mlb/rankings/dynasty-overall.php,3/03,105,Blake Snell,LAD,SP,33,5835,,ECR,,total_experts=2; rank_min=103; rank_max=110
2026-06-11,2026-06-10T22:17:38-05:00,FantasyPros,https://www.fantasypros.com/mlb/rankings/dynasty-overall.php,3/03,106,Jhoan Duran,PHI,RP,28,8034,,ECR,,total_experts=2; rank_min=89; rank_max=126
2026-06-11,2026-06-10T22:17:38-05:00,FantasyPros,https://www.fantasypros.com/mlb/rankings/dynasty-overall.php,3/03,107,Agustin Ramirez,MIA,"C,DH",24,47304,,ECR,,total_experts=2; rank_min=101; rank_max=115
2026-06-11,2026-06-10T22:17:38-05:00,FantasyPros,https://www.fantasypros.com/mlb/rankings/dynasty-overall.php,3/03,108,Roki Sasaki,LAD,SP,24,7354019,,ECR,,total_experts=2; rank_min=92; rank_max=126
2026-06-11,2026-06-10T22:17:38-05:00,FantasyPros,https://www.fantasypros.com/mlb/rankings/dynasty-overall.php,3/03,109,Randy Arozarena,SEA,"LF,CF",31,6962,,ECR,,total_experts=2; rank_min=98; rank_max=122
2026-06-11,2026-06-10T22:17:38-05:00,FantasyPros,https://www.fantasypros.com/mlb/rankings/dynasty-overall.php,3/03,110,Ceddanne Rafaela,BOS,"2B,CF",25,45510,,ECR,,total_experts=2; rank_min=93; rank_max=128
2026-06-11,2026-06-10T22:17:38-05:00,FantasyPros,https://www.fantasypros.com/mlb/rankings/dynasty-overall.php,3/03,111,Matt Shaw,CHC,"2B,3B,RF,DH",24,47221,,ECR,,total_experts=2; rank_min=97; rank_max=125
2026-06-11,2026-06-10T22:17:38-05:00,FantasyPros,https://www.fantasypros.com/mlb/rankings/dynasty-overall.php,3/03,112,Shane McClanahan,TB,SP,29,7487,,ECR,,total_experts=2; rank_min=103; rank_max=125
2026-06-11,2026-06-10T22:17:38-05:00,FantasyPros,https://www.fantasypros.com/mlb/rankings/dynasty-overall.php,3/03,113,Byron Buxton,MIN,"CF,DH",32,4672,,ECR,,total_experts=2; rank_min=109; rank_max=121
2026-06-11,2026-06-10T22:17:38-05:00,FantasyPros,https://www.fantasypros.com/mlb/rankings/dynasty-overall.php,3/03,114,Tyler Soderstrom,ATH,"1B,LF",24,43845,,ECR,,total_experts=2; rank_min=102; rank_max=130
2026-06-11,2026-06-10T22:17:38-05:00,FantasyPros,https://www.fantasypros.com/mlb/rankings/dynasty-overall.php,3/03,115,Adley Rutschman,BAL,"C,DH",28,8022,,ECR,,total_experts=2; rank_min=111; rank_max=123
2026-06-11,2026-06-10T22:17:38-05:00,FantasyPros,https://www.fantasypros.com/mlb/rankings/dynasty-overall.php,3/03,116,Jesus Luzardo,PHI,SP,28,6889,,ECR,,total_experts=2; rank_min=112; rank_max=122
2026-06-11,2026-06-10T22:17:38-05:00,FantasyPros,https://www.fantasypros.com/mlb/rankings/dynasty-overall.php,3/03,117,Munetaka Murakami,CWS,"1B,3B",26,7356360,,ECR,,total_experts=2; rank_min=118; rank_max=118
2026-06-11,2026-06-10T22:17:38-05:00,FantasyPros,https://www.fantasypros.com/mlb/rankings/dynasty-overall.php,3/03,118,Emmet Sheehan,LAD,SP,26,45411,,ECR,,total_experts=2; rank_min=104; rank_max=135
2026-06-11,2026-06-10T22:17:38-05:00,FantasyPros,https://www.fantasypros.com/mlb/rankings/dynasty-overall.php,3/03,119,Marcelo Mayer,BOS,"2B,3B,SS",23,44663,,ECR,,total_experts=2; rank_min=107; rank_max=133
2026-06-11,2026-06-10T22:17:38-05:00,FantasyPros,https://www.fantasypros.com/mlb/rankings/dynasty-overall.php,3/03,120,Pablo Lopez,MIN,SP,30,7289,,ECR,,total_experts=2; rank_min=90; rank_max=90
2026-06-11,2026-06-10T22:17:38-05:00,FantasyPros,https://www.fantasypros.com/mlb/rankings/dynasty-overall.php,3/03,121,Andrew Painter,PHI,SP,23,44680,,ECR,,total_experts=2; rank_min=120; rank_max=124
2026-06-11,2026-06-10T22:17:38-05:00,FantasyPros,https://www.fantasypros.com/mlb/rankings/dynasty-overall.php,3/03,122,Josue De Paula,LAD,LF,21,46763,,ECR,,total_experts=2; rank_min=114; rank_max=131
2026-06-11,2026-06-10T22:17:38-05:00,FantasyPros,https://www.fantasypros.com/mlb/rankings/dynasty-overall.php,3/03,123,Dylan Crews,WSH,"CF,RF",24,8269,,ECR,,total_experts=2; rank_min=98; rank_max=150
2026-06-11,2026-06-10T22:17:38-05:00,FantasyPros,https://www.fantasypros.com/mlb/rankings/dynasty-overall.php,3/03,124,Trey Yesavage,TOR,SP,22,7354369,,ECR,,total_experts=2; rank_min=121; rank_max=132
2026-06-11,2026-06-10T22:17:38-05:00,FantasyPros,https://www.fantasypros.com/mlb/rankings/dynasty-overall.php,3/03,125,Aidan Miller,PHI,SS,22,47230,,ECR,,total_experts=2; rank_min=113; rank_max=142
2026-06-11,2026-06-10T22:17:38-05:00,FantasyPros,https://www.fantasypros.com/mlb/rankings/dynasty-overall.php,3/03,126,Wilyer Abreu,BOS,"LF,CF,RF",26,45630,,ECR,,total_experts=2; rank_min=117; rank_max=138
2026-06-11,2026-06-10T22:17:38-05:00,FantasyPros,https://www.fantasypros.com/mlb/rankings/dynasty-overall.php,3/03,127,Sal Stewart,CIN,"1B,2B,3B,DH",22,46342,,ECR,,total_experts=2; rank_min=106; rank_max=170
2026-06-11,2026-06-10T22:17:38-05:00,FantasyPros,https://www.fantasypros.com/mlb/rankings/dynasty-overall.php,3/03,128,Ryan Waldschmidt,ARI,"LF,CF,RF",23,7354513,,ECR,,total_experts=2; rank_min=107; rank_max=297
2026-06-11,2026-06-10T22:17:38-05:00,FantasyPros,https://www.fantasypros.com/mlb/rankings/dynasty-overall.php,3/03,129,Steven Kwan,CLE,"LF,CF",28,44349,,ECR,,total_experts=2; rank_min=123; rank_max=135
2026-06-11,2026-06-10T22:17:38-05:00,FantasyPros,https://www.fantasypros.com/mlb/rankings/dynasty-overall.php,3/03,130,Jasson Dominguez,NYY,"LF,CF,DH",23,8513,,ECR,,total_experts=2; rank_min=108; rank_max=108
2026-06-11,2026-06-10T22:17:38-05:00,FantasyPros,https://www.fantasypros.com/mlb/rankings/dynasty-overall.php,3/03,131,Chandler Simpson,TB,"LF,CF",25,46426,,ECR,,total_experts=2; rank_min=116; rank_max=143
2026-06-11,2026-06-10T22:17:38-05:00,FantasyPros,https://www.fantasypros.com/mlb/rankings/dynasty-overall.php,3/03,132,Kristian Campbell,BOS,"2B,CF",23,48018,,ECR,,total_experts=2; rank_min=115; rank_max=115
2026-06-11,2026-06-10T22:17:38-05:00,FantasyPros,https://www.fantasypros.com/mlb/rankings/dynasty-overall.php,3/03,133,Jacob deGrom,TEX,SP,38,4850,,ECR,,total_experts=2; rank_min=130; rank_max=138
2026-06-11,2026-06-10T22:17:38-05:00,FantasyPros,https://www.fantasypros.com/mlb/rankings/dynasty-overall.php,3/03,134,Drake Baldwin,ATL,"C,DH",25,46737,,ECR,,total_experts=2; rank_min=133; rank_max=136
2026-06-11,2026-06-10T22:17:38-05:00,FantasyPros,https://www.fantasypros.com/mlb/rankings/dynasty-overall.php,3/03,135,Nico Hoerner,CHC,"2B,SS",29,7934,,ECR,,total_experts=2; rank_min=119; rank_max=200
2026-06-11,2026-06-10T22:17:38-05:00,FantasyPros,https://www.fantasypros.com/mlb/rankings/dynasty-overall.php,3/03,136,Zack Wheeler,PHI,SP,36,4603,,ECR,,total_experts=2; rank_min=119; rank_max=119
2026-06-11,2026-06-10T22:17:38-05:00,FantasyPros,https://www.fantasypros.com/mlb/rankings/dynasty-overall.php,3/03,137,Carson Benge,NYM,"LF,CF,RF",23,7354378,,ECR,,total_experts=2; rank_min=120; rank_max=163
2026-06-11,2026-06-10T22:17:38-05:00,FantasyPros,https://www.fantasypros.com/mlb/rankings/dynasty-overall.php,3/03,138,Hunter Goodman,COL,"C,DH",26,45393,,ECR,,total_experts=2; rank_min=127; rank_max=144
2026-06-11,2026-06-10T22:17:38-05:00,FantasyPros,https://www.fantasypros.com/mlb/rankings/dynasty-overall.php,3/03,139,Willy Adames,SF,SS,30,5988,,ECR,,total_experts=2; rank_min=128; rank_max=146
2026-06-11,2026-06-10T22:17:38-05:00,FantasyPros,https://www.fantasypros.com/mlb/rankings/dynasty-overall.php,3/03,140,Will Smith,LAD,C,31,7671,,ECR,,total_experts=2; rank_min=124; rank_max=124
2026-06-11,2026-06-10T22:17:38-05:00,FantasyPros,https://www.fantasypros.com/mlb/rankings/dynasty-overall.php,3/03,141,Zyhir Hope,LAD,RF,21,48294,,ECR,,total_experts=2; rank_min=129; rank_max=146
2026-06-11,2026-06-10T22:17:38-05:00,FantasyPros,https://www.fantasypros.com/mlb/rankings/dynasty-overall.php,3/03,142,Lazaro Montes,SEA,RF,21,46431,,ECR,,total_experts=2; rank_min=129; rank_max=148
2026-06-11,2026-06-10T22:17:38-05:00,FantasyPros,https://www.fantasypros.com/mlb/rankings/dynasty-overall.php,3/03,143,Dylan Cease,TOR,SP,30,6848,,ECR,,total_experts=2; rank_min=127; rank_max=127
2026-06-11,2026-06-10T22:17:38-05:00,FantasyPros,https://www.fantasypros.com/mlb/rankings/dynasty-overall.php,3/03,144,Jackson Jobe,DET,"SP,RP",23,44667,,ECR,,total_experts=2; rank_min=131; rank_max=131
2026-06-11,2026-06-10T22:17:38-05:00,FantasyPros,https://www.fantasypros.com/mlb/rankings/dynasty-overall.php,3/03,145,Brenton Doyle,COL,CF,28,45599,,ECR,,total_experts=2; rank_min=132; rank_max=150
2026-06-11,2026-06-10T22:17:38-05:00,FantasyPros,https://www.fantasypros.com/mlb/rankings/dynasty-overall.php,3/03,146,Kyle Bradish,BAL,SP,29,39964,,ECR,,total_experts=2; rank_min=134; rank_max=152
2026-06-11,2026-06-10T22:17:38-05:00,FantasyPros,https://www.fantasypros.com/mlb/rankings/dynasty-overall.php,3/03,147,Jordan Lawlar,ARI,"3B,LF",23,44664,,ECR,,total_experts=2; rank_min=134; rank_max=134
2026-06-11,2026-06-10T22:17:38-05:00,FantasyPros,https://www.fantasypros.com/mlb/rankings/dynasty-overall.php,3/03,148,Cam Smith,HOU,RF,23,46344,,ECR,,total_experts=2; rank_min=136; rank_max=136
2026-06-11,2026-06-10T22:17:38-05:00,FantasyPros,https://www.fantasypros.com/mlb/rankings/dynasty-overall.php,3/03,149,Chris Sale,ATL,SP,37,3207,,ECR,,total_experts=2; rank_min=137; rank_max=151
2026-06-11,2026-06-10T22:17:38-05:00,FantasyPros,https://www.fantasypros.com/mlb/rankings/dynasty-overall.php,3/03,150,Shota Imanaga,CHC,SP,32,6979,,ECR,,total_experts=2; rank_min=137; rank_max=137
2026-06-11,2026-06-10T22:17:38-05:00,FantasyPros,https://www.fantasypros.com/mlb/rankings/dynasty-overall.php,3/03,151,Noelvi Marte,CIN,"3B,RF",24,8284,,ECR,,total_experts=2; rank_min=139; rank_max=164
2026-06-11,2026-06-10T22:17:38-05:00,FantasyPros,https://www.fantasypros.com/mlb/rankings/dynasty-overall.php,3/03,152,Tyler Glasnow,LAD,SP,32,4587,,ECR,,total_experts=2; rank_min=139; rank_max=139
2026-06-11,2026-06-10T22:17:38-05:00,FantasyPros,https://www.fantasypros.com/mlb/rankings/dynasty-overall.php,3/03,153,Jakob Marsee,MIA,"LF,CF",24,46634,,ECR,,total_experts=2; rank_min=140; rank_max=167
2026-06-11,2026-06-10T22:17:38-05:00,FantasyPros,https://www.fantasypros.com/mlb/rankings/dynasty-overall.php,3/03,154,Jared Jones,PIT,SP,24,43901,,ECR,,total_experts=2; rank_min=140; rank_max=140
2026-06-11,2026-06-10T22:17:38-05:00,FantasyPros,https://www.fantasypros.com/mlb/rankings/dynasty-overall.php,3/03,155,Braden Montgomery,CWS,CF,23,44743,,ECR,,total_experts=2; rank_min=141; rank_max=154
2026-06-11,2026-06-10T22:17:38-05:00,FantasyPros,https://www.fantasypros.com/mlb/rankings/dynasty-overall.php,3/03,156,Spencer Torkelson,DET,1B,26,43877,,ECR,,total_experts=2; rank_min=141; rank_max=141
2026-06-11,2026-06-10T22:17:38-05:00,FantasyPros,https://www.fantasypros.com/mlb/rankings/dynasty-overall.php,3/03,157,Coby Mayo,BAL,"1B,3B,DH",24,44345,,ECR,,total_experts=2; rank_min=142; rank_max=156
2026-06-11,2026-06-10T22:17:38-05:00,FantasyPros,https://www.fantasypros.com/mlb/rankings/dynasty-overall.php,3/03,158,Luis Robert Jr.,NYM,CF,28,6935,,ECR,,total_experts=2; rank_min=143; rank_max=188
2026-06-11,2026-06-10T22:17:38-05:00,FantasyPros,https://www.fantasypros.com/mlb/rankings/dynasty-overall.php,3/03,159,Shea Langeliers,ATH,"C,DH",28,8246,,ECR,,total_experts=2; rank_min=144; rank_max=183
2026-06-11,2026-06-10T22:17:38-05:00,FantasyPros,https://www.fantasypros.com/mlb/rankings/dynasty-overall.php,3/03,160,Luke Keaschall,MIN,2B,23,47176,,ECR,,total_experts=2; rank_min=145; rank_max=165
2026-06-11,2026-06-10T22:17:38-05:00,FantasyPros,https://www.fantasypros.com/mlb/rankings/dynasty-overall.php,3/03,161,Bryce Miller,SEA,SP,27,45184,,ECR,,total_experts=2; rank_min=145; rank_max=145
2026-06-11,2026-06-10T22:17:38-05:00,FantasyPros,https://www.fantasypros.com/mlb/rankings/dynasty-overall.php,3/03,162,Colt Emerson,SEA,"3B,SS",20,47193,,ECR,,total_experts=2; rank_min=147; rank_max=162
2026-06-11,2026-06-10T22:17:38-05:00,FantasyPros,https://www.fantasypros.com/mlb/rankings/dynasty-overall.php,3/03,163,Kris Bubic,KC,SP,28,7933,,ECR,,total_experts=2; rank_min=147; rank_max=147
2026-06-11,2026-06-10T22:17:38-05:00,FantasyPros,https://www.fantasypros.com/mlb/rankings/dynasty-overall.php,3/03,164,Kade Anderson,SEA,SP,21,7355455,,ECR,,total_experts=2; rank_min=148; rank_max=172
2026-06-11,2026-06-10T22:17:38-05:00,FantasyPros,https://www.fantasypros.com/mlb/rankings/dynasty-overall.php,3/03,165,Cam Schlittler,NYY,SP,25,7355019,,ECR,,total_experts=2; rank_min=149; rank_max=173
2026-06-11,2026-06-10T22:17:38-05:00,FantasyPros,https://www.fantasypros.com/mlb/rankings/dynasty-overall.php,3/03,166,Isaac Paredes,HOU,"1B,3B,DH",27,10050,,ECR,,total_experts=2; rank_min=149; rank_max=149
2026-06-11,2026-06-10T22:17:38-05:00,FantasyPros,https://www.fantasypros.com/mlb/rankings/dynasty-overall.php,3/03,167,Corbin Burnes,ARI,SP,31,7251,,ECR,,total_experts=2; rank_min=153; rank_max=153
2026-06-11,2026-06-10T22:17:38-05:00,FantasyPros,https://www.fantasypros.com/mlb/rankings/dynasty-overall.php,3/03,168,Nick Lodolo,CIN,SP,28,6953,,ECR,,total_experts=2; rank_min=155; rank_max=155
2026-06-11,2026-06-10T22:17:38-05:00,FantasyPros,https://www.fantasypros.com/mlb/rankings/dynasty-overall.php,3/03,169,Heliot Ramos,SF,"LF,CF,RF",26,10033,,ECR,,total_experts=2; rank_min=157; rank_max=157
2026-06-11,2026-06-10T22:17:38-05:00,FantasyPros,https://www.fantasypros.com/mlb/rankings/dynasty-overall.php,3/03,170,Cade Horton,CHC,SP,24,46423,,ECR,,total_experts=2; rank_min=158; rank_max=158
2026-06-11,2026-06-10T22:17:38-05:00,FantasyPros,https://www.fantasypros.com/mlb/rankings/dynasty-overall.php,3/03,171,Jose Altuve,HOU,"2B,LF,DH",36,4334,,ECR,,total_experts=2; rank_min=159; rank_max=159
2026-06-11,2026-06-10T22:17:38-05:00,FantasyPros,https://www.fantasypros.com/mlb/rankings/dynasty-overall.php,3/03,172,Gavin Williams,CLE,SP,26,44694,,ECR,,total_experts=2; rank_min=160; rank_max=160
2026-06-11,2026-06-10T22:17:38-05:00,FantasyPros,https://www.fantasypros.com/mlb/rankings/dynasty-overall.php,3/03,173,Matt McLain,CIN,"2B,SS",26,7953,,ECR,,total_experts=2; rank_min=161; rank_max=161
2026-06-11,2026-06-10T22:17:38-05:00,FantasyPros,https://www.fantasypros.com/mlb/rankings/dynasty-overall.php,3/03,174,Christian Yelich,MIL,"LF,DH",34,4596,,ECR,,total_experts=2; rank_min=166; rank_max=166
2026-06-11,2026-06-10T22:17:38-05:00,FantasyPros,https://www.fantasypros.com/mlb/rankings/dynasty-overall.php,3/03,175,Shane Baz,BAL,SP,27,7158,,ECR,,total_experts=2; rank_min=168; rank_max=168
2026-06-11,2026-06-10T22:17:38-05:00,FantasyPros,https://www.fantasypros.com/mlb/rankings/dynasty-overall.php,3/03,176,Carlos Rodon,NYY,SP,33,5674,,ECR,,total_experts=2; rank_min=169; rank_max=169
2026-06-11,2026-06-10T22:17:38-05:00,FantasyPros,https://www.fantasypros.com/mlb/rankings/dynasty-overall.php,3/03,177,Andrew Abbott,CIN,SP,27,44726,,ECR,,total_experts=2; rank_min=171; rank_max=171
2026-06-11,2026-06-10T22:17:38-05:00,FantasyPros,https://www.fantasypros.com/mlb/rankings/dynasty-overall.php,3/03,178,Ivan Herrera,STL,"C,DH",26,43691,,ECR,,total_experts=2; rank_min=174; rank_max=174
2026-06-11,2026-06-10T22:17:38-05:00,FantasyPros,https://www.fantasypros.com/mlb/rankings/dynasty-overall.php,3/03,179,Sandy Alcantara,MIA,SP,30,7109,,ECR,,total_experts=2; rank_min=175; rank_max=175
2026-06-11,2026-06-10T22:17:38-05:00,FantasyPros,https://www.fantasypros.com/mlb/rankings/dynasty-overall.php,3/03,180,Jonah Tong,NYM,SP,22,7355065,,ECR,,total_experts=2; rank_min=176; rank_max=176
2026-06-11,2026-06-10T22:17:38-05:00,FantasyPros,https://www.fantasypros.com/mlb/rankings/dynasty-overall.php,3/03,181,Ryan Pepiot,TB,SP,28,38313,,ECR,,total_experts=2; rank_min=177; rank_max=177
2026-06-11,2026-06-10T22:17:38-05:00,FantasyPros,https://www.fantasypros.com/mlb/rankings/dynasty-overall.php,3/03,182,Tanner Bibee,CLE,SP,27,45056,,ECR,,total_experts=2; rank_min=178; rank_max=178
2026-06-11,2026-06-10T22:17:38-05:00,FantasyPros,https://www.fantasypros.com/mlb/rankings/dynasty-overall.php,3/03,183,Grayson Rodriguez,LAA,SP,26,7924,,ECR,,total_experts=2; rank_min=179; rank_max=179
2026-06-11,2026-06-10T22:17:38-05:00,FantasyPros,https://www.fantasypros.com/mlb/rankings/dynasty-overall.php,3/03,184,Colson Montgomery,CWS,"3B,SS",24,44692,,ECR,,total_experts=2; rank_min=180; rank_max=180
2026-06-11,2026-06-10T22:17:38-05:00,FantasyPros,https://www.fantasypros.com/mlb/rankings/dynasty-overall.php,3/03,185,Jonathan Aranda,TB,1B,28,45018,,ECR,,total_experts=2; rank_min=181; rank_max=181
2026-06-11,2026-06-10T22:17:38-05:00,FantasyPros,https://www.fantasypros.com/mlb/rankings/dynasty-overall.php,3/03,186,Ranger Suarez,BOS,SP,30,7247,,ECR,,total_experts=2; rank_min=182; rank_max=182
2026-06-11,2026-06-10T22:17:38-05:00,FantasyPros,https://www.fantasypros.com/mlb/rankings/dynasty-overall.php,3/03,187,Mike Trout,LAA,"CF,RF,DH",34,3785,,ECR,,total_experts=2; rank_min=184; rank_max=184
2026-06-11,2026-06-10T22:17:38-05:00,FantasyPros,https://www.fantasypros.com/mlb/rankings/dynasty-overall.php,3/03,188,Thomas White,MIA,SP,21,47224,,ECR,,total_experts=2; rank_min=185; rank_max=185
2026-06-11,2026-06-10T22:17:38-05:00,FantasyPros,https://www.fantasypros.com/mlb/rankings/dynasty-overall.php,3/03,189,Carson Williams,TB,SS,22,44714,,ECR,,total_experts=2; rank_min=186; rank_max=186
2026-06-11,2026-06-10T22:17:38-05:00,FantasyPros,https://www.fantasypros.com/mlb/rankings/dynasty-overall.php,3/03,190,Kerry Carpenter,DET,"LF,RF,DH",28,45596,,ECR,,total_experts=2; rank_min=187; rank_max=187
2026-06-11,2026-06-10T22:17:38-05:00,FantasyPros,https://www.fantasypros.com/mlb/rankings/dynasty-overall.php,3/03,191,Addison Barger,TOR,"3B,LF,RF",26,45361,,ECR,,total_experts=2; rank_min=189; rank_max=189
2026-06-11,2026-06-10T22:17:38-05:00,FantasyPros,https://www.fantasypros.com/mlb/rankings/dynasty-overall.php,3/03,192,Ozzie Albies,ATL,2B,29,5980,,ECR,,total_experts=2; rank_min=190; rank_max=190
2026-06-11,2026-06-10T22:17:38-05:00,FantasyPros,https://www.fantasypros.com/mlb/rankings/dynasty-overall.php,3/03,193,Dalton Rushing,LAD,C,25,46325,,ECR,,total_experts=2; rank_min=191; rank_max=191
2026-06-11,2026-06-10T22:17:38-05:00,FantasyPros,https://www.fantasypros.com/mlb/rankings/dynasty-overall.php,3/03,194,Teoscar Hernandez,LAD,"LF,RF",33,4846,,ECR,,total_experts=2; rank_min=192; rank_max=192
2026-06-11,2026-06-10T22:17:38-05:00,FantasyPros,https://www.fantasypros.com/mlb/rankings/dynasty-overall.php,3/03,195,Noah Schultz,CWS,SP,22,46315,,ECR,,total_experts=2; rank_min=193; rank_max=193
2026-06-11,2026-06-10T22:17:38-05:00,FantasyPros,https://www.fantasypros.com/mlb/rankings/dynasty-overall.php,3/03,196,Edward Cabrera,CHC,SP,28,39222,,ECR,,total_experts=2; rank_min=194; rank_max=194
2026-06-11,2026-06-10T22:17:38-05:00,FantasyPros,https://www.fantasypros.com/mlb/rankings/dynasty-overall.php,3/03,197,Travis Sykora,WSH,SP,22,47215,,ECR,,total_experts=2; rank_min=195; rank_max=195
2026-06-11,2026-06-10T22:17:38-05:00,FantasyPros,https://www.fantasypros.com/mlb/rankings/dynasty-overall.php,3/03,198,Josh Hader,HOU,RP,32,5047,,ECR,,total_experts=2; rank_min=196; rank_max=196
2026-06-11,2026-06-10T22:17:38-05:00,FantasyPros,https://www.fantasypros.com/mlb/rankings/dynasty-overall.php,3/03,199,Royce Lewis,MIN,3B,27,6967,,ECR,,total_experts=2; rank_min=197; rank_max=197
2026-06-11,2026-06-10T22:17:38-05:00,FantasyPros,https://www.fantasypros.com/mlb/rankings/dynasty-overall.php,3/03,200,Kodai Senga,NYM,SP,33,6917,,ECR,,total_experts=2; rank_min=198; rank_max=198
2026-06-11,2026-06-10T22:17:38-05:00,FantasyPros,https://www.fantasypros.com/mlb/rankings/dynasty-overall.php,3/03,201,Emmanuel Rodriguez,MIN,CF,23,43752,,ECR,,total_experts=2; rank_min=199; rank_max=199
2026-06-11,2026-06-10T22:17:38-05:00,FantasyPros,https://www.fantasypros.com/mlb/rankings/dynasty-overall.php,3/03,202,Masyn Winn,STL,SS,24,43906,,ECR,,total_experts=2; rank_min=201; rank_max=201
2026-06-11,2026-06-10T22:17:38-05:00,FantasyPros,https://www.fantasypros.com/mlb/rankings/dynasty-overall.php,3/03,203,Yainer Diaz,HOU,"C,DH",27,45200,,ECR,,total_experts=2; rank_min=202; rank_max=202
2026-06-11,2026-06-10T22:17:38-05:00,FantasyPros,https://www.fantasypros.com/mlb/rankings/dynasty-overall.php,3/03,204,Chase DeLauter,CLE,"CF,RF,DH",24,46288,,ECR,,total_experts=2; rank_min=203; rank_max=203
2026-06-11,2026-06-10T22:17:38-05:00,FantasyPros,https://www.fantasypros.com/mlb/rankings/dynasty-overall.php,3/03,205,Jung Hoo Lee,SF,"CF,RF",27,48275,,ECR,,total_experts=2; rank_min=204; rank_max=204
2026-06-11,2026-06-10T22:17:38-05:00,FantasyPros,https://www.fantasypros.com/mlb/rankings/dynasty-overall.php,3/03,206,Gerrit Cole,NYY,SP,35,4656,,ECR,,total_experts=2; rank_min=205; rank_max=205
2026-06-11,2026-06-10T22:17:38-05:00,FantasyPros,https://www.fantasypros.com/mlb/rankings/dynasty-overall.php,3/03,207,Luis Castillo,SEA,SP,33,3679,,ECR,,total_experts=2; rank_min=206; rank_max=206
2026-06-11,2026-06-10T22:17:38-05:00,FantasyPros,https://www.fantasypros.com/mlb/rankings/dynasty-overall.php,3/03,208,Zebby Matthews,MIN,SP,26,48349,,ECR,,total_experts=2; rank_min=207; rank_max=207
2026-06-11,2026-06-10T22:17:38-05:00,FantasyPros,https://www.fantasypros.com/mlb/rankings/dynasty-overall.php,3/03,209,Reese Olson,DET,SP,26,44805,,ECR,,total_experts=2; rank_min=208; rank_max=208
2026-06-11,2026-06-10T22:17:38-05:00,FantasyPros,https://www.fantasypros.com/mlb/rankings/dynasty-overall.php,3/03,210,Aaron Nola,PHI,SP,33,5682,,ECR,,total_experts=2; rank_min=209; rank_max=209
2026-06-11,2026-06-10T22:17:38-05:00,FantasyPros,https://www.fantasypros.com/mlb/rankings/dynasty-overall.php,3/03,211,Kyle Manzardo,CLE,"1B,DH",25,44758,,ECR,,total_experts=2; rank_min=210; rank_max=210
2026-06-11,2026-06-10T22:17:38-05:00,FantasyPros,https://www.fantasypros.com/mlb/rankings/dynasty-overall.php,3/03,212,Edwin Diaz,LAD,RP,32,5996,,ECR,,total_experts=2; rank_min=211; rank_max=211
2026-06-11,2026-06-10T22:17:38-05:00,FantasyPros,https://www.fantasypros.com/mlb/rankings/dynasty-overall.php,3/03,213,Anthony Volpe,NYY,SS,25,43704,,ECR,,total_experts=2; rank_min=212; rank_max=212
2026-06-11,2026-06-10T22:17:38-05:00,FantasyPros,https://www.fantasypros.com/mlb/rankings/dynasty-overall.php,3/03,214,Colton Cowser,BAL,"LF,CF,RF",26,44669,,ECR,,total_experts=2; rank_min=213; rank_max=213
2026-06-11,2026-06-10T22:17:38-05:00,FantasyPros,https://www.fantasypros.com/mlb/rankings/dynasty-overall.php,3/03,215,Zac Gallen,ARI,SP,30,7245,,ECR,,total_experts=2; rank_min=214; rank_max=214
2026-06-11,2026-06-10T22:17:38-05:00,FantasyPros,https://www.fantasypros.com/mlb/rankings/dynasty-overall.php,3/03,216,Hagen Smith,CWS,SP,22,7354365,,ECR,,total_experts=2; rank_min=215; rank_max=215
2026-06-11,2026-06-10T22:17:38-05:00,FantasyPros,https://www.fantasypros.com/mlb/rankings/dynasty-overall.php,3/03,217,Kyle Teel,CWS,C,24,47214,,ECR,,total_experts=2; rank_min=216; rank_max=216
2026-06-11,2026-06-10T22:17:38-05:00,FantasyPros,https://www.fantasypros.com/mlb/rankings/dynasty-overall.php,3/03,218,Eugenio Suarez,CIN,"3B,DH",34,5332,,ECR,,total_experts=2; rank_min=217; rank_max=217
2026-06-11,2026-06-10T22:17:38-05:00,FantasyPros,https://www.fantasypros.com/mlb/rankings/dynasty-overall.php,3/03,219,AJ Smith-Shawver,ATL,SP,23,45241,,ECR,,total_experts=2; rank_min=218; rank_max=218
2026-06-11,2026-06-10T22:17:38-05:00,FantasyPros,https://www.fantasypros.com/mlb/rankings/dynasty-overall.php,3/03,220,Robbie Ray,SF,SP,34,5484,,ECR,,total_experts=2; rank_min=219; rank_max=219
2026-06-11,2026-06-10T22:17:38-05:00,FantasyPros,https://www.fantasypros.com/mlb/rankings/dynasty-overall.php,3/03,221,Nick Pivetta,SD,SP,33,6590,,ECR,,total_experts=2; rank_min=220; rank_max=220
2026-06-11,2026-06-10T22:17:38-05:00,FantasyPros,https://www.fantasypros.com/mlb/rankings/dynasty-overall.php,3/03,222,Luis Gil,NYY,SP,28,39290,,ECR,,total_experts=2; rank_min=221; rank_max=221
2026-06-11,2026-06-10T22:17:38-05:00,FantasyPros,https://www.fantasypros.com/mlb/rankings/dynasty-overall.php,3/03,223,Ezequiel Tovar,COL,SS,24,45000,,ECR,,total_experts=2; rank_min=222; rank_max=222
2026-06-11,2026-06-10T22:17:38-05:00,FantasyPros,https://www.fantasypros.com/mlb/rankings/dynasty-overall.php,3/03,224,Shane Bieber,TOR,SP,31,7178,,ECR,,total_experts=2; rank_min=223; rank_max=223
2026-06-11,2026-06-10T22:17:38-05:00,FantasyPros,https://www.fantasypros.com/mlb/rankings/dynasty-overall.php,3/03,225,Bryce Rainer,DET,SS,20,7354368,,ECR,,total_experts=2; rank_min=224; rank_max=224
2026-06-11,2026-06-10T22:17:38-05:00,FantasyPros,https://www.fantasypros.com/mlb/rankings/dynasty-overall.php,3/03,226,Evan Carter,TEX,"LF,CF,RF",23,43894,,ECR,,total_experts=2; rank_min=225; rank_max=225
2026-06-11,2026-06-10T22:17:38-05:00,FantasyPros,https://www.fantasypros.com/mlb/rankings/dynasty-overall.php,3/03,227,Christian Moore,LAA,2B,23,7354407,,ECR,,total_experts=2; rank_min=226; rank_max=226
2026-06-11,2026-06-10T22:17:38-05:00,FantasyPros,https://www.fantasypros.com/mlb/rankings/dynasty-overall.php,3/03,228,Francisco Alvarez,NYM,C,24,43686,,ECR,,total_experts=2; rank_min=227; rank_max=227
2026-06-11,2026-06-10T22:17:38-05:00,FantasyPros,https://www.fantasypros.com/mlb/rankings/dynasty-overall.php,3/03,229,Charlie Condon,COL,"1B,OF",23,7354361,,ECR,,total_experts=2; rank_min=228; rank_max=228
2026-06-11,2026-06-10T22:17:38-05:00,FantasyPros,https://www.fantasypros.com/mlb/rankings/dynasty-overall.php,3/03,230,Moises Ballesteros,CHC,"C,DH",22,44603,,ECR,,total_experts=2; rank_min=229; rank_max=229
2026-06-11,2026-06-10T22:17:38-05:00,FantasyPros,https://www.fantasypros.com/mlb/rankings/dynasty-overall.php,3/03,231,Ian Happ,CHC,LF,31,6008,,ECR,,total_experts=2; rank_min=230; rank_max=230
2026-06-11,2026-06-10T22:17:38-05:00,FantasyPros,https://www.fantasypros.com/mlb/rankings/dynasty-overall.php,3/03,232,Logan Henderson,MIL,SP,24,45145,,ECR,,total_experts=2; rank_min=231; rank_max=231
2026-06-11,2026-06-10T22:17:38-05:00,FantasyPros,https://www.fantasypros.com/mlb/rankings/dynasty-overall.php,3/03,233,Logan O'Hoppe,LAA,C,26,43987,,ECR,,total_experts=2; rank_min=232; rank_max=232
2026-06-11,2026-06-10T22:17:38-05:00,FantasyPros,https://www.fantasypros.com/mlb/rankings/dynasty-overall.php,3/03,234,Brayan Bello,BOS,SP,27,44932,,ECR,,total_experts=2; rank_min=233; rank_max=233
2026-06-11,2026-06-10T22:17:38-05:00,FantasyPros,https://www.fantasypros.com/mlb/rankings/dynasty-overall.php,3/03,235,Ethan Holliday,COL,SS,19,7355447,,ECR,,total_experts=2; rank_min=234; rank_max=234
2026-06-11,2026-06-10T22:17:38-05:00,FantasyPros,https://www.fantasypros.com/mlb/rankings/dynasty-overall.php,3/03,236,Casey Mize,DET,SP,29,7399,,ECR,,total_experts=2; rank_min=235; rank_max=235
2026-06-11,2026-06-10T22:17:38-05:00,FantasyPros,https://www.fantasypros.com/mlb/rankings/dynasty-overall.php,3/03,237,Brandon Woodruff,MIL,SP,33,6813,,ECR,,total_experts=2; rank_min=236; rank_max=236
2026-06-11,2026-06-10T22:17:38-05:00,FantasyPros,https://www.fantasypros.com/mlb/rankings/dynasty-overall.php,3/03,238,Mark Vientos,NYM,"1B,3B,DH",26,6940,,ECR,,total_experts=2; rank_min=237; rank_max=237
2026-06-11,2026-06-10T22:17:38-05:00,FantasyPros,https://www.fantasypros.com/mlb/rankings/dynasty-overall.php,3/03,239,Jack Flaherty,DET,SP,30,6021,,ECR,,total_experts=2; rank_min=238; rank_max=238
2026-06-11,2026-06-10T22:17:38-05:00,FantasyPros,https://www.fantasypros.com/mlb/rankings/dynasty-overall.php,3/03,240,Spencer Jones,FA,SP,31,8277,,ECR,,total_experts=2; rank_min=239; rank_max=239
2026-06-11,2026-06-10T22:17:38-05:00,FantasyPros,https://www.fantasypros.com/mlb/rankings/dynasty-overall.php,3/03,241,Taj Bradley,MIN,SP,25,44442,,ECR,,total_experts=2; rank_min=240; rank_max=240
2026-06-11,2026-06-10T22:17:38-05:00,FantasyPros,https://www.fantasypros.com/mlb/rankings/dynasty-overall.php,3/03,242,Owen Caissie,MIA,"CF,RF",23,43911,,ECR,,total_experts=2; rank_min=241; rank_max=241
2026-06-11,2026-06-10T22:17:38-05:00,FantasyPros,https://www.fantasypros.com/mlb/rankings/dynasty-overall.php,3/03,243,Colt Keith,DET,"1B,2B,3B,DH",24,43891,,ECR,,total_experts=2; rank_min=242; rank_max=242
2026-06-11,2026-06-10T22:17:38-05:00,FantasyPros,https://www.fantasypros.com/mlb/rankings/dynasty-overall.php,3/03,244,George Lombard,NYY,"2B,3B,SS",21,47149,,ECR,,total_experts=2; rank_min=243; rank_max=243
2026-06-11,2026-06-10T22:17:38-05:00,FantasyPros,https://www.fantasypros.com/mlb/rankings/dynasty-overall.php,3/03,245,Drew Rasmussen,TB,SP,30,43665,,ECR,,total_experts=2; rank_min=244; rank_max=244
2026-06-11,2026-06-10T22:17:38-05:00,FantasyPros,https://www.fantasypros.com/mlb/rankings/dynasty-overall.php,3/03,246,Justin Steele,CHC,SP,30,8158,,ECR,,total_experts=2; rank_min=245; rank_max=245
2026-06-11,2026-06-10T22:17:38-05:00,FantasyPros,https://www.fantasypros.com/mlb/rankings/dynasty-overall.php,3/03,247,Eli Willits,WSH,SS,18,7355450,,ECR,,total_experts=2; rank_min=246; rank_max=246
2026-06-11,2026-06-10T22:17:38-05:00,FantasyPros,https://www.fantasypros.com/mlb/rankings/dynasty-overall.php,3/03,248,Nathan Eovaldi,TEX,SP,36,4423,,ECR,,total_experts=2; rank_min=247; rank_max=247
2026-06-11,2026-06-10T22:17:38-05:00,FantasyPros,https://www.fantasypros.com/mlb/rankings/dynasty-overall.php,3/03,249,Gleyber Torres,DET,2B,29,5133,,ECR,,total_experts=2; rank_min=248; rank_max=248
2026-06-11,2026-06-10T22:17:38-05:00,FantasyPros,https://www.fantasypros.com/mlb/rankings/dynasty-overall.php,3/03,250,Justin Crawford,PHI,CF,22,46277,,ECR,,total_experts=2; rank_min=249; rank_max=249
2026-06-11,2026-06-10T22:17:38-05:00,FantasyPros,https://www.fantasypros.com/mlb/rankings/dynasty-overall.php,3/03,251,Liam Doyle,STL,SP,22,7355456,,ECR,,total_experts=2; rank_min=250; rank_max=250
2026-06-11,2026-06-10T22:17:38-05:00,FantasyPros,https://www.fantasypros.com/mlb/rankings/dynasty-overall.php,3/03,252,Sal Frelick,MIL,"LF,CF,RF",26,44675,,ECR,,total_experts=2; rank_min=251; rank_max=251
2026-06-11,2026-06-10T22:17:38-05:00,FantasyPros,https://www.fantasypros.com/mlb/rankings/dynasty-overall.php,3/03,253,Josue Briceno,DET,"C,1B",21,7354243,,ECR,,total_experts=2; rank_min=252; rank_max=252
2026-06-11,2026-06-10T22:17:38-05:00,FantasyPros,https://www.fantasypros.com/mlb/rankings/dynasty-overall.php,3/03,254,Spencer Steer,CIN,"1B,2B,LF,RF",28,44364,,ECR,,total_experts=2; rank_min=253; rank_max=253
2026-06-11,2026-06-10T22:17:38-05:00,FantasyPros,https://www.fantasypros.com/mlb/rankings/dynasty-overall.php,3/03,255,Max Meyer,MIA,SP,27,43836,,ECR,,total_experts=2; rank_min=254; rank_max=254
2026-06-11,2026-06-10T22:17:38-05:00,FantasyPros,https://www.fantasypros.com/mlb/rankings/dynasty-overall.php,3/03,256,Noah Cameron,KC,SP,26,47086,,ECR,,total_experts=2; rank_min=255; rank_max=255
2026-06-11,2026-06-10T22:17:38-05:00,FantasyPros,https://www.fantasypros.com/mlb/rankings/dynasty-overall.php,3/03,257,Triston Casas,BOS,1B,26,6997,,ECR,,total_experts=2; rank_min=256; rank_max=256
2026-06-11,2026-06-10T22:17:38-05:00,FantasyPros,https://www.fantasypros.com/mlb/rankings/dynasty-overall.php,3/03,258,Xavier Edwards,MIA,"2B,SS",26,40137,,ECR,,total_experts=2; rank_min=257; rank_max=257
2026-06-11,2026-06-10T22:17:38-05:00,FantasyPros,https://www.fantasypros.com/mlb/rankings/dynasty-overall.php,3/03,259,Will Warren,NYY,SP,27,46420,,ECR,,total_experts=2; rank_min=258; rank_max=258
2026-06-11,2026-06-10T22:17:38-05:00,FantasyPros,https://www.fantasypros.com/mlb/rankings/dynasty-overall.php,3/03,260,Ryan Weathers,NYY,SP,26,7484,,ECR,,total_experts=2; rank_min=259; rank_max=259
2026-06-11,2026-06-10T22:17:38-05:00,FantasyPros,https://www.fantasypros.com/mlb/rankings/dynasty-overall.php,3/03,261,Mick Abel,MIN,SP,24,8282,,ECR,,total_experts=2; rank_min=260; rank_max=260
2026-06-11,2026-06-10T22:17:38-05:00,FantasyPros,https://www.fantasypros.com/mlb/rankings/dynasty-overall.php,3/03,262,Dylan Beavers,BAL,"LF,CF,RF,DH",24,46290,,ECR,,total_experts=2; rank_min=261; rank_max=261
2026-06-11,2026-06-10T22:17:38-05:00,FantasyPros,https://www.fantasypros.com/mlb/rankings/dynasty-overall.php,3/03,263,Jack Leiter,TEX,SP,26,43712,,ECR,,total_experts=2; rank_min=262; rank_max=262
2026-06-11,2026-06-10T22:17:38-05:00,FantasyPros,https://www.fantasypros.com/mlb/rankings/dynasty-overall.php,3/03,264,Dansby Swanson,CHC,SS,32,5965,,ECR,,total_experts=2; rank_min=263; rank_max=263
2026-06-11,2026-06-10T22:17:38-05:00,FantasyPros,https://www.fantasypros.com/mlb/rankings/dynasty-overall.php,3/03,265,Matt Chapman,SF,3B,33,6315,,ECR,,total_experts=2; rank_min=264; rank_max=264
2026-06-11,2026-06-10T22:17:38-05:00,FantasyPros,https://www.fantasypros.com/mlb/rankings/dynasty-overall.php,3/03,266,Spencer Arrighetti,HOU,SP,26,46837,,ECR,,total_experts=2; rank_min=265; rank_max=265
2026-06-11,2026-06-10T22:17:38-05:00,FantasyPros,https://www.fantasypros.com/mlb/rankings/dynasty-overall.php,3/03,267,Emmanuel Clase,CLE,RP,28,27356,,ECR,,total_experts=2; rank_min=266; rank_max=266
2026-06-11,2026-06-10T22:17:38-05:00,FantasyPros,https://www.fantasypros.com/mlb/rankings/dynasty-overall.php,3/03,268,Brandon Lowe,PIT,2B,31,7236,,ECR,,total_experts=2; rank_min=267; rank_max=267
2026-06-11,2026-06-10T22:17:38-05:00,FantasyPros,https://www.fantasypros.com/mlb/rankings/dynasty-overall.php,3/03,269,Hurston Waldrep,ATL,SP,24,47232,,ECR,,total_experts=2; rank_min=268; rank_max=268
2026-06-11,2026-06-10T22:17:38-05:00,FantasyPros,https://www.fantasypros.com/mlb/rankings/dynasty-overall.php,3/03,270,Kevin Gausman,TOR,SP,35,4671,,ECR,,total_experts=2; rank_min=269; rank_max=269
2026-06-11,2026-06-10T22:17:38-05:00,FantasyPros,https://www.fantasypros.com/mlb/rankings/dynasty-overall.php,3/03,271,Jordan Beck,COL,"LF,RF",25,46291,,ECR,,total_experts=2; rank_min=270; rank_max=270
2026-06-11,2026-06-10T22:17:38-05:00,FantasyPros,https://www.fantasypros.com/mlb/rankings/dynasty-overall.php,3/03,272,Brendan Donovan,SEA,"2B,3B,SS,LF",29,45005,,ECR,,total_experts=2; rank_min=271; rank_max=271
2026-06-11,2026-06-10T22:17:38-05:00,FantasyPros,https://www.fantasypros.com/mlb/rankings/dynasty-overall.php,3/03,273,Bryson Stott,PHI,"2B,SS",28,22308,,ECR,,total_experts=2; rank_min=272; rank_max=272
2026-06-11,2026-06-10T22:17:38-05:00,FantasyPros,https://www.fantasypros.com/mlb/rankings/dynasty-overall.php,3/03,274,Cade Smith,CLE,RP,27,45654,,ECR,,total_experts=2; rank_min=273; rank_max=273
2026-06-11,2026-06-10T22:17:38-05:00,FantasyPros,https://www.fantasypros.com/mlb/rankings/dynasty-overall.php,3/03,275,Luis Arraez,SF,"1B,2B,DH",29,8162,,ECR,,total_experts=2; rank_min=274; rank_max=274
2026-06-11,2026-06-10T22:17:38-05:00,FantasyPros,https://www.fantasypros.com/mlb/rankings/dynasty-overall.php,3/03,276,Brandon Sproat,MIL,SP,25,46394,,ECR,,total_experts=2; rank_min=275; rank_max=275
2026-06-11,2026-06-10T22:17:38-05:00,FantasyPros,https://www.fantasypros.com/mlb/rankings/dynasty-overall.php,3/03,277,Eduardo Quintero,LAD,CF,20,7354936,,ECR,,total_experts=2; rank_min=276; rank_max=276
2026-06-11,2026-06-10T22:17:38-05:00,FantasyPros,https://www.fantasypros.com/mlb/rankings/dynasty-overall.php,3/03,278,Arjun Nimmala,TOR,SS,20,47208,,ECR,,total_experts=2; rank_min=277; rank_max=277
2026-06-11,2026-06-10T22:17:38-05:00,FantasyPros,https://www.fantasypros.com/mlb/rankings/dynasty-overall.php,3/03,279,Tyler Bremner,LAA,SP,22,7355463,,ECR,,total_experts=2; rank_min=278; rank_max=278
2026-06-11,2026-06-10T22:17:38-05:00,FantasyPros,https://www.fantasypros.com/mlb/rankings/dynasty-overall.php,3/03,280,Brandon Nimmo,TEX,"LF,CF,RF,DH",33,4685,,ECR,,total_experts=2; rank_min=279; rank_max=279
2026-06-11,2026-06-10T22:17:38-05:00,FantasyPros,https://www.fantasypros.com/mlb/rankings/dynasty-overall.php,3/03,281,Franklin Arias,BOS,SS,20,48338,,ECR,,total_experts=2; rank_min=280; rank_max=280
2026-06-11,2026-06-10T22:17:38-05:00,FantasyPros,https://www.fantasypros.com/mlb/rankings/dynasty-overall.php,3/03,282,Joe Boyle,TB,"SP,RP",26,44486,,ECR,,total_experts=2; rank_min=281; rank_max=281
2026-06-11,2026-06-10T22:17:38-05:00,FantasyPros,https://www.fantasypros.com/mlb/rankings/dynasty-overall.php,3/03,283,Alejandro Kirk,TOR,C,27,43675,,ECR,,total_experts=2; rank_min=282; rank_max=282
2026-06-11,2026-06-10T22:17:38-05:00,FantasyPros,https://www.fantasypros.com/mlb/rankings/dynasty-overall.php,3/03,284,Jett Williams,MIL,"2B,SS,OF",22,46295,,ECR,,total_experts=2; rank_min=283; rank_max=283
2026-06-11,2026-06-10T22:17:38-05:00,FantasyPros,https://www.fantasypros.com/mlb/rankings/dynasty-overall.php,3/03,285,Quinn Priester,MIL,"SP,RP",25,23367,,ECR,,total_experts=2; rank_min=284; rank_max=284
2026-06-11,2026-06-10T22:17:38-05:00,FantasyPros,https://www.fantasypros.com/mlb/rankings/dynasty-overall.php,3/03,286,Michael Arroyo,SEA,2B,21,47010,,ECR,,total_experts=2; rank_min=285; rank_max=285
2026-06-11,2026-06-10T22:17:38-05:00,FantasyPros,https://www.fantasypros.com/mlb/rankings/dynasty-overall.php,3/03,287,Yandy Diaz,TB,"1B,DH",34,6677,,ECR,,total_experts=2; rank_min=286; rank_max=286
2026-06-11,2026-06-10T22:17:38-05:00,FantasyPros,https://www.fantasypros.com/mlb/rankings/dynasty-overall.php,3/03,288,Quinn Mathews,STL,SP,25,47889,,ECR,,total_experts=2; rank_min=287; rank_max=287
2026-06-11,2026-06-10T22:17:38-05:00,FantasyPros,https://www.fantasypros.com/mlb/rankings/dynasty-overall.php,3/03,289,Bailey Ober,MIN,SP,30,44064,,ECR,,total_experts=2; rank_min=288; rank_max=288
2026-06-11,2026-06-10T22:17:38-05:00,FantasyPros,https://www.fantasypros.com/mlb/rankings/dynasty-overall.php,3/03,290,Nolan Schanuel,LAA,1B,24,47177,,ECR,,total_experts=2; rank_min=289; rank_max=289
2026-06-11,2026-06-10T22:17:38-05:00,FantasyPros,https://www.fantasypros.com/mlb/rankings/dynasty-overall.php,3/03,291,Cole Young,SEA,2B,22,46287,,ECR,,total_experts=2; rank_min=290; rank_max=290
2026-06-11,2026-06-10T22:17:38-05:00,FantasyPros,https://www.fantasypros.com/mlb/rankings/dynasty-overall.php,3/03,292,Bryan Reynolds,PIT,"LF,CF,RF,DH",31,6818,,ECR,,total_experts=2; rank_min=291; rank_max=291
2026-06-11,2026-06-10T22:17:38-05:00,FantasyPros,https://www.fantasypros.com/mlb/rankings/dynasty-overall.php,3/03,293,Alec Bohm,PHI,"1B,3B",29,7921,,ECR,,total_experts=2; rank_min=292; rank_max=292
2026-06-11,2026-06-10T22:17:38-05:00,FantasyPros,https://www.fantasypros.com/mlb/rankings/dynasty-overall.php,3/03,294,Mitch Keller,PIT,SP,30,6477,,ECR,,total_experts=2; rank_min=293; rank_max=293
2026-06-11,2026-06-10T22:17:38-05:00,FantasyPros,https://www.fantasypros.com/mlb/rankings/dynasty-overall.php,3/03,295,Robby Snelling,MIA,SP,22,46279,,ECR,,total_experts=2; rank_min=294; rank_max=294
2026-06-11,2026-06-10T22:17:38-05:00,FantasyPros,https://www.fantasypros.com/mlb/rankings/dynasty-overall.php,3/03,296,Edward Florentino,PIT,"1B,CF",19,7355087,,ECR,,total_experts=2; rank_min=295; rank_max=295
2026-06-11,2026-06-10T22:17:38-05:00,FantasyPros,https://www.fantasypros.com/mlb/rankings/dynasty-overall.php,3/03,297,Jhostynxon Garcia,PIT,"LF,CF,RF",23,45339,,ECR,,total_experts=2; rank_min=296; rank_max=296
2026-06-11,2026-06-10T22:17:38-05:00,FantasyPros,https://www.fantasypros.com/mlb/rankings/dynasty-overall.php,3/03,298,Rhett Lowder,CIN,SP,24,47229,,ECR,,total_experts=2; rank_min=298; rank_max=298
2026-06-11,2026-06-10T22:17:38-05:00,FantasyPros,https://www.fantasypros.com/mlb/rankings/dynasty-overall.php,3/03,299,Hayden Birdsong,SF,"SP,RP",24,48152,,ECR,,total_experts=2; rank_min=299; rank_max=299
2026-06-11,2026-06-10T22:17:38-05:00,FantasyPros,https://www.fantasypros.com/mlb/rankings/dynasty-overall.php,3/03,300,Austin Wells,NYY,C,26,43803,,ECR,,total_experts=2; rank_min=300; rank_max=300
