caseType,season,pitcher,team,role,full_bbe,full_lbi_events,full_hr,current_getting_cooked_plus,lbi_event_rate_plus,lbi_severity_per_event_plus,lbi_per_bbe_plus,lbi_blend_plus,actual_hr_per_bbe_plus,barrel_rate_plus,adjusted_xhr_per_bbe_allowed,rate_rank,severity_rank,blend_rank
"High severity, lower frequency",2025,Kumar Rocker,TEX,SP,203,12.0,11,128.4,106.28087719910465,116.01761806325604,123.31432064607088,123.30454218313541,119.37692801075104,137.0005269448764,0.047,166.0,2.0,100.0
"High severity, lower frequency",2025,Trevor Rogers,BAL,SP,289,10.0,6,71.7,62.21170147467776,116.00399428129576,72.17378178960053,72.16805862098197,45.737998841489386,88.21285371046973,0.0318,296.0,3.0,280.0
"High severity, lower frequency",2025,Tim Hill,NYY,RP,213,10.0,8,74.5,84.40930387878812,113.2127252715641,95.56965169622237,95.5620733039321,82.74354719994011,92.48607560382796,0.0358,241.0,5.0,200.0
"High severity, lower frequency",2025,Daniel Lynch IV,KC,RP,211,10.0,8,86.7,85.20939206721266,111.79769390896875,95.26968993120008,95.26213532499551,83.52784622553196,93.36272087021496,0.0341,238.0,8.0,203.0
"High severity, lower frequency",2025,George Kirby,SEA,SP,350,15.0,15,97.6,77.05363596935088,111.66187216055694,86.04635571408629,86.0395324911575,94.41629760850309,99.3253820350354,0.0372,265.0,9.0,237.0
"High severity, lower frequency",2025,Dustin May,BOS,SP,392,23.0,21,124.5,105.49009686280179,110.61554468764172,116.69769902061037,116.68844523630904,118.02037201062886,106.42005218039509,0.0515,168.0,10.0,131.0
"High severity, lower frequency",2025,Framber Valdez,HOU,SP,539,18.0,15,55.1,60.04179426183185,110.52589669280638,66.36699420578171,66.36173149833964,61.309284161365646,77.39640158574187,0.025,301.0,11.0,292.0
"High severity, lower frequency",2025,Tony Santillan,CIN,RP,192,8.0,7,79.4,74.91325719242445,109.01213914414407,81.67102043972652,81.66454416801626,80.31941984056687,96.56634364517329,0.0248,275.0,13.0,249.0
"High severity, lower frequency",2025,Jake Bird,NYY,RP,154,9.0,7,89.3,105.07313995820573,108.56039890570925,114.07686584132092,114.06781988138233,100.1384974635639,97.82045200420154,0.0384,170.0,16.0,139.0
"High severity, lower frequency",2025,Shane Smith,CWS,SP,398,20.0,17,97.8,90.34764686523555,108.42000252493952,97.96268916563501,97.95492101251182,94.09999510395198,78.61179733928681,0.045,220.0,18.0,192.0
"High severity, lower frequency",2025,Michael McGreevy,STL,SP,317,14.0,12,75.2,79.40332623550353,107.81920530634638,85.61882465489879,85.61203533392555,83.39609883400904,102.35423175008906,0.0369,259.0,20.0,238.0
"High severity, lower frequency",2025,Ranger Suarez,PHI,SP,455,14.0,14,75.0,55.320559157482684,107.69203056571415,59.5805580400146,59.57583347700023,67.7860598214894,63.67011668912526,0.0302,307.0,23.0,304.0
"High severity, lower frequency",2025,Freddy Peralta,MIL,SP,444,22.0,21,108.2,89.08603558018045,107.45089520138227,95.73133394354272,95.7237427303258,104.19816627965432,107.00594836357043,0.0459,225.0,27.0,199.0
"High severity, lower frequency",2025,Noah Cameron,KC,SP,396,21.0,18,109.6,95.34414551763113,107.42601307095266,102.43253682505443,102.42441422615853,100.1384974635639,73.1563209433131,0.0452,198.0,29.0,172.0
"High severity, lower frequency",2025,José Soriano,LAA,SP,485,14.0,12,42.0,51.8986689003188,106.54949748106502,55.302156210984414,55.29777091265146,54.50837800078529,83.62446253808821,0.0229,308.0,33.0,307.0
"High severity, lower frequency",2025,Enyel De Los Santos,HOU,RP,192,9.0,7,101.1,84.27741434147752,106.3117828944695,89.6039270916596,89.59682176378409,80.31941984056687,102.60174012299665,0.0359,242.0,34.0,219.0
"High severity, lower frequency",2025,Tyler Kinley,ATL,RP,199,10.0,6,76.8,90.34764686523555,106.25442601388583,96.00598658607223,95.99837359370854,66.42352595573081,81.52334538889004,0.0325,220.0,35.0,197.0
"High severity, lower frequency",2025,Jack Leiter,TEX,SP,425,23.0,18,111.3,97.299101106396,105.99252384069622,103.13795147318264,103.12977293697989,93.30551763663836,125.42263927561332,0.0471,195.0,39.0,169.0
"High severity, lower frequency",2025,Michael Wacha,KC,SP,538,24.0,15,81.1,80.20452814653623,105.95275781523495,84.98564857592397,84.97890946395148,61.42324193861725,86.15584563138138,0.0337,257.0,40.0,240.0
"High severity, lower frequency",2025,Hunter Brown,HOU,SP,458,24.0,17,71.9,94.2140527136168,105.91373966291562,99.79353985117986,99.78562651698216,81.7724848283251,68.31330860488242,0.0352,204.0,41.0,185.0
"High severity, lower frequency",2025,Kris Bubic,KC,SP,317,9.0,6,33.2,51.044995437109414,105.74557278073887,53.98210342290277,53.977822800873376,41.69804941700452,76.7656738125668,0.0181,309.0,44.0,309.0
"High severity, lower frequency",2025,Cristopher Sánchez,PHI,SP,542,18.0,12,47.4,59.709459607246075,105.54225389366256,63.02370705181756,63.01870945721353,48.775947104023736,66.27800707749903,0.022,302.0,49.0,295.0
"High severity, lower frequency",2025,Kevin Gausman,TOR,SP,531,22.0,21,82.3,74.49001845122433,105.36124643467843,78.48983592276645,78.4836119096319,87.12615033553017,98.20306133407453,0.0359,277.0,51.0,263.0
"High severity, lower frequency",2025,Reese Olson,DET,SP,189,8.0,5,74.4,76.10235651293914,105.03695225171614,79.94193503324978,79.93559587292665,58.28166519043401,85.83674990682071,0.0309,268.0,54.0,255.0
"High severity, lower frequency",2025,Pablo López,MIN,SP,215,9.0,6,90.6,75.26169094680785,104.97301076909936,79.0107282609638,79.00446294259888,61.48037983809504,70.06674236580017,0.0301,273.0,55.0,260.0
"High frequency, lower severity",2025,Chad Green,TOR,RP,139,16.0,14,165.1,206.95460979777695,95.12447065219465,196.8800890724505,196.8644770604503,221.88962027897608,191.7432434968909,0.0938,3.0,255.0,7.0
"High frequency, lower severity",2025,Anthony DeSclafani,AZ,RP,116,12.0,11,159.4,185.99153509843316,97.13373713482078,180.6748557801929,180.66052879552998,208.9096240188143,99.8962175639724,0.0905,8.0,216.0,10.0
"High frequency, lower severity",2025,Jordan Romano,PHI,RP,120,12.0,10,118.0,179.79181726181872,90.33698780184501,162.43139236019599,162.41851202852465,183.5872453498671,115.87961237420797,0.0685,9.0,296.0,26.0
"High frequency, lower severity",2025,Génesis Cabrera,MIN,RP,132,13.0,12,115.7,177.0676988184578,95.84776918368861,169.72889826481057,169.7154392623844,200.2769949271278,131.6813776979636,0.0741,11.0,248.0,18.0
"High frequency, lower severity",2025,Ryan Zeferjahn,LAA,RP,145,14.0,12,124.3,173.59209942520428,90.44865414079955,157.0241691796327,157.0117176248559,182.3211264164198,119.87546107676687,0.0639,13.0,294.0,32.0
"High frequency, lower severity",2025,Tanner Gordon,COL,SP,253,24.0,16,120.8,170.55350254085567,99.42444057628859,169.58531340108073,169.5718657845119,139.32312690582802,132.82643315620675,0.0538,14.0,171.0,19.0
"High frequency, lower severity",2025,Luis Morales,ATH,SP,136,12.0,8,110.9,158.6398387604283,92.77277532347048,147.18625262365714,147.17458118672795,129.59099671755325,127.80839600096466,0.0581,25.0,278.0,40.0
"High frequency, lower severity",2025,Shane Bieber,TOR,SP,114,10.0,8,97.4,157.71212040510412,96.72574668327753,152.5603236568226,152.54822607186668,154.59978555778284,142.30829589815013,0.0624,26.0,222.0,34.0
"High frequency, lower severity",2025,Max Scherzer,TOR,SP,251,22.0,19,140.4,157.5864533768929,96.66637900373038,152.34519880603216,152.33311827984417,166.76450972019805,143.11824635858355,0.0726,28.0,225.0,36.0
"High frequency, lower severity",2025,Bailey Ober,MIN,SP,468,41.0,30,137.0,157.50992537894373,99.81479931751814,157.2306838529483,157.21821592216526,141.22095796143623,126.2790647667651,0.0685,29.0,157.0,31.0
"High frequency, lower severity",2025,Brandon Walter,HOU,SP,152,13.0,10,96.9,153.76931739497653,90.46611007487188,139.12015175477288,139.10911993591859,144.9372989604214,83.8602457971242,0.0612,33.0,293.0,54.0
"High frequency, lower severity",2025,Landon Knack,LAD,SP,118,10.0,10,119.0,152.36594683204973,95.60994308589586,145.68854772174464,145.67699504840914,186.69889357613604,186.5858165347416,0.0705,35.0,251.0,42.0
"High frequency, lower severity",2025,Sean Manaea,NYM,SP,169,14.0,13,126.9,148.9399669624534,93.91078549278677,139.88178510127563,139.8706928871371,169.4651495537235,102.85172695935618,0.0598,36.0,269.0,52.0
"High frequency, lower severity",2025,Jordan Leasure,CWS,RP,157,13.0,12,109.8,148.8722053760282,88.55393798778366,131.84265516451322,131.83220042973394,168.38575369669343,125.4747395134736,0.0765,37.0,301.0,68.0
"High frequency, lower severity",2025,Shota Imanaga,CHC,SP,411,34.0,31,156.6,148.7328901922588,99.03005868953193,147.3019490593472,147.29026844803096,166.16655783491623,138.1533091565983,0.0799,38.0,179.0,39.0
"High frequency, lower severity",2025,Edwin Uceta,TB,RP,182,15.0,11,133.7,148.1800691718286,91.68433701201083,135.86868799147115,135.85791400413007,133.15118893506846,108.23919837151294,0.0617,39.0,287.0,59.0
"High frequency, lower severity",2025,Jake Irvin,WSH,SP,592,48.0,38,119.4,145.77714913120437,99.44900447270214,144.98542047708216,144.97392355966912,141.41179709381657,138.97723781366156,0.061,42.0,167.0,44.0
"High frequency, lower severity",2025,Bryan Baker,TB,RP,174,14.0,13,141.0,144.6600828543369,99.51212722448446,143.96574175294168,143.95432569305237,164.59546134815676,146.5144524271595,0.0621,43.0,164.0,45.0
"High frequency, lower severity",2025,Cole Ragans,KC,SP,137,11.0,7,106.7,144.35839342189823,96.72458254115568,139.641126531072,139.6300534004502,112.5644424042981,109.9587562674966,0.057,44.0,223.0,53.0
"High frequency, lower severity",2025,Dylan Lee,ATL,RP,175,14.0,13,99.2,143.83345380945497,96.14362151158443,138.29765803512345,138.286691437602,163.6549158547387,119.19045844204247,0.0531,45.0,243.0,56.0
"High frequency, lower severity",2025,Chase Lee,DET,RP,101,8.0,7,140.5,142.40936020738116,99.75626528031326,142.07352516515132,142.06225915247202,152.68642187513703,160.62520527117937,0.0752,46.0,160.0,48.0
"High frequency, lower severity",2025,Jacob Lopez,ATH,SP,241,19.0,15,128.5,141.7445862230106,96.93207247190736,137.40686100263062,137.39596504269383,137.11910441068915,76.93252273806338,0.0664,49.0,220.0,57.0
"High frequency, lower severity",2025,Yu Darvish,SD,SP,203,16.0,14,145.5,141.70783626547288,93.513680925641,132.5267228312573,132.5162138519241,151.93427201368314,102.75039520865732,0.0707,50.0,273.0,66.0
"High frequency, lower severity",2025,Kyle Hart,SD,RP,127,10.0,9,108.9,141.56836004867617,94.43387278187187,133.69908697211062,133.68848502774915,156.12143699043818,91.2437892710299,0.0516,52.0,267.0,64.0
"High frequency, lower severity",2025,David Festa,MIN,SP,153,12.0,10,147.0,141.01319000926958,99.56539072430624,140.41146782195804,140.40033360553764,143.98999635283698,136.3289557343623,0.0739,53.0,161.0,51.0
Top inverted-LBI per BBE,2025,Anthony Molina,COL,RP,127,19.0,12,137.9,268.9798840924847,101.25123226414907,272.3670450919111,272.34544718632065,208.1619159872509,127.74130497944185,0.0913,1.0,118.0,1.0
Top inverted-LBI per BBE,2025,Nestor Cortes,SD,SP,106,14.0,13,171.8,237.46089072315678,102.57447492416422,243.59357806380504,243.57426180952143,270.18500259037046,174.91262245163466,0.1034,2.0,96.0,2.0
Top inverted-LBI per BBE,2025,Carson Palmquist,COL,SP,120,13.0,10,140.9,194.77446870030363,108.75120619496704,211.83638207346448,211.81958407141872,183.5872453498671,164.1627841967946,0.0742,5.0,14.0,3.0
Top inverted-LBI per BBE,2025,Kevin Kelly,TB,RP,126,14.0,11,158.4,199.76868584646522,103.53876228107039,206.85442769830667,206.83802475058994,192.3294951284322,183.93589265747295,0.0833,4.0,80.0,4.0
Top inverted-LBI per BBE,2025,Gunnar Hoglund,ATH,SP,105,11.0,10,172.0,188.35333236952437,106.78638117386927,201.1516581926731,201.1357074578052,209.81399468556242,187.6146105106224,0.0895,6.0,32.0,5.0
Top inverted-LBI per BBE,2025,Bradley Blalock,COL,SP,221,23.0,17,137.7,187.1136559738385,106.02481624186558,198.40264265572,198.38690990969877,169.4651495537235,141.57237710876086,0.0634,7.0,38.0,6.0
Top inverted-LBI per BBE,2025,Chad Green,TOR,RP,139,16.0,14,165.1,206.95460979777695,95.12447065219465,196.8800890724505,196.8644770604503,221.88962027897608,191.7432434968909,0.0938,3.0,255.0,7.0
Top inverted-LBI per BBE,2025,Jeff Hoffman,TOR,RP,172,17.0,15,154.1,177.7012147355185,106.05018527665725,188.46741237736953,188.4524674658879,192.12618699404698,148.21810885073114,0.076,10.0,37.0,8.0
Top inverted-LBI per BBE,2025,Connor Brogdon,LAA,RP,132,13.0,11,117.8,177.0676988184578,103.87061241660102,183.93588872969923,183.92130315471476,183.5872453498671,149.23889472435874,0.0606,11.0,71.0,9.0
Top inverted-LBI per BBE,2025,Anthony DeSclafani,AZ,RP,116,12.0,11,159.4,185.99153509843316,97.13373713482078,180.6748557801929,180.66052879552998,208.9096240188143,99.8962175639724,0.0905,8.0,216.0,10.0
Top inverted-LBI per BBE,2025,Osvaldo Bido,ATH,RP,253,23.0,19,147.3,163.4471066016534,108.49193629241464,177.34099338524135,177.32693076606083,165.44621320067074,137.4066549891794,0.0684,16.0,17.0,11.0
Top inverted-LBI per BBE,2025,Bowden Francis,TOR,SP,201,19.0,19,131.4,169.95246407833608,104.25415285724873,177.1965528503602,177.18250168488925,208.2482186058194,144.12887111219896,0.0702,15.0,64.0,12.0
Top inverted-LBI per BBE,2025,Austin Gomber,COL,SP,220,20.0,16,148.0,163.4471066016534,107.76466013843203,176.15218728572586,176.1382189353725,160.22159594170222,168.5521634533934,0.0627,16.0,21.0,13.0
Top inverted-LBI per BBE,2025,Seth Halvorsen,COL,RP,115,10.0,7,124.3,156.34071066245104,112.42202029429417,175.77532393538257,175.76138546918446,134.09850964685947,110.84136835793805,0.0488,30.0,6.0,14.0
Top inverted-LBI per BBE,2025,Roki Sasaki,LAD,SP,101,9.0,6,117.6,160.21053023330379,107.52102742383845,172.27366894328387,172.26000814802757,130.8740758929746,137.67874737529658,0.0467,21.0,26.0,15.0
Top inverted-LBI per BBE,2025,680767,,RP,139,11.0,4,,142.28129423597164,120.83138354246175,171.9340902151073,171.9204563474454,63.397034365421746,100.03995312881263,,47.0,1.0,16.0
Top inverted-LBI per BBE,2025,George Soriano,MIA,RP,115,10.0,10,140.5,156.34071066245104,108.58304665332587,169.77296929387958,169.75950679675043,191.56929949551352,171.300296553177,0.0568,30.0,15.0,17.0
Top inverted-LBI per BBE,2025,Génesis Cabrera,MIN,RP,132,13.0,12,115.7,177.0676988184578,95.84776918368861,169.72889826481057,169.7154392623844,200.2769949271278,131.6813776979636,0.0741,11.0,248.0,18.0
Top inverted-LBI per BBE,2025,Tanner Gordon,COL,SP,253,24.0,16,120.8,170.55350254085567,99.42444057628859,169.58531340108073,169.5718657845119,139.32312690582802,132.82643315620675,0.0538,14.0,171.0,19.0
Top inverted-LBI per BBE,2025,Ryan Rolison,COL,RP,146,13.0,11,138.4,160.08860441120842,105.79028386728059,169.37161971707346,169.35818904578528,165.9829889464552,111.11743652321312,0.0627,22.0,42.0,20.0
Top inverted-LBI per BBE,2025,JP Sears,SD,SP,424,38.0,30,128.4,161.1341758478564,103.05540546550566,166.07064717738388,166.0574782635093,155.87596303290604,109.32038903227168,0.0604,20.0,88.0,21.0
Top inverted-LBI per BBE,2025,Zebby Matthews,MIN,SP,242,21.0,12,113.0,156.0176926652146,105.75744713335703,165.01341391748437,165.0003288390978,109.24199723297879,114.9219296273137,0.0521,32.0,43.0,22.0
Top inverted-LBI per BBE,2025,Zach Agnos,COL,RP,100,9.0,5,131.2,161.81263553563684,101.19462324213981,163.75867246954473,163.74568688846452,110.15234720992028,150.64349608647035,0.051,19.0,119.0,23.0
Top inverted-LBI per BBE,2025,Colton Gordon,HOU,SP,285,25.0,21,126.9,157.71212040510412,103.3845018345859,163.06282041563819,163.04989001357922,162.32977483567197,134.1763932753987,0.0639,26.0,83.0,24.0
Top inverted-LBI per BBE,2025,Richard Fitts,BOS,SP,133,12.0,11,127.3,162.2181809881071,100.43936789078052,162.94383655536586,162.93091558837705,182.20689012167261,148.11679777154401,0.0752,18.0,142.0,25.0
