mlbamId,player,normalizedName,team,position,age,dynastyCompositePct,dynastyCompositeRank,sourceCoverage,sourcesRanked,disagreementPctStdDev,rankStdDev,rankRange,bestSource,bestRank,worstSource,worstRank,highestSourcePct,lowestSourcePct,compositeConfidence,contextLabels,fantasyprosRank,fantasyprosDepth,fantasyprosPct,rotowireRank,rotowireDepth,rotowirePct,fantraxRank,fantraxDepth,fantraxPct,rotoballerRank,rotoballerDepth,rotoballerPct,harryknowsballRank,harryknowsballDepth,harryknowsballPct
660271,Shohei Ohtani,shohei ohtani,LAD,,31,0.998325,1,3,fantasypros|fantrax|rotoballer,0.002369,0.471,1,FantasyPros,1,RotoBaller Eric Cross,2,1.0,0.994975,medium coverage,Consensus Favorite,1,300,1.0,,,,1,510,1.0,2,200,0.994975,,,
677951,Bobby Witt Jr.,bobby witt,KC,SS,25,0.99823,2,3,fantasypros|fantrax|rotoballer,0.001372,0.471,1,RotoBaller Eric Cross,1,FantasyPros,2,1.0,0.996656,medium coverage,Consensus Favorite,2,300,0.996656,,,,2,510,0.998035,1,200,1.0,,,
665742,Juan Soto,juan soto,NYM,OF,27,0.990491,3,3,fantasypros|fantrax|rotoballer,0.002116,1.886,4,FantasyPros,3,FantraxHQ,7,0.993311,0.988212,medium coverage,Consensus Favorite,3,300,0.993311,,,,7,510,0.988212,3,200,0.98995,,,
682998,Corbin Carroll,corbin carroll,ARI,,25,0.987046,4,3,fantasypros|fantrax|rotoballer,0.002134,1.886,4,FantasyPros,4,FantraxHQ,8,0.989967,0.984925,medium coverage,Consensus Favorite,4,300,0.989967,,,,8,510,0.986248,4,200,0.984925,,,
682829,Elly De La Cruz,elly de la cruz,CIN,SS,24,0.982947,5,3,fantasypros|fantrax|rotoballer,0.00278,2.357,5,FantasyPros,5,FantraxHQ,10,0.986622,0.979899,medium coverage,Consensus Favorite,5,300,0.986622,,,,10,510,0.982318,5,200,0.979899,,,
694973,Paul Skenes,paul skenes,PIT,SP,,0.979432,6,3,fantasypros|fantrax|rotoballer,0.007627,1.414,3,FantraxHQ,6,FantasyPros,9,0.990177,0.973244,medium coverage,Consensus Favorite,9,300,0.973244,,,,6,510,0.990177,6,200,0.974874,,,
677594,Julio Rodríguez,julio rodriguez,SEA,,25,0.979137,7,3,fantasypros|fantrax|rotoballer,0.00658,1.247,3,FantasyPros,6,FantraxHQ,9,0.984283,0.969849,medium coverage,Consensus Favorite,6,300,0.983278,,,,9,510,0.984283,7,200,0.969849,,,
660670,Ronald Acuna Jr.,ronald acuna,ATL,OF,28,0.976926,8,3,fantasypros|fantrax|rotoballer,0.016993,2.867,7,FantraxHQ,3,RotoBaller Eric Cross,10,0.996071,0.954774,medium coverage,Consensus Favorite,7,300,0.979933,,,,3,510,0.996071,10,200,0.954774,,,
669373,Tarik Skubal,tarik skubal,DET,SP,,0.972277,9,3,fantasypros|fantrax|rotoballer,0.014191,3.3,8,FantraxHQ,5,FantasyPros,13,0.992141,0.959866,medium coverage,Consensus Favorite,13,300,0.959866,,,,5,510,0.992141,8,200,0.964824,,,
592450,Aaron Judge,aaron judge,NYY,,34,0.970142,10,3,fantasypros|fantrax|rotoballer,0.016998,4.082,10,FantraxHQ,4,FantasyPros,14,0.994106,0.956522,medium coverage,Consensus Favorite,14,300,0.956522,,,,4,510,0.994106,9,200,0.959799,,,
691406,Junior Caminero,junior caminero,TB,3B,22,0.963582,11,3,fantasypros|fantrax|rotoballer,0.016911,2.625,6,FantasyPros,8,FantraxHQ,14,0.976589,0.939698,medium coverage,Consensus Favorite,8,300,0.976589,,,,14,510,0.97446,13,200,0.939698,,,
701762,Nick Kurtz,nick kurtz,ATH,1B,23,0.960603,12,3,fantasypros|fantrax|rotoballer,0.011345,2.16,5,FantasyPros,11,FantraxHQ,16,0.97053,0.944724,medium coverage,Consensus Favorite,11,300,0.966555,,,,16,510,0.97053,12,200,0.944724,,,
665487,Fernando Tatis Jr.,fernando tatis,SD,2B/OF,27,0.951768,13,3,fantasypros|fantrax|rotoballer,0.023061,2.055,5,FantasyPros,12,RotoBaller Eric Cross,17,0.972495,0.919598,medium coverage,Consensus Favorite,12,300,0.963211,,,,15,510,0.972495,17,200,0.919598,,,
694192,Jackson Chourio,jackson chourio,MIL,OF,22,0.949262,14,3,fantasypros|fantrax|rotoballer,0.035359,4.784,11,FantasyPros,10,RotoBaller Eric Cross,21,0.978389,0.899497,medium coverage,Consensus Favorite,10,300,0.9699,,,,12,510,0.978389,21,200,0.899497,,,
695578,James Wood,james wood,WSH,OF,23,0.94414,15,3,fantasypros|fantrax|rotoballer,0.014507,2.944,7,RotoBaller Eric Cross,14,FantasyPros,21,0.964637,0.93311,medium coverage,Consensus Favorite,21,300,0.93311,,,,19,510,0.964637,14,200,0.934673,,,
608070,José Ramírez,jose ramirez,CLE,,33,0.938014,16,3,fantasypros|fantrax|rotoballer,0.033653,3.682,9,FantraxHQ,13,RotoBaller Eric Cross,22,0.976424,0.894472,medium coverage,Consensus Favorite,18,300,0.943144,,,,13,510,0.976424,22,200,0.894472,,,
683002,Gunnar Henderson,gunnar henderson,BAL,,24,0.935099,17,3,fantasypros|fantrax|rotoballer,0.032512,3.3,8,FantasyPros,15,RotoBaller Eric Cross,23,0.962672,0.889447,medium coverage,Consensus Favorite,15,300,0.953177,,,,20,510,0.962672,23,200,0.889447,,,
804606,Konnor Griffin,konnor griffin,PIT,SS,20,0.929644,18,3,fantasypros|fantrax|rotoballer,0.014217,12.675,31,RotoBaller Eric Cross,11,FantraxHQ,42,0.949749,0.91945,medium coverage,Consensus Favorite,25,300,0.919732,,,,42,510,0.91945,11,200,0.949749,,,
663656,Kyle Tucker,kyle tucker,LAD,,29,0.928594,19,3,fantasypros|fantrax|rotoballer,0.042449,4.784,11,FantasyPros,16,RotoBaller Eric Cross,27,0.966601,0.869347,medium coverage,Consensus Favorite,16,300,0.949833,,,,18,510,0.966601,27,200,0.869347,,,
670541,Yordan Alvarez,yordan alvarez,HOU,OF,28,0.927918,20,3,fantasypros|fantrax|rotoballer,0.011503,6.799,16,RotoBaller Eric Cross,15,FantraxHQ,31,0.941061,0.913043,medium coverage,Consensus Favorite,27,300,0.913043,,,,31,510,0.941061,15,200,0.929648,,,
665489,Vladimir Guerrero Jr.,vladimir guerrero,TOR,1B,27,0.927579,21,3,fantasypros|fantrax|rotoballer,0.039413,3.859,9,FantraxHQ,17,RotoBaller Eric Cross,26,0.968566,0.874372,medium coverage,Consensus Favorite,19,300,0.939799,,,,17,510,0.968566,26,200,0.874372,,,
676979,Garrett Crochet,garrett crochet,BOS,SP,,0.922018,22,3,fantasypros|fantrax|rotoballer,0.054489,8.179,20,FantraxHQ,11,RotoBaller Eric Cross,31,0.980354,0.849246,medium coverage,Consensus Favorite,20,300,0.936455,,,,11,510,0.980354,31,200,0.849246,,,
701350,Roman Anthony,roman anthony,BOS,OF,,0.919834,23,3,fantasypros|fantrax|rotoballer,0.046629,5.354,13,FantasyPros,17,RotoBaller Eric Cross,30,0.958743,0.854271,medium coverage,Consensus Favorite,17,300,0.946488,,,,22,510,0.958743,30,200,0.854271,,,
650911,Cristopher Sanchez,cristopher sanchez,PHI,SP,,0.905315,24,3,fantasypros|fantrax|rotoballer,0.024058,7.717,18,RotoBaller Eric Cross,20,FantasyPros,38,0.935167,0.876254,medium coverage,Consensus Favorite,38,300,0.876254,,,,34,510,0.935167,20,200,0.904523,,,
808967,Yoshinobu Yamamoto,yoshinobu yamamoto,LAD,SP,,0.901141,25,3,fantasypros|fantrax|rotoballer,0.0445,2.867,7,FantraxHQ,25,RotoBaller Eric Cross,32,0.952849,0.844221,medium coverage,Consensus Favorite,29,300,0.906355,,,,25,510,0.952849,32,200,0.844221,,,
606466,Ketel Marte,ketel marte,ARI,,32,0.899536,26,3,fantasypros|fantrax|rotoballer,0.044031,2.867,7,FantasyPros,26,RotoBaller Eric Cross,33,0.943026,0.839196,medium coverage,Neutral Context,26,300,0.916388,,,,30,510,0.943026,33,200,0.839196,,,
596019,Francisco Lindor,francisco lindor,NYM,SS,32,0.896866,27,3,fantasypros|fantrax|rotoballer,0.054912,5.354,13,FantraxHQ,23,RotoBaller Eric Cross,36,0.956778,0.824121,medium coverage,Neutral Context,28,300,0.909699,,,,23,510,0.956778,36,200,0.824121,,,
682928,CJ Abrams,cj abrams,WSH,SS,25,0.89633,28,3,fantasypros|fantrax|rotoballer,0.011342,9.031,22,RotoBaller Eric Cross,24,FantraxHQ,46,0.911591,0.884422,medium coverage,Neutral Context,33,300,0.892977,,,,46,510,0.911591,24,200,0.884422,,,
805808,Kevin McGonigle,kevin mcgonigle,DET,3B/SS,21,0.893078,29,3,fantasypros|fantrax|rotoballer,0.029942,15.283,35,RotoBaller Eric Cross,16,FantraxHQ,51,0.924623,0.852843,medium coverage,Neutral Context,45,300,0.852843,,,,51,510,0.901768,16,200,0.924623,,,
665862,Jazz Chisholm Jr.,jazz chisholm,NYY,,28,0.880957,30,3,fantasypros|fantrax|rotoballer,0.057922,5.558,13,FantraxHQ,26,RotoBaller Eric Cross,39,0.950884,0.809045,medium coverage,Neutral Context,36,300,0.882943,,,,26,510,0.950884,39,200,0.809045,,,
624413,Pete Alonso,pete alonso,BAL,,31,0.879812,31,3,fantasypros|fantrax|rotoballer,0.056367,3.771,8,FantasyPros,32,RotoBaller Eric Cross,40,0.939096,0.80402,medium coverage,Neutral Context,32,300,0.896321,,,,32,510,0.939096,40,200,0.80402,,,
686613,Hunter Brown,hunter brown,HOU,SP,,0.878906,32,3,fantasypros|fantrax|rotoballer,0.073813,8.832,21,FantraxHQ,24,RotoBaller Eric Cross,45,0.954813,0.778894,medium coverage,Neutral Context,30,300,0.90301,,,,24,510,0.954813,45,200,0.778894,,,
694671,Wyatt Langford,wyatt langford,TEX,OF,24,0.872925,33,3,fantasypros|fantrax|rotoballer,0.088349,11.898,27,FantasyPros,24,RotoBaller Eric Cross,51,0.946955,0.748744,medium coverage,Neutral Context,24,300,0.923077,,,,28,510,0.946955,51,200,0.748744,,,
656941,Kyle Schwarber,kyle schwarber,PHI,OF,33,0.866164,34,3,fantasypros|fantrax|rotoballer,0.061832,6.377,14,FantraxHQ,29,FantasyPros,43,0.94499,0.79397,medium coverage,Neutral Context,43,300,0.859532,,,,29,510,0.94499,42,200,0.79397,,,
669302,Logan Gilbert,logan gilbert,SEA,SP,,0.864112,35,3,fantasypros|fantrax|rotoballer,0.076356,8.576,21,FantraxHQ,27,RotoBaller Eric Cross,48,0.948919,0.763819,medium coverage,Neutral Context,37,300,0.879599,,,,27,510,0.948919,48,200,0.763819,,,
687263,Zach Neto,zach neto,LAA,SS,25,0.861853,36,3,fantasypros|fantrax|rotoballer,0.075409,7.318,16,FantraxHQ,33,RotoBaller Eric Cross,49,0.937132,0.758794,medium coverage,Neutral Context,34,300,0.889632,,,,33,510,0.937132,49,200,0.758794,,,
663728,Cal Raleigh,cal raleigh,SEA,,29,0.859638,37,3,fantasypros|fantrax|rotoballer,0.121711,19.568,42,FantraxHQ,21,RotoBaller Eric Cross,63,0.960707,0.688442,medium coverage,Neutral Context,22,300,0.929766,,,,21,510,0.960707,63,200,0.688442,,,
691718,Pete Crow-Armstrong,pete crow armstrong,CHC,OF,24,0.852705,38,3,fantasypros|fantrax|rotoballer,0.10908,15.861,38,FantasyPros,23,RotoBaller Eric Cross,61,0.933202,0.698492,medium coverage,Neutral Context,23,300,0.926421,,,,35,510,0.933202,61,200,0.698492,,,
693433,Bryan Woo,bryan woo,SEA,SP,,0.852387,39,3,fantasypros|fantrax|rotoballer,0.039187,7.071,15,FantasyPros,41,FantraxHQ,56,0.891945,0.798995,medium coverage,Neutral Context,41,300,0.866221,,,,56,510,0.891945,41,200,0.798995,,,
815908,Jesus Made,jesus made,MIL,SS,,0.842177,40,3,fantasypros|fantrax|rotoballer,0.047312,3.266,8,RotoBaller Eric Cross,44,FantraxHQ,52,0.899804,0.78392,medium coverage,Neutral Context,48,300,0.842809,,,,52,510,0.899804,44,200,0.78392,,,
694819,Jacob Misiorowski,jacob misiorowski,MIL,SP,,0.841736,41,3,fantasypros|fantrax|rotoballer,0.048418,34.374,84,RotoBaller Eric Cross,19,FantraxHQ,103,0.909548,0.799607,medium coverage,Neutral Context,56,300,0.816054,,,,103,510,0.799607,19,200,0.909548,,,
682985,Riley Greene,riley greene,DET,OF,25,0.841284,42,3,fantasypros|fantrax|rotoballer,0.080514,6.799,16,FantraxHQ,38,RotoBaller Eric Cross,54,0.927308,0.733668,medium coverage,Neutral Context,42,300,0.862876,,,,38,510,0.927308,54,200,0.733668,,,
695505,Chase Burns,chase burns,CIN,SP,,0.841138,43,3,fantasypros|fantrax|rotoballer,0.016635,23.753,58,RotoBaller Eric Cross,28,FantraxHQ,86,0.864322,0.826087,medium coverage,Neutral Context,53,300,0.826087,,,,86,510,0.833006,28,200,0.864322,,,
666142,Cole Ragans,cole ragans,KC,SP,,0.828058,44,3,fantasypros|fantrax|rotoballer,0.062939,2.494,6,FantraxHQ,48,FantasyPros,54,0.907662,0.753769,medium coverage,Neutral Context,54,300,0.822742,,,,48,510,0.907662,50,200,0.753769,,,
668881,Hunter Greene,hunter greene,CIN,SP,,0.825465,45,3,fantasypros|fantrax|rotoballer,0.091353,8.38,20,FantraxHQ,40,RotoBaller Eric Cross,60,0.923379,0.703518,medium coverage,Neutral Context,46,300,0.849498,,,,40,510,0.923379,60,200,0.703518,,,
547180,Bryce Harper,bryce harper,PHI,1B,33,0.82369,46,3,fantasypros|fantrax|rotoballer,0.095854,9.274,21,FantraxHQ,41,RotoBaller Eric Cross,62,0.921415,0.693467,medium coverage,Neutral Context,44,300,0.856187,,,,41,510,0.921415,62,200,0.693467,,,
802139,JJ Wetherholt,jj wetherholt,STL,2B,23,0.821584,47,3,fantasypros|fantrax|rotoballer,0.01013,23.795,58,RotoBaller Eric Cross,34,FantraxHQ,92,0.834171,0.809365,medium coverage,Neutral Context,58,300,0.809365,,,,92,510,0.821218,34,200,0.834171,,,
700250,Ben Rice,ben rice,NYY,,27,0.818675,48,3,fantasypros|fantrax|rotoballer,0.082874,32.765,70,RotoBaller Eric Cross,18,FantraxHQ,88,0.914573,0.712375,medium coverage,Neutral Context,87,300,0.712375,,,,88,510,0.829077,18,200,0.914573,,,
691587,Eury Perez,eury perez,MIA,SP,,0.815845,49,3,fantasypros|fantrax|rotoballer,0.105575,11.441,27,FantasyPros,40,RotoBaller Eric Cross,67,0.909627,0.668342,medium coverage,Neutral Context,40,300,0.869565,,,,47,510,0.909627,67,200,0.668342,,,
621566,Matt Olson,matt olson,ATL,1B,32,0.815543,50,3,fantasypros|fantrax|rotoballer,0.081919,9.978,24,FantraxHQ,39,FantasyPros,63,0.925344,0.728643,medium coverage,Neutral Context,63,300,0.792642,,,,39,510,0.925344,55,200,0.728643,,,
815888,Leodalis De Vries,leodalis de vries,ATH,SS,,0.80861,51,3,fantasypros|fantrax|rotoballer,0.06639,5.185,11,FantraxHQ,53,FantasyPros,64,0.897839,0.738693,medium coverage,Neutral Context,64,300,0.789298,,,,53,510,0.897839,53,200,0.738693,,,
646240,Rafael Devers,rafael devers,SF,1B,29,0.802931,52,3,fantasypros|fantrax|rotoballer,0.15965,24.363,54,FantasyPros,31,RotoBaller Eric Cross,85,0.931238,0.577889,medium coverage,Neutral Context,31,300,0.899666,,,,36,510,0.931238,85,200,0.577889,,,
668930,Brice Turang,brice turang,MIL,2B,26,0.797879,53,3,fantasypros|fantrax|rotoballer,0.079498,27.98,66,RotoBaller Eric Cross,29,FantasyPros,95,0.859296,0.685619,medium coverage,Neutral Context,95,300,0.685619,,,,78,510,0.848723,29,200,0.859296,,,
657746,Joe Ryan,joe ryan,MIN,SP,,0.796506,54,3,fantasypros|fantrax|rotoballer,0.06946,5.437,12,RotoBaller Eric Cross,56,FantasyPros,68,0.88998,0.723618,medium coverage,Neutral Context,68,300,0.77592,,,,57,510,0.88998,56,200,0.723618,,,
607208,Trea Turner,trea turner,PHI,SS,32,0.792814,55,3,fantasypros|fantrax|rotoballer,0.138432,18.373,43,FantraxHQ,37,RotoBaller Eric Cross,80,0.929273,0.603015,medium coverage,Neutral Context,47,300,0.846154,,,,37,510,0.929273,80,200,0.603015,,,
608331,Max Fried,max fried,NYY,SP,,0.786272,56,3,fantasypros|fantrax|rotoballer,0.072972,6.848,15,RotoBaller Eric Cross,58,FantasyPros,73,0.886051,0.713568,medium coverage,Neutral Context,73,300,0.759197,,,,59,510,0.886051,58,200,0.713568,,,
701538,Jackson Merrill,jackson merrill,SD,OF,23,0.782162,57,3,fantasypros|fantrax|rotoballer,0.169794,25.197,57,FantasyPros,35,RotoBaller Eric Cross,92,0.917485,0.542714,medium coverage,Neutral Context,35,300,0.886288,,,,43,510,0.917485,92,200,0.542714,,,
667670,Brent Rooker,brent rooker,ATH,OF,31,0.780995,58,3,fantasypros|fantrax|rotoballer,0.094651,8.957,21,FantraxHQ,50,FantasyPros,71,0.903733,0.673367,medium coverage,Neutral Context,71,300,0.765886,,,,50,510,0.903733,66,200,0.673367,,,
669923,George Kirby,george kirby,SEA,SP,,0.779084,59,3,fantasypros|fantrax|rotoballer,0.101738,6.377,14,FantraxHQ,58,RotoBaller Eric Cross,72,0.888016,0.643216,medium coverage,Neutral Context,59,300,0.80602,,,,58,510,0.888016,72,200,0.643216,,,
672580,Maikel Garcia,maikel garcia,KC,3B,26,0.777651,60,3,fantasypros|fantrax|rotoballer,0.048869,12.499,27,RotoBaller Eric Cross,52,FantraxHQ,79,0.846758,0.742475,medium coverage,Neutral Context,78,300,0.742475,,,,79,510,0.846758,52,200,0.743719,,,
592518,Manny Machado,manny machado,SD,3B,33,0.77372,61,3,fantasypros|fantrax|rotoballer,0.145989,18.373,42,FantraxHQ,44,RotoBaller Eric Cross,86,0.915521,0.572864,medium coverage,Neutral Context,51,300,0.832776,,,,44,510,0.915521,86,200,0.572864,,,
694212,Samuel Basallo,samuel basallo,BAL,C,21,0.769395,62,3,fantasypros|fantrax|rotoballer,0.065628,8.287,20,RotoBaller Eric Cross,59,FantasyPros,79,0.860511,0.708543,medium coverage,Neutral Context,79,300,0.73913,,,,72,510,0.860511,59,200,0.708543,,,
695243,Mason Miller,mason miller,SD,RP,,0.768816,63,3,fantasypros|fantrax|rotoballer,0.105737,11.431,26,FantraxHQ,49,FantasyPros,75,0.905697,0.648241,medium coverage,Neutral Context,75,300,0.752508,,,,49,510,0.905697,71,200,0.648241,,,
690997,Nolan McLean,nolan mclean,NYM,SP,,0.76855,64,3,fantasypros|fantrax|rotoballer,0.035172,25.486,61,RotoBaller Eric Cross,43,FantraxHQ,104,0.797642,0.719064,medium coverage,Neutral Context,85,300,0.719064,,,,104,510,0.797642,43,200,0.788945,,,
605141,Mookie Betts,mookie betts,LAD,,33,0.76525,65,3,fantasypros|fantrax|rotoballer,0.154126,19.771,45,FantraxHQ,45,RotoBaller Eric Cross,90,0.913556,0.552764,medium coverage,Neutral Context,52,300,0.829431,,,,45,510,0.913556,90,200,0.552764,,,
647304,Josh Naylor,josh naylor,SEA,,28,0.762651,66,3,fantasypros|fantrax|rotoballer,0.104507,8.731,19,FantraxHQ,55,FantasyPros,74,0.89391,0.638191,medium coverage,Neutral Context,74,300,0.755853,,,,55,510,0.89391,73,200,0.638191,,,
680885,Spencer Schwellenbach,spencer schwellenbach,ATL,SP,,0.760505,67,3,fantasypros|fantrax|rotoballer,0.115771,9.899,24,FantraxHQ,54,RotoBaller Eric Cross,78,0.895874,0.613065,medium coverage,Neutral Context,69,300,0.772575,,,,54,510,0.895874,78,200,0.613065,,,
642547,Freddy Peralta,freddy peralta,NYM,SP,,0.759612,68,3,fantasypros|fantrax|rotoballer,0.096228,2.944,7,FantasyPros,67,RotoBaller Eric Cross,74,0.866405,0.633166,medium coverage,Neutral Context,67,300,0.779264,,,,69,510,0.866405,74,200,0.633166,,,
671732,Lawrence Butler,lawrence butler,ATH,OF,25,0.756283,69,2,fantasypros|fantrax,0.047253,6.5,13,FantasyPros,88,FantraxHQ,101,0.803536,0.70903,medium coverage,Neutral Context,88,300,0.70903,,,,101,510,0.803536,,,,,,
657277,Logan Webb,logan webb,SF,SP,,0.75139,70,3,fantasypros|fantrax|rotoballer,0.120591,11.086,27,FantasyPros,57,RotoBaller Eric Cross,84,0.858546,0.582915,medium coverage,Neutral Context,57,300,0.812709,,,,73,510,0.858546,84,200,0.582915,,,
665833,Oneil Cruz,oneil cruz,PIT,,27,0.749224,71,3,fantasypros|fantrax|rotoballer,0.045366,16.54,39,RotoBaller Eric Cross,57,FantraxHQ,96,0.81336,0.715719,medium coverage,Neutral Context,86,300,0.715719,,,,96,510,0.81336,57,200,0.718593,,,
663586,Austin Riley,austin riley,ATL,3B,29,0.742387,72,3,fantasypros|fantrax|rotoballer,0.166892,21.182,50,FantasyPros,49,RotoBaller Eric Cross,99,0.880157,0.507538,medium coverage,Neutral Context,49,300,0.839465,,,,62,510,0.880157,99,200,0.507538,,,
641355,Cody Bellinger,cody bellinger,NYY,,30,0.739472,73,3,fantasypros|fantrax|rotoballer,0.088373,14.522,33,RotoBaller Eric Cross,65,FantasyPros,98,0.86444,0.675585,medium coverage,Neutral Context,98,300,0.675585,,,,70,510,0.86444,65,200,0.678392,,,
702616,Jackson Holliday,jackson holliday,,,22,0.738321,74,3,fantasypros|fantrax|rotoballer,0.177559,26.196,64,FantasyPros,39,RotoBaller Eric Cross,103,0.87291,0.487437,medium coverage,Neutral Context,39,300,0.87291,,,,75,510,0.854617,103,200,0.487437,,,
682663,Agustin Ramirez,agustin ramirez,MIA,C,24,0.735316,75,2,fantasypros|fantrax,0.089831,8.5,17,FantraxHQ,90,FantasyPros,107,0.825147,0.645485,medium coverage,Neutral Context,107,300,0.645485,,,,90,510,0.825147,,,,,,
681624,Andy Pages,andy pages,LAD,,25,0.733558,76,3,fantasypros|fantrax|rotoballer,0.056464,14.079,34,RotoBaller Eric Cross,68,FantraxHQ,102,0.801572,0.663317,medium coverage,Neutral Context,80,300,0.735786,,,,102,510,0.801572,68,200,0.663317,,,
675911,Spencer Strider,spencer strider,ATL,RP,,0.728776,77,3,fantasypros|fantrax|rotoballer,0.137085,12.675,31,FantasyPros,62,RotoBaller Eric Cross,93,0.852652,0.537688,medium coverage,Neutral Context,62,300,0.795987,,,,76,510,0.852652,93,200,0.537688,,,
686948,Drake Baldwin,drake baldwin,ATL,C,25,0.727248,78,3,fantasypros|fantrax|rotoballer,0.121761,40.108,97,RotoBaller Eric Cross,37,FantasyPros,134,0.819095,0.555184,medium coverage,Neutral Context,134,300,0.555184,,,,99,510,0.807466,37,200,0.819095,,,
703601,Max Clark,max clark,DET,OF,,0.725685,79,3,fantasypros|fantrax|rotoballer,0.097479,19.201,47,FantasyPros,61,FantraxHQ,108,0.799331,0.58794,medium coverage,Neutral Context,61,300,0.799331,,,,108,510,0.789784,83,200,0.58794,,,
665161,Jeremy Pena,jeremy pena,HOU,SS,28,0.722414,80,3,fantasypros|fantrax|rotoballer,0.160714,17.327,39,FantraxHQ,61,RotoBaller Eric Cross,100,0.882122,0.502513,medium coverage,Neutral Context,66,300,0.782609,,,,61,510,0.882122,100,200,0.502513,,,
661388,William Contreras,william contreras,MIL,C,28,0.721422,81,3,fantasypros|fantrax|rotoballer,0.137534,12.919,31,FantraxHQ,60,RotoBaller Eric Cross,91,0.884086,0.547739,medium coverage,Neutral Context,81,300,0.732441,,,,60,510,0.884086,91,200,0.547739,,,
680776,Jarren Duran,jarren duran,BOS,,29,0.707998,82,3,fantasypros|fantrax|rotoballer,0.191585,25.807,63,FantasyPros,50,RotoBaller Eric Cross,113,0.850688,0.437186,medium coverage,Market Split,50,300,0.83612,,,,77,510,0.850688,113,200,0.437186,,,
672695,Geraldo Perdomo,geraldo perdomo,ARI,,26,0.703443,83,3,fantasypros|fantrax|rotoballer,0.144631,12.284,30,FantraxHQ,67,RotoBaller Eric Cross,97,0.870334,0.517588,medium coverage,Neutral Context,84,300,0.722408,,,,67,510,0.870334,97,200,0.517588,,,
668227,Randy Arozarena,randy arozarena,SEA,,31,0.703344,84,3,fantasypros|fantrax|rotoballer,0.062449,21.213,45,RotoBaller Eric Cross,64,FantasyPros,109,0.787819,0.638796,medium coverage,Neutral Context,109,300,0.638796,,,,109,510,0.787819,64,200,0.683417,,,
807713,Matt Shaw,matt shaw,CHC,2B/3B,24,0.70014,85,2,fantasypros|fantrax,0.068033,4.0,8,FantasyPros,111,FantraxHQ,119,0.768173,0.632107,medium coverage,Neutral Context,111,300,0.632107,,,,119,510,0.768173,,,,,,
594798,Jacob deGrom,jacob degrom,TEX,SP,,0.699696,86,2,fantasypros|fantrax,0.141168,25.5,51,FantraxHQ,82,FantasyPros,133,0.840864,0.558528,medium coverage,Neutral Context,133,300,0.558528,,,,82,510,0.840864,,,,,,
701398,Sal Stewart,sal stewart,CIN,1B/3B,22,0.699323,87,3,fantasypros|fantrax|rotoballer,0.096225,48.61,113,RotoBaller Eric Cross,38,FantraxHQ,151,0.81407,0.578595,medium coverage,Neutral Context,127,300,0.578595,,,,151,510,0.705305,38,200,0.81407,,,
608369,Corey Seager,corey seager,TEX,SS,32,0.698159,88,3,fantasypros|fantrax|rotoballer,0.148561,14.384,34,FantraxHQ,64,RotoBaller Eric Cross,98,0.876228,0.512563,medium coverage,Neutral Context,89,300,0.705686,,,,64,510,0.876228,98,200,0.512563,,,
683953,Travis Bazzana,travis bazzana,CLE,,,0.691305,89,3,fantasypros|fantrax|rotoballer,0.030958,38.964,88,RotoBaller Eric Cross,70,FantraxHQ,158,0.729097,0.653266,medium coverage,Neutral Context,82,300,0.729097,,,,158,510,0.691552,70,200,0.653266,,,
669127,Shea Langeliers,shea langeliers,ATH,C,28,0.688232,90,3,fantasypros|fantrax|rotoballer,0.154318,46.349,113,RotoBaller Eric Cross,46,FantasyPros,159,0.819253,0.471572,medium coverage,Neutral Context,159,300,0.471572,,,,93,510,0.819253,46,200,0.773869,,,
671739,Michael Harris II,michael harris,ATL,OF,25,0.687213,91,3,fantasypros|fantrax|rotoballer,0.067054,15.326,37,RotoBaller Eric Cross,77,FantraxHQ,114,0.777996,0.61809,medium coverage,Neutral Context,101,300,0.665552,,,,114,510,0.777996,77,200,0.61809,,,
673548,Seiya Suzuki,seiya suzuki,CHC,OF,31,0.684109,92,3,fantasypros|fantrax|rotoballer,0.160181,16.31,39,FantraxHQ,65,RotoBaller Eric Cross,104,0.874263,0.482412,medium coverage,Neutral Context,92,300,0.695652,,,,65,510,0.874263,104,200,0.482412,,,
683737,Michael Busch,michael busch,CHC,1B,28,0.682578,93,3,fantasypros|fantrax|rotoballer,0.126835,7.587,18,FantraxHQ,81,FantasyPros,99,0.842829,0.532663,medium coverage,Neutral Context,99,300,0.672241,,,,81,510,0.842829,94,200,0.532663,,,
642207,Devin Williams,devin williams,NYM,RP,,0.681729,94,1,fantrax,0.0,0.0,0,FantraxHQ,163,FantraxHQ,163,0.681729,0.681729,one-source flyer,One-Source Flyer,,,,,,,163,510,0.681729,,,,,,
666200,Jesus Luzardo,jesus luzardo,PHI,SP,,0.678273,95,3,fantasypros|fantrax|rotoballer,0.094179,15.107,37,RotoBaller Eric Cross,79,FantasyPros,116,0.811395,0.60804,medium coverage,Neutral Context,116,300,0.615385,,,,97,510,0.811395,79,200,0.60804,,,
805811,Bryce Eldridge,bryce eldridge,SF,1B,,0.670715,96,3,fantasypros|fantrax|rotoballer,0.158392,18.08,41,FantasyPros,70,RotoBaller Eric Cross,111,0.795678,0.447236,medium coverage,Neutral Context,70,300,0.769231,,,,105,510,0.795678,111,200,0.447236,,,
519242,Chris Sale,chris sale,ATL,SP,,0.669994,97,2,fantasypros|fantrax,0.164977,32.0,64,FantraxHQ,85,FantasyPros,149,0.834971,0.505017,medium coverage,Neutral Context,149,300,0.505017,,,,85,510,0.834971,,,,,,
628452,Raisel Iglesias,raisel iglesias,ATL,RP,,0.664047,98,1,fantrax,0.0,0.0,0,FantraxHQ,172,FantraxHQ,172,0.664047,0.664047,one-source flyer,One-Source Flyer,,,,,,,172,510,0.664047,,,,,,
702056,Trey Yesavage,trey yesavage,TOR,SP,,0.661875,99,3,fantasypros|fantrax|rotoballer,0.06132,28.577,65,RotoBaller Eric Cross,69,FantraxHQ,134,0.738703,0.588629,medium coverage,Neutral Context,124,300,0.588629,,,,134,510,0.738703,69,200,0.658291,,,
656302,Dylan Cease,dylan cease,TOR,SP,,0.659747,100,3,fantasypros|fantrax|rotoballer,0.127564,29.337,67,RotoBaller Eric Cross,76,FantasyPros,143,0.831041,0.525084,medium coverage,Neutral Context,143,300,0.525084,,,,87,510,0.831041,76,200,0.623116,,,
691016,Tyler Soderstrom,tyler soderstrom,ATH,OF,24,0.657039,101,3,fantasypros|fantrax|rotoballer,0.150693,16.76,40,FantraxHQ,74,FantasyPros,114,0.856582,0.492462,medium coverage,Neutral Context,114,300,0.622074,,,,74,510,0.856582,102,200,0.492462,,,
621439,Byron Buxton,byron buxton,MIN,OF,32,0.655107,102,3,fantasypros|fantrax|rotoballer,0.122119,8.524,19,FantraxHQ,94,FantasyPros,113,0.817289,0.522613,medium coverage,Neutral Context,113,300,0.625418,,,,94,510,0.817289,96,200,0.522613,,,
686469,Vinnie Pasquantino,vinnie pasquantino,KC,1B,28,0.651549,103,3,fantasypros|fantrax|rotoballer,0.189086,18.154,39,FantasyPros,83,RotoBaller Eric Cross,122,0.836935,0.39196,medium coverage,Market Split,83,300,0.725753,,,,84,510,0.836935,122,200,0.39196,,,
806964,Sebastian Walcott,sebastian walcott,TEX,SS,,0.642077,104,3,fantasypros|fantrax|rotoballer,0.27781,41.085,90,FantasyPros,60,RotoBaller Eric Cross,150,0.872299,0.251256,medium coverage,Market Split,60,300,0.802676,,,,66,510,0.872299,150,200,0.251256,,,
664285,Framber Valdez,framber valdez,DET,RP,,0.63829,105,3,fantasypros|fantrax|rotoballer,0.141067,4.11,10,FantasyPros,100,RotoBaller Eric Cross,110,0.793713,0.452261,medium coverage,Neutral Context,100,300,0.668896,,,,106,510,0.793713,110,200,0.452261,,,
669065,Kyle Stowers,kyle stowers,MIA,1B/OF,28,0.635383,106,3,fantasypros|fantrax|rotoballer,0.162077,11.518,28,FantasyPros,90,RotoBaller Eric Cross,118,0.791749,0.41206,medium coverage,Neutral Context,90,300,0.702341,,,,107,510,0.791749,118,200,0.41206,,,
650633,Michael King,michael king,SD,RP,,0.629688,107,3,fantasypros|fantrax|rotoballer,0.123373,6.944,16,FantasyPros,104,FantraxHQ,120,0.766208,0.467337,medium coverage,Neutral Context,104,300,0.655518,,,,120,510,0.766208,107,200,0.467337,,,
805805,Walker Jenkins,walker jenkins,MIN,OF,,0.629325,108,3,fantasypros|fantrax|rotoballer,0.1548,9.877,23,FantasyPros,94,RotoBaller Eric Cross,117,0.781925,0.417085,medium coverage,Neutral Context,94,300,0.688963,,,,112,510,0.781925,117,200,0.417085,,,
695506,Jac Caglianone,jac caglianone,KC,1B/OF,23,0.626935,109,3,fantasypros|fantrax|rotoballer,0.215138,37.95,81,FantasyPros,55,FantraxHQ,136,0.819398,0.326633,medium coverage,Market Split,55,300,0.819398,,,,136,510,0.734774,135,200,0.326633,,,
680757,Steven Kwan,steven kwan,CLE,,28,0.619941,110,2,fantasypros|fantrax,0.048035,20.5,41,FantasyPros,129,FantraxHQ,170,0.667976,0.571906,medium coverage,Neutral Context,129,300,0.571906,,,,170,510,0.667976,,,,,,
691176,Jasson Dominguez,jasson dominguez,NYY,OF,,0.619251,111,2,fantasypros|fantrax,0.05069,19.5,39,FantasyPros,130,FantraxHQ,169,0.669941,0.568562,medium coverage,Neutral Context,130,300,0.568562,,,,169,510,0.669941,,,,,,
679529,Spencer Torkelson,spencer torkelson,DET,1B,26,0.618995,112,2,fantasypros|fantrax,0.13739,15.5,31,FantraxHQ,125,FantasyPros,156,0.756385,0.481605,medium coverage,Neutral Context,156,300,0.481605,,,,125,510,0.756385,,,,,,
686611,Dylan Crews,dylan crews,WSH,OF,,0.618187,113,2,fantasypros|fantrax,0.026214,29.5,59,FantasyPros,123,FantraxHQ,182,0.644401,0.591973,medium coverage,Neutral Context,123,300,0.591973,,,,182,510,0.644401,,,,,,
608324,Alex Bregman,alex bregman,CHC,3B,32,0.618175,114,3,fantasypros|fantrax|rotoballer,0.267281,36.381,80,FantraxHQ,71,RotoBaller Eric Cross,151,0.862475,0.246231,medium coverage,Market Split,77,300,0.745819,,,,71,510,0.862475,151,200,0.246231,,,
800543,Josue De Paula,josue de paula,LAD,OF,,0.617381,115,3,fantasypros|fantrax|rotoballer,0.015602,47.209,115,RotoBaller Eric Cross,75,FantraxHQ,190,0.628684,0.595318,medium coverage,Neutral Context,122,300,0.595318,,,,190,510,0.628684,75,200,0.628141,,,
666182,Bo Bichette,bo bichette,NYM,SS,28,0.616258,116,3,fantasypros|fantrax|rotoballer,0.246665,31.822,76,FantraxHQ,68,RotoBaller Eric Cross,144,0.868369,0.281407,medium coverage,Market Split,91,300,0.698997,,,,68,510,0.868369,144,200,0.281407,,,
670623,Isaac Paredes,isaac paredes,HOU,3B,27,0.614061,117,2,fantasypros|fantrax,0.1659,26.5,53,FantraxHQ,113,FantasyPros,166,0.779961,0.448161,medium coverage,Neutral Context,166,300,0.448161,,,,113,510,0.779961,,,,,,
696149,Bubba Chandler,bubba chandler,PIT,SP,,0.605875,118,3,fantasypros|fantrax|rotoballer,0.236771,34.082,81,FantasyPros,65,RotoBaller Eric Cross,146,0.785953,0.271357,medium coverage,Market Split,65,300,0.785953,,,,123,510,0.760314,146,200,0.271357,,,
543243,Sonny Gray,sonny gray,BOS,SP,,0.603143,119,1,fantrax,0.0,0.0,0,FantraxHQ,203,FantraxHQ,203,0.603143,0.603143,one-source flyer,One-Source Flyer,,,,,,,203,510,0.603143,,,,,,
680694,Kyle Bradish,kyle bradish,BAL,SP,,0.601656,120,3,fantasypros|fantrax|rotoballer,0.113694,20.833,51,RotoBaller Eric Cross,95,FantasyPros,146,0.762279,0.51505,medium coverage,Neutral Context,146,300,0.51505,,,,122,510,0.762279,95,200,0.527638,,,
691785,Marcelo Mayer,marcelo mayer,BOS,,23,0.600318,121,2,fantasypros|fantrax,0.005033,44.0,88,FantasyPros,119,FantraxHQ,207,0.605351,0.595285,medium coverage,Neutral Context,119,300,0.605351,,,,207,510,0.595285,,,,,,
666157,Nick Lodolo,nick lodolo,CIN,SP,,0.592052,122,2,fantasypros|fantrax,0.150581,18.0,36,FantraxHQ,132,FantasyPros,168,0.742633,0.441472,medium coverage,Neutral Context,168,300,0.441472,,,,132,510,0.742633,,,,,,
607192,Tyler Glasnow,tyler glasnow,LAD,SP,,0.585924,123,3,fantasypros|fantrax|rotoballer,0.156026,22.691,52,FantraxHQ,100,FantasyPros,152,0.805501,0.457286,medium coverage,Neutral Context,152,300,0.494983,,,,100,510,0.805501,109,200,0.457286,,,
642715,Willy Adames,willy adames,SF,SS,30,0.585568,124,3,fantasypros|fantrax|rotoballer,0.140293,12.083,27,RotoBaller Eric Cross,112,FantasyPros,139,0.776031,0.442211,medium coverage,Neutral Context,139,300,0.538462,,,,115,510,0.776031,112,200,0.442211,,,
661395,Jhoan Duran,jhoan duran,PHI,RP,,0.584108,125,3,fantasypros|fantrax|rotoballer,0.229445,23.443,56,FantraxHQ,89,RotoBaller Eric Cross,145,0.827112,0.276382,medium coverage,Market Split,106,300,0.648829,,,,89,510,0.827112,145,200,0.276382,,,
805779,Jacob Wilson,jacob wilson,ATH,SS,24,0.583713,126,3,fantasypros|fantrax|rotoballer,0.228002,31.016,72,FantasyPros,76,RotoBaller Eric Cross,148,0.749164,0.261307,medium coverage,Market Split,76,300,0.749164,,,,133,510,0.740668,148,200,0.261307,,,
663538,Nico Hoerner,nico hoerner,CHC,2B/SS,29,0.583416,127,3,fantasypros|fantrax|rotoballer,0.101939,16.357,38,RotoBaller Eric Cross,105,FantraxHQ,143,0.721022,0.477387,medium coverage,Neutral Context,135,300,0.551839,,,,143,510,0.721022,105,200,0.477387,,,
514888,Jose Altuve,jose altuve,HOU,2B,36,0.581141,128,2,fantasypros|fantrax,0.149703,16.5,33,FantraxHQ,138,FantasyPros,171,0.730845,0.431438,medium coverage,Neutral Context,171,300,0.431438,,,,138,510,0.730845,,,,,,
543807,George Springer,george springer,TOR,OF,36,0.579568,129,1,fantrax,0.0,0.0,0,FantraxHQ,215,FantraxHQ,215,0.579568,0.579568,one-source flyer,One-Source Flyer,,,,,,,215,510,0.579568,,,,,,
691725,Andrew Painter,andrew painter,PHI,SP,,0.579292,130,2,fantasypros|fantrax,0.01937,52.0,104,FantasyPros,121,FantraxHQ,225,0.598662,0.559921,medium coverage,Neutral Context,121,300,0.598662,,,,225,510,0.559921,,,,,,
686218,Emmet Sheehan,emmet sheehan,LAD,SP,,0.578401,131,3,fantasypros|fantrax|rotoballer,0.149608,5.312,13,FantasyPros,118,FantraxHQ,131,0.744597,0.38191,medium coverage,Neutral Context,118,300,0.608696,,,,131,510,0.744597,124,200,0.38191,,,
682622,Noelvi Marte,noelvi marte,CIN,OF,,0.578241,132,2,fantasypros|fantrax,0.079913,12.0,24,FantasyPros,151,FantraxHQ,175,0.658153,0.498328,medium coverage,Neutral Context,151,300,0.498328,,,,175,510,0.658153,,,,,,
678882,Ceddanne Rafaela,ceddanne rafaela,BOS,,25,0.574574,133,3,fantasypros|fantrax|rotoballer,0.170794,9.933,22,FantasyPros,110,RotoBaller Eric Cross,132,0.746562,0.341709,medium coverage,Neutral Context,110,300,0.635452,,,,130,510,0.746562,132,200,0.341709,,,
575929,Willson Contreras,willson contreras,BOS,,34,0.571709,134,1,fantrax,0.0,0.0,0,FantraxHQ,219,FantraxHQ,219,0.571709,0.571709,one-source flyer,One-Source Flyer,,,,,,,219,510,0.571709,,,,,,
678246,Miguel Vargas,miguel vargas,CWS,1B/3B,26,0.57008,135,2,fantrax|rotoballer,0.198764,137.0,274,RotoBaller Eric Cross,47,FantraxHQ,321,0.768844,0.371316,medium coverage,Market Split,,,,,,,321,510,0.371316,47,200,0.768844,,,
666160,Mickey Moniak,mickey moniak,COL,OF,28,0.569745,136,1,fantrax,0.0,0.0,0,FantraxHQ,220,FantraxHQ,220,0.569745,0.569745,one-source flyer,One-Source Flyer,,,,,,,220,510,0.569745,,,,,,
668909,Gavin Williams,gavin williams,CLE,SP,,0.567734,137,3,fantasypros|fantrax|rotoballer,0.113973,36.022,85,RotoBaller Eric Cross,87,FantasyPros,172,0.707269,0.428094,medium coverage,Neutral Context,172,300,0.428094,,,,150,510,0.707269,87,200,0.567839,,,
662139,Daulton Varsho,daulton varsho,TOR,OF,29,0.563851,138,1,fantrax,0.0,0.0,0,FantraxHQ,223,FantraxHQ,223,0.563851,0.563851,one-source flyer,One-Source Flyer,,,,,,,223,510,0.563851,,,,,,
696100,Hunter Goodman,hunter goodman,COL,C,26,0.563157,139,3,fantasypros|fantrax|rotoballer,0.173773,11.585,28,FantraxHQ,110,FantasyPros,138,0.785855,0.361809,medium coverage,Neutral Context,138,300,0.541806,,,,110,510,0.785855,128,200,0.361809,,,
701358,Cam Smith,cam smith,HOU,OF,23,0.560664,140,2,fantasypros|fantrax,0.052303,25.0,50,FantasyPros,148,FantraxHQ,198,0.612967,0.508361,medium coverage,Neutral Context,148,300,0.508361,,,,198,510,0.612967,,,,,,
518692,Freddie Freeman,freddie freeman,LAD,,36,0.555589,141,3,fantasypros|fantrax|rotoballer,0.348067,51.814,115,FantasyPros,72,RotoBaller Eric Cross,187,0.8389,0.065327,medium coverage,Market Split,72,300,0.762542,,,,83,510,0.8389,187,200,0.065327,,,
808959,Munetaka Murakami,munetaka murakami,CWS,1B,26,0.552718,142,3,fantasypros|fantrax|rotoballer,0.05304,77.047,176,RotoBaller Eric Cross,88,FantraxHQ,264,0.61204,0.483301,medium coverage,Neutral Context,117,300,0.61204,,,,264,510,0.483301,88,200,0.562814,,,
680718,Addison Barger,addison barger,TOR,3B/OF,26,0.550644,143,2,fantasypros|fantrax,0.186095,28.0,56,FantraxHQ,135,FantasyPros,191,0.736739,0.364548,medium coverage,Market Split,191,300,0.364548,,,,135,510,0.736739,,,,,,
669358,Shane Baz,shane baz,BAL,SP,,0.54793,144,2,fantasypros|fantrax,0.12987,5.0,10,FantraxHQ,165,FantasyPros,175,0.6778,0.41806,medium coverage,Neutral Context,175,300,0.41806,,,,165,510,0.6778,,,,,,
669257,Will Smith,will smith,LAD,,31,0.542288,145,3,fantasypros|fantrax|rotoballer,0.183182,9.568,22,FantraxHQ,118,FantasyPros,140,0.770138,0.321608,medium coverage,Market Split,140,300,0.535117,,,,118,510,0.770138,136,200,0.321608,,,
686668,Brenton Doyle,brenton doyle,COL,OF,28,0.542105,146,2,fantasypros|fantrax,0.02371,38.5,77,FantasyPros,145,FantraxHQ,222,0.565815,0.518395,medium coverage,Neutral Context,145,300,0.518395,,,,222,510,0.565815,,,,,,
666176,Jo Adell,jo adell,LAA,OF,27,0.534597,147,3,fantasypros|fantrax|rotoballer,0.240305,26.55,64,FantasyPros,97,RotoBaller Eric Cross,161,0.72888,0.19598,medium coverage,Market Split,97,300,0.67893,,,,139,510,0.72888,161,200,0.19598,,,
662253,Andres Munoz,andres munoz,SEA,RP,,0.531881,148,3,fantasypros|fantrax|rotoballer,0.360216,55.174,130,FantraxHQ,63,RotoBaller Eric Cross,193,0.878193,0.035176,medium coverage,Market Split,96,300,0.682274,,,,63,510,0.878193,193,200,0.035176,,,
671056,Ivan Herrera,ivan herrera,STL,C,25,0.527255,149,3,fantasypros|fantrax|rotoballer,0.125892,29.848,72,RotoBaller Eric Cross,106,FantasyPros,178,0.701375,0.408027,medium coverage,Neutral Context,178,300,0.408027,,,,153,510,0.701375,106,200,0.472362,,,
596115,Trevor Story,trevor story,BOS,,33,0.526523,150,1,fantrax,0.0,0.0,0,FantraxHQ,242,FantraxHQ,242,0.526523,0.526523,one-source flyer,One-Source Flyer,,,,,,,242,510,0.526523,,,,,,
676059,Jordan Westburg,jordan westburg,,,27,0.525722,151,3,fantasypros|fantrax|rotoballer,0.30314,37.277,81,FantraxHQ,98,RotoBaller Eric Cross,179,0.80943,0.105528,medium coverage,Market Split,102,300,0.662207,,,,98,510,0.80943,179,200,0.105528,,,
677800,Wilyer Abreu,wilyer abreu,BOS,,26,0.523855,152,3,fantasypros|fantrax|rotoballer,0.112276,31.351,67,FantasyPros,126,FantraxHQ,193,0.62279,0.366834,medium coverage,Neutral Context,126,300,0.58194,,,,193,510,0.62279,127,200,0.366834,,,
668939,Adley Rutschman,adley rutschman,BAL,,28,0.523145,153,3,fantasypros|fantrax|rotoballer,0.160928,25.421,62,FantasyPros,115,FantraxHQ,177,0.654224,0.296482,medium coverage,Neutral Context,115,300,0.618729,,,,177,510,0.654224,141,200,0.296482,,,
669022,MacKenzie Gore,mackenzie gore,TEX,SP,,0.519094,154,3,fantasypros|fantrax|rotoballer,0.289993,34.989,85,FantasyPros,93,RotoBaller Eric Cross,178,0.75442,0.110553,medium coverage,Market Split,93,300,0.692308,,,,126,510,0.75442,178,200,0.110553,,,
669432,Trevor Rogers,trevor rogers,BAL,SP,,0.516699,155,1,fantrax,0.0,0.0,0,FantraxHQ,247,FantraxHQ,247,0.516699,0.516699,one-source flyer,One-Source Flyer,,,,,,,247,510,0.516699,,,,,,
680570,Grayson Rodriguez,grayson rodriguez,LAA,SP,,0.514906,156,2,fantasypros|fantrax,0.123601,1.0,2,FantasyPros,183,FantraxHQ,185,0.638507,0.391304,medium coverage,Neutral Context,183,300,0.391304,,,,185,510,0.638507,,,,,,
666018,Jonathan Aranda,jonathan aranda,TB,,28,0.511214,157,3,fantasypros|fantrax|rotoballer,0.15329,28.601,69,RotoBaller Eric Cross,116,FantasyPros,185,0.726916,0.384615,medium coverage,Neutral Context,185,300,0.384615,,,,140,510,0.726916,116,200,0.422111,,,
681481,Kerry Carpenter,kerry carpenter,DET,OF,28,0.509094,158,2,fantasypros|fantrax,0.141201,5.5,11,FantraxHQ,179,FantasyPros,190,0.650295,0.367893,medium coverage,Neutral Context,190,300,0.367893,,,,179,510,0.650295,,,,,,
668904,Royce Lewis,royce lewis,MIN,1B/3B,26,0.508778,159,2,fantasypros|fantrax,0.170986,17.5,35,FantraxHQ,164,FantasyPros,199,0.679764,0.337793,medium coverage,Neutral Context,199,300,0.337793,,,,164,510,0.679764,,,,,,
802415,Chandler Simpson,chandler simpson,TB,,25,0.506417,160,3,fantasypros|fantrax|rotoballer,0.106612,35.836,77,RotoBaller Eric Cross,129,FantraxHQ,206,0.59725,0.356784,medium coverage,Neutral Context,131,300,0.565217,,,,206,510,0.59725,129,200,0.356784,,,
691723,Coby Mayo,coby mayo,BAL,1B/3B,24,0.505339,161,2,fantasypros|fantrax,0.027078,41.0,82,FantasyPros,157,FantraxHQ,239,0.532417,0.478261,medium coverage,Neutral Context,157,300,0.478261,,,,239,510,0.532417,,,,,,
519317,Giancarlo Stanton,giancarlo stanton,,,36,0.504912,162,1,fantrax,0.0,0.0,0,FantraxHQ,253,FantraxHQ,253,0.504912,0.504912,one-source flyer,One-Source Flyer,,,,,,,253,510,0.504912,,,,,,
592885,Christian Yelich,christian yelich,MIL,OF,34,0.502343,163,3,fantasypros|fantrax|rotoballer,0.197302,23.907,58,FantraxHQ,116,FantasyPros,174,0.774067,0.311558,medium coverage,Market Split,174,300,0.421405,,,,116,510,0.774067,138,200,0.311558,,,
672820,Lenyn Sosa,lenyn sosa,TOR,1B/2B,26,0.497053,164,1,fantrax,0.0,0.0,0,FantraxHQ,257,FantraxHQ,257,0.497053,0.497053,one-source flyer,One-Source Flyer,,,,,,,257,510,0.497053,,,,,,
695731,Braden Montgomery,braden montgomery,CWS,OF,,0.496895,165,2,fantasypros|fantrax,0.011946,48.0,96,FantasyPros,155,FantraxHQ,251,0.508841,0.48495,medium coverage,Neutral Context,155,300,0.48495,,,,251,510,0.508841,,,,,,
553993,Eugenio Suarez,eugenio suarez,CIN,3B,34,0.49567,166,2,fantasypros|fantrax,0.221422,36.5,73,FantraxHQ,145,FantasyPros,218,0.717092,0.274247,medium coverage,Market Split,218,300,0.274247,,,,145,510,0.717092,,,,,,
657656,Ramon Laureano,ramon laureano,SD,OF,31,0.495088,167,1,fantrax,0.0,0.0,0,FantraxHQ,258,FantraxHQ,258,0.495088,0.495088,one-source flyer,One-Source Flyer,,,,,,,258,510,0.495088,,,,,,
665795,Edward Cabrera,edward cabrera,CHC,SP,,0.494149,168,2,fantasypros|fantrax,0.146323,6.0,12,FantraxHQ,184,FantasyPros,196,0.640472,0.347826,medium coverage,Neutral Context,196,300,0.347826,,,,184,510,0.640472,,,,,,
641941,Emilio Pagan,emilio pagan,CIN,RP,,0.493124,169,1,fantrax,0.0,0.0,0,FantraxHQ,259,FantraxHQ,259,0.493124,0.493124,one-source flyer,One-Source Flyer,,,,,,,259,510,0.493124,,,,,,
807712,Luke Keaschall,luke keaschall,MIN,2B,23,0.49217,170,3,fantasypros|fantrax|rotoballer,0.219443,18.838,43,FantraxHQ,117,FantasyPros,160,0.772102,0.236181,medium coverage,Market Split,160,300,0.468227,,,,117,510,0.772102,153,200,0.236181,,,
683146,Brett Baty,brett baty,NYM,3B,26,0.48723,171,1,fantrax,0.0,0.0,0,FantraxHQ,262,FantraxHQ,262,0.48723,0.48723,one-source flyer,One-Source Flyer,,,,,,,262,510,0.48723,,,,,,
671218,Heliot Ramos,heliot ramos,SF,OF,26,0.484921,172,3,fantasypros|fantrax|rotoballer,0.172071,12.499,29,RotoBaller Eric Cross,140,FantasyPros,169,0.715128,0.301508,medium coverage,Neutral Context,169,300,0.438127,,,,146,510,0.715128,140,200,0.301508,,,
701807,Carson Benge,carson benge,NYM,OF,23,0.480105,173,3,fantasypros|fantrax|rotoballer,0.218533,10.625,26,FantasyPros,137,RotoBaller Eric Cross,163,0.709234,0.18593,medium coverage,Market Split,137,300,0.545151,,,,149,510,0.709234,163,200,0.18593,,,
645277,Ozzie Albies,ozzie albies,ATL,2B,29,0.479028,174,3,fantasypros|fantrax|rotoballer,0.138778,29.848,72,RotoBaller Eric Cross,120,FantasyPros,192,0.67387,0.361204,medium coverage,Neutral Context,192,300,0.361204,,,,167,510,0.67387,120,200,0.40201,,,
804636,Jonah Tong,jonah tong,NYM,SP,,0.478665,175,2,fantasypros|fantrax,0.077327,23.5,47,FantasyPros,180,FantraxHQ,227,0.555992,0.401338,medium coverage,Neutral Context,180,300,0.401338,,,,227,510,0.555992,,,,,,
808963,Roki Sasaki,roki sasaki,LAD,SP,,0.476742,176,3,fantasypros|fantrax|rotoballer,0.300311,33.51,81,FantasyPros,108,RotoBaller Eric Cross,189,0.732809,0.055276,medium coverage,Market Split,108,300,0.64214,,,,137,510,0.732809,189,200,0.055276,,,
680574,Matt McLain,matt mclain,CIN,2B/SS,26,0.476618,177,2,fantasypros|fantrax,0.051869,34.0,68,FantasyPros,173,FantraxHQ,241,0.528487,0.424749,medium coverage,Neutral Context,173,300,0.424749,,,,241,510,0.528487,,,,,,
671096,Andrew Abbott,andrew abbott,CIN,SP,,0.475823,178,2,fantasypros|fantrax,0.064452,29.0,58,FantasyPros,177,FantraxHQ,235,0.540275,0.411371,medium coverage,Neutral Context,177,300,0.411371,,,,235,510,0.540275,,,,,,
622491,Luis Castillo,luis castillo,SEA,SP,,0.471825,179,2,fantasypros|fantrax,0.160788,9.5,19,FantraxHQ,188,FantasyPros,207,0.632613,0.311037,medium coverage,Neutral Context,207,300,0.311037,,,,188,510,0.632613,,,,,,
700932,Kyle Manzardo,kyle manzardo,CLE,,25,0.470048,180,2,fantasypros|fantrax,0.172389,14.0,28,FantraxHQ,183,FantasyPros,211,0.642436,0.297659,medium coverage,Neutral Context,211,300,0.297659,,,,183,510,0.642436,,,,,,
592662,Robbie Ray,robbie ray,SF,SP,,0.469732,181,2,fantasypros|fantrax,0.202174,26.0,52,FantraxHQ,168,FantasyPros,220,0.671906,0.267559,medium coverage,Market Split,220,300,0.267559,,,,168,510,0.671906,,,,,,
691023,Jordan Walker,jordan walker,STL,OF,24,0.469168,182,2,fantrax|rotoballer,0.410229,227.5,455,RotoBaller Eric Cross,25,FantraxHQ,480,0.879397,0.058939,medium coverage,Market Split,,,,,,,480,510,0.058939,25,200,0.879397,,,
672515,Gabriel Moreno,gabriel moreno,ARI,,26,0.463654,183,1,fantrax,0.0,0.0,0,FantraxHQ,274,FantraxHQ,274,0.463654,0.463654,one-source flyer,One-Source Flyer,,,,,,,274,510,0.463654,,,,,,
645261,Sandy Alcantara,sandy alcantara,MIA,SP,,0.461972,184,3,fantasypros|fantrax|rotoballer,0.195575,16.357,38,FantraxHQ,141,FantasyPros,179,0.724951,0.256281,medium coverage,Market Split,179,300,0.404682,,,,141,510,0.724951,149,200,0.256281,,,
682842,Abner Uribe,abner uribe,MIL,RP,,0.46169,185,1,fantrax,0.0,0.0,0,FantraxHQ,275,FantraxHQ,275,0.46169,0.46169,one-source flyer,One-Source Flyer,,,,,,,275,510,0.46169,,,,,,
676609,José Caballero,jose caballero,NYY,,29,0.453831,186,1,fantrax,0.0,0.0,0,FantraxHQ,279,FantraxHQ,279,0.453831,0.453831,one-source flyer,One-Source Flyer,,,,,,,279,510,0.453831,,,,,,
673237,Yainer Diaz,yainer diaz,HOU,C,27,0.452974,187,2,fantasypros|fantrax,0.128559,5.5,11,FantasyPros,203,FantraxHQ,214,0.581532,0.324415,medium coverage,Neutral Context,203,300,0.324415,,,,214,510,0.581532,,,,,,
672640,Otto Lopez,otto lopez,MIA,SS,27,0.451837,188,2,fantrax|rotoballer,0.019676,78.0,156,RotoBaller Eric Cross,114,FantraxHQ,270,0.471513,0.432161,medium coverage,Neutral Context,,,,,,,270,510,0.471513,114,200,0.432161,,,
554430,Zack Wheeler,zack wheeler,PHI,SP,,0.45098,189,3,fantasypros|fantrax|rotoballer,0.303525,30.554,71,FantraxHQ,121,RotoBaller Eric Cross,192,0.764244,0.040201,medium coverage,Market Split,136,300,0.548495,,,,121,510,0.764244,192,200,0.040201,,,
545361,Mike Trout,mike trout,LAA,OF,34,0.445836,190,3,fantasypros|fantrax|rotoballer,0.224615,23.678,58,FantraxHQ,129,FantasyPros,187,0.748527,0.211055,medium coverage,Market Split,187,300,0.377926,,,,129,510,0.748527,158,200,0.211055,,,
605400,Aaron Nola,aaron nola,PHI,RP,,0.445197,191,2,fantasypros|fantrax,0.144194,0.0,0,FantasyPros,210,FantasyPros,210,0.589391,0.301003,medium coverage,Neutral Context,210,300,0.301003,,,,210,510,0.589391,,,,,,
656730,Trevor Megill,trevor megill,MIL,RP,,0.442043,192,1,fantrax,0.0,0.0,0,FantraxHQ,285,FantraxHQ,285,0.442043,0.442043,one-source flyer,One-Source Flyer,,,,,,,285,510,0.442043,,,,,,
684007,Shota Imanaga,shota imanaga,CHC,SP,,0.43992,193,3,fantasypros|fantrax|rotoballer,0.203328,11.518,28,FantasyPros,150,FantraxHQ,178,0.652259,0.165829,medium coverage,Market Split,150,300,0.501672,,,,178,510,0.652259,167,200,0.165829,,,
805300,Jakob Marsee,jakob marsee,MIA,OF,24,0.433818,194,3,fantasypros|fantrax|rotoballer,0.179412,18.055,42,FantasyPros,153,FantraxHQ,195,0.618861,0.190955,medium coverage,Neutral Context,153,300,0.491639,,,,195,510,0.618861,162,200,0.190955,,,
695657,Colson Montgomery,colson montgomery,CWS,3B/SS,24,0.433414,195,3,fantasypros|fantrax|rotoballer,0.138252,22.529,52,RotoBaller Eric Cross,142,FantraxHQ,194,0.620825,0.291457,medium coverage,Neutral Context,184,300,0.38796,,,,194,510,0.620825,142,200,0.291457,,,
623352,Josh Hader,josh hader,HOU,RP,,0.432553,196,3,fantasypros|fantrax|rotoballer,0.231484,28.64,70,FantraxHQ,128,FantasyPros,198,0.750491,0.20603,medium coverage,Market Split,198,300,0.341137,,,,128,510,0.750491,159,200,0.20603,,,
691026,Masyn Winn,masyn winn,STL,SS,24,0.429106,197,2,fantasypros|fantrax,0.101346,19.0,38,FantasyPros,202,FantraxHQ,240,0.530452,0.327759,medium coverage,Neutral Context,202,300,0.327759,,,,240,510,0.530452,,,,,,
691019,Kyle Teel,kyle teel,CWS,C,,0.426615,198,2,fantasypros|fantrax,0.149023,0.0,0,FantasyPros,217,FantasyPros,217,0.575639,0.277592,medium coverage,Neutral Context,217,300,0.277592,,,,217,510,0.575639,,,,,,
445276,Kenley Jansen,kenley jansen,DET,RP,,0.424361,199,1,fantrax,0.0,0.0,0,FantraxHQ,294,FantraxHQ,294,0.424361,0.424361,one-source flyer,One-Source Flyer,,,,,,,294,510,0.424361,,,,,,
813349,Connelly Early,connelly early,BOS,SP,,0.423858,200,2,fantrax|rotoballer,0.077124,62.0,124,RotoBaller Eric Cross,131,FantraxHQ,255,0.500982,0.346734,medium coverage,Neutral Context,,,,,,,255,510,0.500982,131,200,0.346734,,,
621043,Carlos Correa,carlos correa,HOU,SS,31,0.422397,201,1,fantrax,0.0,0.0,0,FantraxHQ,295,FantraxHQ,295,0.422397,0.422397,one-source flyer,One-Source Flyer,,,,,,,295,510,0.422397,,,,,,
676475,Alec Burleson,alec burleson,STL,1B,27,0.421232,202,2,fantrax|rotoballer,0.089574,58.0,116,RotoBaller Eric Cross,134,FantraxHQ,250,0.510806,0.331658,medium coverage,Neutral Context,,,,,,,250,510,0.510806,134,200,0.331658,,,
681343,Shane Smith,shane smith,CWS,RP,,0.418468,203,1,fantrax,0.0,0.0,0,FantraxHQ,297,FantraxHQ,297,0.418468,0.418468,one-source flyer,One-Source Flyer,,,,,,,297,510,0.418468,,,,,,
571970,Max Muncy,max muncy,LAD,,35,0.416503,204,1,fantrax,0.0,0.0,0,FantraxHQ,298,FantraxHQ,298,0.416503,0.416503,one-source flyer,One-Source Flyer,,,,,,,298,510,0.416503,,,,,,
656305,Matt Chapman,matt chapman,SF,3B,33,0.41511,205,2,fantasypros|fantrax,0.298053,59.0,118,FantraxHQ,147,FantasyPros,265,0.713163,0.117057,medium coverage,Market Split,265,300,0.117057,,,,147,510,0.713163,,,,,,
681297,Colton Cowser,colton cowser,,,26,0.414933,206,2,fantasypros|fantrax,0.127307,10.0,20,FantasyPros,214,FantraxHQ,234,0.54224,0.287625,medium coverage,Neutral Context,214,300,0.287625,,,,234,510,0.54224,,,,,,
595777,Jurickson Profar,jurickson profar,ATL,OF,33,0.408644,207,1,fantrax,0.0,0.0,0,FantraxHQ,302,FantraxHQ,302,0.408644,0.408644,one-source flyer,One-Source Flyer,,,,,,,302,510,0.408644,,,,,,
694037,Daniel Palencia,daniel palencia,CHC,RP,,0.40668,208,1,fantrax,0.0,0.0,0,FantraxHQ,303,FantraxHQ,303,0.40668,0.40668,one-source flyer,One-Source Flyer,,,,,,,303,510,0.40668,,,,,,
673357,Luis Robert Jr.,luis robert,NYM,OF,28,0.404553,209,3,fantasypros|fantrax|rotoballer,0.2693,15.797,34,FantraxHQ,157,RotoBaller Eric Cross,191,0.693517,0.045226,medium coverage,Market Split,158,300,0.474916,,,,157,510,0.693517,191,200,0.045226,,,
666139,Josh Lowe,josh lowe,LAA,OF,28,0.40275,210,1,fantrax,0.0,0.0,0,FantraxHQ,305,FantraxHQ,305,0.40275,0.40275,one-source flyer,One-Source Flyer,,,,,,,305,510,0.40275,,,,,,
621493,Taylor Ward,taylor ward,BAL,,32,0.402301,211,2,fantrax|rotoballer,0.181196,28.5,57,RotoBaller Eric Cross,156,FantraxHQ,213,0.583497,0.221106,medium coverage,Market Split,,,,,,,213,510,0.583497,156,200,0.221106,,,
593871,Jorge Polanco,jorge polanco,NYM,2B/3B,32,0.400786,212,1,fantrax,0.0,0.0,0,FantraxHQ,306,FantraxHQ,306,0.400786,0.400786,one-source flyer,One-Source Flyer,,,,,,,306,510,0.400786,,,,,,
673540,Kodai Senga,kodai senga,NYM,SP,,0.400034,213,2,fantasypros|fantrax,0.065585,36.5,73,FantasyPros,200,FantraxHQ,273,0.465619,0.334448,medium coverage,Neutral Context,200,300,0.334448,,,,273,510,0.465619,,,,,,
605540,Brandon Woodruff,brandon woodruff,MIL,SP,,0.399064,214,2,fantasypros|fantrax,0.188362,13.0,26,FantraxHQ,211,FantasyPros,237,0.587426,0.210702,medium coverage,Market Split,237,300,0.210702,,,,211,510,0.587426,,,,,,
800050,Chase DeLauter,chase delauter,CLE,,24,0.398036,215,3,fantasypros|fantrax|rotoballer,0.142631,118.418,289,RotoBaller Eric Cross,81,FantraxHQ,370,0.59799,0.275049,medium coverage,Neutral Context,204,300,0.32107,,,,370,510,0.275049,81,200,0.59799,,,
606192,Teoscar Hernández,teoscar hernandez,LAD,,33,0.397693,216,3,fantasypros|fantrax|rotoballer,0.249846,21.649,52,FantraxHQ,142,FantasyPros,194,0.722986,0.115578,medium coverage,Market Split,194,300,0.354515,,,,142,510,0.722986,177,200,0.115578,,,
678662,Ezequiel Tovar,ezequiel tovar,COL,SS,24,0.396935,217,2,fantasypros|fantrax,0.13941,7.0,14,FantasyPros,223,FantraxHQ,237,0.536346,0.257525,medium coverage,Neutral Context,223,300,0.257525,,,,237,510,0.536346,,,,,,
700363,AJ Smith-Shawver,aj smith shawver,ATL,RP,,0.396748,218,2,fantasypros|fantrax,0.125845,12.5,25,FantasyPros,219,FantraxHQ,244,0.522593,0.270903,medium coverage,Neutral Context,219,300,0.270903,,,,244,510,0.522593,,,,,,
543135,Nathan Eovaldi,nathan eovaldi,TEX,SP,,0.394422,219,2,fantasypros|fantrax,0.220509,25.5,51,FantraxHQ,197,FantasyPros,248,0.614931,0.173913,medium coverage,Market Split,248,300,0.173913,,,,197,510,0.614931,,,,,,
657006,Justin Steele,justin steele,CHC,SP,,0.393837,220,2,fantasypros|fantrax,0.213235,22.5,45,FantraxHQ,201,FantasyPros,246,0.607073,0.180602,medium coverage,Market Split,246,300,0.180602,,,,201,510,0.607073,,,,,,
677952,Braxton Ashcraft,braxton ashcraft,PIT,SP,,0.392927,221,1,fantrax,0.0,0.0,0,FantraxHQ,310,FantraxHQ,310,0.392927,0.392927,one-source flyer,One-Source Flyer,,,,,,,310,510,0.392927,,,,,,
676617,Riley O'Brien,riley o brien,STL,SP,,0.390963,222,1,fantrax,0.0,0.0,0,FantraxHQ,311,FantraxHQ,311,0.390963,0.390963,one-source flyer,One-Source Flyer,,,,,,,311,510,0.390963,,,,,,
663460,Kris Bubic,kris bubic,KC,SP,,0.390176,223,3,fantasypros|fantrax|rotoballer,0.254367,11.146,27,FantasyPros,163,RotoBaller Eric Cross,190,0.662083,0.050251,medium coverage,Market Split,163,300,0.458194,,,,173,510,0.662083,190,200,0.050251,,,
601713,Nick Pivetta,nick pivetta,SD,SP,,0.389431,224,3,fantasypros|fantrax|rotoballer,0.265312,39.606,97,FantraxHQ,124,FantasyPros,221,0.75835,0.145729,medium coverage,Market Split,221,300,0.264214,,,,124,510,0.75835,171,200,0.145729,,,
521692,Salvador Perez,salvador perez,KC,C,36,0.388998,225,1,fantrax,0.0,0.0,0,FantraxHQ,312,FantraxHQ,312,0.388998,0.388998,one-source flyer,One-Source Flyer,,,,,,,312,510,0.388998,,,,,,
669194,Ryne Nelson,ryne nelson,ARI,SP,,0.387033,226,1,fantrax,0.0,0.0,0,FantraxHQ,313,FantraxHQ,313,0.387033,0.387033,one-source flyer,One-Source Flyer,,,,,,,313,510,0.387033,,,,,,
686217,Sal Frelick,sal frelick,MIL,OF,26,0.384786,227,2,fantasypros|fantrax,0.224251,26.0,52,FantraxHQ,200,FantasyPros,252,0.609037,0.160535,medium coverage,Market Split,252,300,0.160535,,,,200,510,0.609037,,,,,,
668678,Zac Gallen,zac gallen,ARI,SP,,0.381826,228,2,fantasypros|fantrax,0.097545,25.5,51,FantasyPros,215,FantraxHQ,266,0.479371,0.284281,medium coverage,Neutral Context,215,300,0.284281,,,,266,510,0.479371,,,,,,
695491,Joshua Baez,joshua baez,STL,OF,,0.37721,229,1,fantrax,0.0,0.0,0,FantraxHQ,318,FantraxHQ,318,0.37721,0.37721,one-source flyer,One-Source Flyer,,,,,,,318,510,0.37721,,,,,,
690990,Cade Horton,cade horton,CHC,SP,,0.375396,230,3,fantasypros|fantrax|rotoballer,0.220649,11.842,29,FantasyPros,170,FantraxHQ,199,0.611002,0.080402,medium coverage,Market Split,170,300,0.434783,,,,199,510,0.611002,184,200,0.080402,,,
702332,Caleb Durbin,caleb durbin,BOS,,26,0.375246,231,1,fantrax,0.0,0.0,0,FantraxHQ,319,FantraxHQ,319,0.375246,0.375246,one-source flyer,One-Source Flyer,,,,,,,319,510,0.375246,,,,,,
837227,Tatsuya Imai,tatsuya imai,HOU,SP,,0.373962,232,2,fantrax|rotoballer,0.313661,14.0,28,FantraxHQ,160,RotoBaller Eric Cross,188,0.687623,0.060302,medium coverage,Market Split,,,,,,,160,510,0.687623,188,200,0.060302,,,
663757,Trent Grisham,trent grisham,NYY,,29,0.369352,233,1,fantrax,0.0,0.0,0,FantraxHQ,322,FantraxHQ,322,0.369352,0.369352,one-source flyer,One-Source Flyer,,,,,,,322,510,0.369352,,,,,,
805673,Zebby Matthews,zebby matthews,MIN,SP,,0.367992,234,2,fantasypros|fantrax,0.060299,42.0,84,FantasyPros,208,FantraxHQ,292,0.428291,0.307692,medium coverage,Neutral Context,208,300,0.307692,,,,292,510,0.428291,,,,,,
592332,Kevin Gausman,kevin gausman,TOR,SP,,0.367456,235,2,fantasypros|fantrax,0.267122,41.5,83,FantraxHQ,187,FantasyPros,270,0.634578,0.100334,medium coverage,Market Split,270,300,0.100334,,,,187,510,0.634578,,,,,,
806198,Cooper Pratt,cooper pratt,MIL,SS,,0.367387,236,1,fantrax,0.0,0.0,0,FantraxHQ,323,FantraxHQ,323,0.367387,0.367387,one-source flyer,One-Source Flyer,,,,,,,323,510,0.367387,,,,,,
668901,Mark Vientos,mark vientos,NYM,1B,26,0.360064,237,2,fantasypros|fantrax,0.152706,5.5,11,FantasyPros,238,FantraxHQ,249,0.51277,0.207358,medium coverage,Neutral Context,238,300,0.207358,,,,249,510,0.51277,,,,,,
695734,Daylen Lile,daylen lile,WSH,OF,23,0.358699,238,2,fantrax|rotoballer,0.258197,8.0,16,RotoBaller Eric Cross,180,FantraxHQ,196,0.616896,0.100503,medium coverage,Market Split,,,,,,,196,510,0.616896,180,200,0.100503,,,
683011,Anthony Volpe,anthony volpe,,,25,0.355701,239,2,fantasypros|fantrax,0.064731,41.5,83,FantasyPros,213,FantraxHQ,296,0.420432,0.29097,medium coverage,Neutral Context,213,300,0.29097,,,,296,510,0.420432,,,,,,
656427,Jack Flaherty,jack flaherty,DET,SP,,0.355445,240,2,fantasypros|fantrax,0.151431,6.5,13,FantasyPros,239,FantraxHQ,252,0.506876,0.204013,medium coverage,Neutral Context,239,300,0.204013,,,,252,510,0.506876,,,,,,
656546,Jeff Hoffman,jeff hoffman,TOR,RP,,0.353635,241,1,fantrax,0.0,0.0,0,FantraxHQ,330,FantraxHQ,330,0.353635,0.353635,one-source flyer,One-Source Flyer,,,,,,,330,510,0.353635,,,,,,
676391,Ernie Clement,ernie clement,TOR,2B/SS,30,0.349705,242,1,fantrax,0.0,0.0,0,FantraxHQ,332,FantraxHQ,332,0.349705,0.349705,one-source flyer,One-Source Flyer,,,,,,,332,510,0.349705,,,,,,
663554,Casey Mize,casey mize,DET,SP,,0.347691,243,2,fantasypros|fantrax,0.133645,14.5,29,FantasyPros,236,FantraxHQ,265,0.481336,0.214047,medium coverage,Neutral Context,236,300,0.214047,,,,265,510,0.481336,,,,,,
605397,Joe Musgrove,joe musgrove,SD,SP,,0.345776,244,1,fantrax,0.0,0.0,0,FantraxHQ,334,FantraxHQ,334,0.345776,0.345776,one-source flyer,One-Source Flyer,,,,,,,334,510,0.345776,,,,,,
682626,Francisco Alvarez,francisco alvarez,NYM,C,,0.345352,245,2,fantasypros|fantrax,0.10455,26.5,53,FantasyPros,228,FantraxHQ,281,0.449902,0.240803,medium coverage,Neutral Context,228,300,0.240803,,,,281,510,0.449902,,,,,,
695600,Carter Jensen,carter jensen,KC,C,22,0.344759,246,2,fantrax|rotoballer,0.173905,40.0,80,RotoBaller Eric Cross,166,FantraxHQ,246,0.518664,0.170854,medium coverage,Neutral Context,,,,,,,246,510,0.518664,166,200,0.170854,,,
808982,Jung Hoo Lee,jung hoo lee,SF,OF,27,0.337645,247,2,fantasypros|fantrax,0.019919,61.5,123,FantasyPros,205,FantraxHQ,328,0.357564,0.317726,medium coverage,Neutral Context,205,300,0.317726,,,,328,510,0.357564,,,,,,
676974,Max Meyer,max meyer,MIA,SP,,0.33753,248,2,fantasypros|fantrax,0.187028,6.0,12,FantraxHQ,243,FantasyPros,255,0.524558,0.150502,medium coverage,Market Split,255,300,0.150502,,,,243,510,0.524558,,,,,,
572233,Christian Walker,christian walker,HOU,1B,35,0.335953,249,1,fantrax,0.0,0.0,0,FantraxHQ,339,FantraxHQ,339,0.335953,0.335953,one-source flyer,One-Source Flyer,,,,,,,339,510,0.335953,,,,,,
676440,Tanner Bibee,tanner bibee,CLE,SP,,0.333618,250,3,fantasypros|fantrax|rotoballer,0.247175,9.416,22,FantasyPros,182,FantraxHQ,204,0.601179,0.005025,medium coverage,Market Split,182,300,0.394649,,,,204,510,0.601179,199,200,0.005025,,,
621020,Dansby Swanson,dansby swanson,CHC,SS,32,0.332303,251,2,fantasypros|fantrax,0.211901,15.5,31,FantraxHQ,233,FantasyPros,264,0.544204,0.120401,medium coverage,Market Split,264,300,0.120401,,,,233,510,0.544204,,,,,,
608032,Carlos Estevez,carlos estevez,KC,RP,,0.332024,252,1,fantrax,0.0,0.0,0,FantraxHQ,341,FantraxHQ,341,0.332024,0.332024,one-source flyer,One-Source Flyer,,,,,,,341,510,0.332024,,,,,,
607043,Brandon Nimmo,brandon nimmo,TEX,OF,33,0.329678,253,3,fantasypros|fantrax|rotoballer,0.211764,60.068,147,RotoBaller Eric Cross,133,FantasyPros,280,0.585462,0.06689,medium coverage,Market Split,280,300,0.06689,,,,212,510,0.585462,133,200,0.336683,,,
678394,Brayan Bello,brayan bello,BOS,SP,,0.329425,254,2,fantasypros|fantrax,0.108689,26.5,53,FantasyPros,234,FantraxHQ,287,0.438114,0.220736,medium coverage,Neutral Context,234,300,0.220736,,,,287,510,0.438114,,,,,,
593428,Xander Bogaerts,xander bogaerts,SD,SS,33,0.328094,255,1,fantrax,0.0,0.0,0,FantraxHQ,343,FantraxHQ,343,0.328094,0.328094,one-source flyer,One-Source Flyer,,,,,,,343,510,0.328094,,,,,,
801403,Chase Dollander,chase dollander,COL,RP,,0.32613,256,1,fantrax,0.0,0.0,0,FantraxHQ,344,FantraxHQ,344,0.32613,0.32613,one-source flyer,One-Source Flyer,,,,,,,344,510,0.32613,,,,,,
694462,Hurston Waldrep,hurston waldrep,ATL,SP,,0.325906,257,2,fantasypros|fantrax,0.222227,19.0,38,FantraxHQ,231,FantasyPros,269,0.548134,0.103679,medium coverage,Market Split,269,300,0.103679,,,,231,510,0.548134,,,,,,
683734,Andrew Vaughn,andrew vaughn,MIL,1B,28,0.324165,258,1,fantrax,0.0,0.0,0,FantraxHQ,345,FantraxHQ,345,0.324165,0.324165,one-source flyer,One-Source Flyer,,,,,,,345,510,0.324165,,,,,,
694208,Moises Ballesteros,moises ballesteros,CHC,C,22,0.322361,259,2,fantasypros|fantrax,0.088248,35.5,71,FantasyPros,230,FantraxHQ,301,0.410609,0.234114,medium coverage,Neutral Context,230,300,0.234114,,,,301,510,0.410609,,,,,,
675512,Troy Melton,troy melton,DET,SP,,0.3222,260,1,fantrax,0.0,0.0,0,FantraxHQ,346,FantraxHQ,346,0.3222,0.3222,one-source flyer,One-Source Flyer,,,,,,,346,510,0.3222,,,,,,
656876,Drew Rasmussen,drew rasmussen,TB,SP,,0.321329,261,3,fantasypros|fantrax|rotoballer,0.263181,36.353,86,FantraxHQ,159,FantasyPros,245,0.689587,0.090452,medium coverage,Market Split,245,300,0.183946,,,,159,510,0.689587,182,200,0.090452,,,
664023,Ian Happ,ian happ,CHC,OF,31,0.319268,262,3,fantasypros|fantrax|rotoballer,0.196273,23.907,58,RotoBaller Eric Cross,173,FantasyPros,231,0.591356,0.135678,medium coverage,Market Split,231,300,0.230769,,,,209,510,0.591356,173,200,0.135678,,,
650490,Yandy Díaz,yandy diaz,TB,,34,0.318876,263,3,fantasypros|fantrax|rotoballer,0.23921,59.867,144,RotoBaller Eric Cross,143,FantasyPros,287,0.626719,0.043478,medium coverage,Market Split,287,300,0.043478,,,,191,510,0.626719,143,200,0.286432,,,
669242,Tommy Edman,tommy edman,,,31,0.318271,264,1,fantrax,0.0,0.0,0,FantraxHQ,348,FantraxHQ,348,0.318271,0.318271,one-source flyer,One-Source Flyer,,,,,,,348,510,0.318271,,,,,,
650402,Gleyber Torres,gleyber torres,DET,2B,29,0.313182,265,2,fantasypros|fantrax,0.142614,14.5,29,FantasyPros,249,FantraxHQ,278,0.455796,0.170569,medium coverage,Neutral Context,249,300,0.170569,,,,278,510,0.455796,,,,,,
691799,Grant Taylor,grant taylor,CWS,RP,,0.312377,266,1,fantrax,0.0,0.0,0,FantraxHQ,351,FantraxHQ,351,0.312377,0.312377,one-source flyer,One-Source Flyer,,,,,,,351,510,0.312377,,,,,,
656550,Grant Holmes,grant holmes,ATL,SP,,0.310413,267,1,fantrax,0.0,0.0,0,FantraxHQ,352,FantraxHQ,352,0.310413,0.310413,one-source flyer,One-Source Flyer,,,,,,,352,510,0.310413,,,,,,
623993,Anthony Santander,anthony santander,TOR,OF,31,0.308448,268,1,fantrax,0.0,0.0,0,FantraxHQ,353,FantraxHQ,353,0.308448,0.308448,one-source flyer,One-Source Flyer,,,,,,,353,510,0.308448,,,,,,
669364,Xavier Edwards,xavier edwards,MIA,2B,26,0.308185,269,3,fantasypros|fantrax|rotoballer,0.180044,43.043,103,RotoBaller Eric Cross,155,FantasyPros,258,0.557957,0.140468,medium coverage,Market Split,258,300,0.140468,,,,226,510,0.557957,155,200,0.226131,,,
663158,Robert Suarez,robert suarez,ATL,RP,,0.306483,270,1,fantrax,0.0,0.0,0,FantraxHQ,354,FantraxHQ,354,0.306483,0.306483,one-source flyer,One-Source Flyer,,,,,,,354,510,0.306483,,,,,,
695611,Gage Jump,gage jump,ATH,SP,,0.304519,271,1,fantrax,0.0,0.0,0,FantraxHQ,355,FantraxHQ,355,0.304519,0.304519,one-source flyer,One-Source Flyer,,,,,,,355,510,0.304519,,,,,,
661563,Luis Gil,luis gil,NYY,SP,,0.304305,272,2,fantasypros|fantrax,0.043436,55.5,111,FantasyPros,222,FantraxHQ,333,0.347741,0.26087,medium coverage,Neutral Context,222,300,0.26087,,,,333,510,0.347741,,,,,,
702273,Noah Schultz,noah schultz,CWS,SP,,0.301322,273,2,fantasypros|fantrax,0.049849,93.5,187,FantasyPros,195,FantraxHQ,382,0.351171,0.251473,medium coverage,Neutral Context,195,300,0.351171,,,,382,510,0.251473,,,,,,
669456,Shane Bieber,shane bieber,TOR,SP,,0.300182,274,3,fantasypros|fantrax|rotoballer,0.265875,17.594,43,FantraxHQ,181,FantasyPros,224,0.646365,0.0,medium coverage,Market Split,224,300,0.254181,,,,181,510,0.646365,200,200,0.0,,,
683004,Jack Leiter,jack leiter,TEX,SP,,0.299594,275,2,fantasypros|fantrax,0.175848,2.5,5,FantasyPros,263,FantraxHQ,268,0.475442,0.123746,medium coverage,Neutral Context,263,300,0.123746,,,,268,510,0.475442,,,,,,
571510,Matthew Boyd,matthew boyd,CHC,SP,,0.29666,276,1,fantrax,0.0,0.0,0,FantraxHQ,359,FantraxHQ,359,0.29666,0.29666,one-source flyer,One-Source Flyer,,,,,,,359,510,0.29666,,,,,,
672386,Alejandro Kirk,alejandro kirk,TOR,C,27,0.295619,277,2,fantasypros|fantrax,0.238762,22.5,45,FantraxHQ,238,FantasyPros,283,0.534381,0.056856,medium coverage,Market Split,283,300,0.056856,,,,238,510,0.534381,,,,,,
670242,Matt Wallner,matt wallner,MIN,OF,,0.294695,278,1,fantrax,0.0,0.0,0,FantraxHQ,360,FantraxHQ,360,0.294695,0.294695,one-source flyer,One-Source Flyer,,,,,,,360,510,0.294695,,,,,,
690993,Colt Keith,colt keith,DET,3B,24,0.292764,279,2,fantasypros|fantrax,0.102128,33.0,66,FantasyPros,243,FantraxHQ,309,0.394892,0.190635,medium coverage,Neutral Context,243,300,0.190635,,,,309,510,0.394892,,,,,,
673962,Josh Jung,josh jung,TEX,3B,28,0.292731,280,1,fantrax,0.0,0.0,0,FantraxHQ,361,FantraxHQ,361,0.292731,0.292731,one-source flyer,One-Source Flyer,,,,,,,361,510,0.292731,,,,,,
687597,Jordan Beck,jordan beck,COL,OF,25,0.291128,281,2,fantasypros|fantrax,0.194138,4.0,8,FantraxHQ,263,FantasyPros,271,0.485265,0.09699,medium coverage,Market Split,271,300,0.09699,,,,263,510,0.485265,,,,,,
702070,Noah Cameron,noah cameron,KC,SP,,0.290671,282,2,fantasypros|fantrax,0.143514,16.5,33,FantasyPros,256,FantraxHQ,289,0.434185,0.147157,medium coverage,Neutral Context,256,300,0.147157,,,,289,510,0.434185,,,,,,
681082,Bryson Stott,bryson stott,PHI,2B,28,0.289748,283,2,fantasypros|fantrax,0.199447,6.0,12,FantraxHQ,261,FantasyPros,273,0.489194,0.090301,medium coverage,Market Split,273,300,0.090301,,,,261,510,0.489194,,,,,,
695681,Christian Moore,christian moore,LAA,2B,,0.289068,284,2,fantasypros|fantrax,0.044921,56.5,113,FantasyPros,227,FantraxHQ,340,0.333988,0.244147,medium coverage,Neutral Context,227,300,0.244147,,,,340,510,0.333988,,,,,,
806960,Luis Morales,luis morales,ATH,SP,,0.288802,285,1,fantrax,0.0,0.0,0,FantraxHQ,363,FantraxHQ,363,0.288802,0.288802,one-source flyer,One-Source Flyer,,,,,,,363,510,0.288802,,,,,,
640448,Kyle Finnegan,kyle finnegan,DET,RP,,0.286837,286,1,fantrax,0.0,0.0,0,FantraxHQ,364,FantraxHQ,364,0.286837,0.286837,one-source flyer,One-Source Flyer,,,,,,,364,510,0.286837,,,,,,
702281,Robby Snelling,robby snelling,MIA,SP,,0.281446,287,2,fantasypros|fantrax,0.264723,31.5,63,FantraxHQ,232,FantasyPros,295,0.546169,0.016722,medium coverage,Market Split,295,300,0.016722,,,,232,510,0.546169,,,,,,
664126,Pete Fairbanks,pete fairbanks,MIA,RP,,0.278978,288,1,fantrax,0.0,0.0,0,FantraxHQ,368,FantraxHQ,368,0.278978,0.278978,one-source flyer,One-Source Flyer,,,,,,,368,510,0.278978,,,,,,
680977,Brendan Donovan,brendan donovan,,,29,0.276685,289,2,fantasypros|fantrax,0.18304,2.0,4,FantasyPros,272,FantraxHQ,276,0.459725,0.093645,medium coverage,Market Split,272,300,0.093645,,,,276,510,0.459725,,,,,,
694497,Evan Carter,evan carter,TEX,OF,23,0.275023,290,2,fantasypros|fantrax,0.027531,65.0,130,FantasyPros,226,FantraxHQ,356,0.302554,0.247492,medium coverage,Neutral Context,226,300,0.247492,,,,356,510,0.302554,,,,,,
671213,Triston Casas,triston casas,,,26,0.271317,291,2,fantasypros|fantrax,0.127504,25.0,50,FantasyPros,257,FantraxHQ,307,0.398821,0.143813,medium coverage,Neutral Context,257,300,0.143813,,,,307,510,0.398821,,,,,,
668804,Bryan Reynolds,bryan reynolds,PIT,,31,0.270745,292,2,fantasypros|fantrax,0.243989,22.0,44,FantraxHQ,248,FantasyPros,292,0.514735,0.026756,medium coverage,Market Split,292,300,0.026756,,,,248,510,0.514735,,,,,,
668715,Spencer Steer,spencer steer,CIN,1B/2B,28,0.269457,293,2,fantasypros|fantrax,0.115611,30.0,60,FantasyPros,254,FantraxHQ,314,0.385069,0.153846,medium coverage,Neutral Context,254,300,0.153846,,,,314,510,0.385069,,,,,,
694297,Brandon Pfaadt,brandon pfaadt,ARI,RP,,0.269155,294,1,fantrax,0.0,0.0,0,FantraxHQ,373,FantraxHQ,373,0.269155,0.269155,one-source flyer,One-Source Flyer,,,,,,,373,510,0.269155,,,,,,
518876,Merrill Kelly,merrill kelly,ARI,SP,,0.267191,295,1,fantrax,0.0,0.0,0,FantraxHQ,374,FantraxHQ,374,0.267191,0.267191,one-source flyer,One-Source Flyer,,,,,,,374,510,0.267191,,,,,,
666969,Adolis Garcia,adolis garcia,PHI,OF,33,0.263261,296,1,fantrax,0.0,0.0,0,FantraxHQ,376,FantraxHQ,376,0.263261,0.263261,one-source flyer,One-Source Flyer,,,,,,,376,510,0.263261,,,,,,
664040,Brandon Lowe,brandon lowe,PIT,,31,0.261144,297,3,fantasypros|fantrax|rotoballer,0.18456,42.303,99,RotoBaller Eric Cross,169,FantasyPros,268,0.520629,0.107023,medium coverage,Market Split,268,300,0.107023,,,,245,510,0.520629,169,200,0.155779,,,
673490,Ha-Seong Kim,ha seong kim,ATL,SS,30,0.259332,298,1,fantrax,0.0,0.0,0,FantraxHQ,378,FantraxHQ,378,0.259332,0.259332,one-source flyer,One-Source Flyer,,,,,,,378,510,0.259332,,,,,,
682990,Quinn Priester,quinn priester,MIL,SP,,0.258875,299,2,fantasypros|fantrax,0.208708,6.5,13,FantraxHQ,272,FantasyPros,285,0.467583,0.050167,medium coverage,Market Split,285,300,0.050167,,,,272,510,0.467583,,,,,,
694738,Landen Roupp,landen roupp,SF,RP,,0.255403,300,1,fantrax,0.0,0.0,0,FantraxHQ,380,FantraxHQ,380,0.255403,0.255403,one-source flyer,One-Source Flyer,,,,,,,380,510,0.255403,,,,,,
701542,Will Warren,will warren,NYY,SP,,0.255202,301,2,fantasypros|fantrax,0.118079,30.5,61,FantasyPros,259,FantraxHQ,320,0.373281,0.137124,medium coverage,Neutral Context,259,300,0.137124,,,,320,510,0.373281,,,,,,
676282,Joey Cantillo,joey cantillo,CLE,SP,,0.253438,302,1,fantrax,0.0,0.0,0,FantraxHQ,381,FantraxHQ,381,0.253438,0.253438,one-source flyer,One-Source Flyer,,,,,,,381,510,0.253438,,,,,,
681351,Logan O'Hoppe,logan o hoppe,LAA,C,26,0.250547,303,2,fantasypros|fantrax,0.026467,68.0,136,FantasyPros,233,FantraxHQ,369,0.277014,0.22408,medium coverage,Neutral Context,233,300,0.22408,,,,369,510,0.277014,,,,,,
667755,Jose Soriano,jose soriano,LAA,SP,,0.248512,304,2,fantrax|rotoballer,0.032431,105.0,210,RotoBaller Eric Cross,157,FantraxHQ,367,0.280943,0.21608,medium coverage,Neutral Context,,,,,,,367,510,0.280943,157,200,0.21608,,,
805367,Chase Meidroth,chase meidroth,CWS,2B,24,0.247544,305,1,fantrax,0.0,0.0,0,FantraxHQ,384,FantraxHQ,384,0.247544,0.247544,one-source flyer,One-Source Flyer,,,,,,,384,510,0.247544,,,,,,
670770,TJ Friedl,tj friedl,CIN,OF,30,0.24558,306,1,fantrax,0.0,0.0,0,FantraxHQ,385,FantraxHQ,385,0.24558,0.24558,one-source flyer,One-Source Flyer,,,,,,,385,510,0.24558,,,,,,
702222,Justin Crawford,justin crawford,PHI,OF,22,0.24373,307,2,fantasypros|fantrax,0.076506,48.5,97,FantasyPros,250,FantraxHQ,347,0.320236,0.167224,medium coverage,Neutral Context,250,300,0.167224,,,,347,510,0.320236,,,,,,
694384,Nolan Schanuel,nolan schanuel,LAA,1B,24,0.238726,308,2,fantasypros|fantrax,0.205282,3.0,6,FantraxHQ,284,FantasyPros,290,0.444008,0.033445,medium coverage,Market Split,290,300,0.033445,,,,284,510,0.444008,,,,,,
542303,Marcell Ozuna,marcell ozuna,PIT,,35,0.237721,309,1,fantrax,0.0,0.0,0,FantraxHQ,389,FantraxHQ,389,0.237721,0.237721,one-source flyer,One-Source Flyer,,,,,,,389,510,0.237721,,,,,,
691781,Brady House,brady house,WSH,3B,23,0.233792,310,1,fantrax,0.0,0.0,0,FantraxHQ,391,FantraxHQ,391,0.233792,0.233792,one-source flyer,One-Source Flyer,,,,,,,391,510,0.233792,,,,,,
671737,Taj Bradley,taj bradley,MIN,SP,,0.233677,311,3,fantasypros|fantrax|rotoballer,0.110205,56.786,139,RotoBaller Eric Cross,176,FantraxHQ,315,0.383104,0.120603,medium coverage,Neutral Context,241,300,0.197324,,,,315,510,0.383104,176,200,0.120603,,,
683357,Owen Caissie,owen caissie,MIA,OF,,0.233532,312,2,fantasypros|fantrax,0.039552,64.5,129,FantasyPros,242,FantraxHQ,371,0.273084,0.19398,medium coverage,Neutral Context,242,300,0.19398,,,,371,510,0.273084,,,,,,
650556,Bryan Abreu,bryan abreu,HOU,RP,,0.231827,313,1,fantrax,0.0,0.0,0,FantraxHQ,392,FantraxHQ,392,0.231827,0.231827,one-source flyer,One-Source Flyer,,,,,,,392,510,0.231827,,,,,,
664299,Cristian Javier,cristian javier,HOU,SP,,0.229862,314,1,fantrax,0.0,0.0,0,FantraxHQ,393,FantraxHQ,393,0.229862,0.229862,one-source flyer,One-Source Flyer,,,,,,,393,510,0.229862,,,,,,
686797,Brooks Lee,brooks lee,MIN,3B,25,0.225933,315,1,fantrax,0.0,0.0,0,FantraxHQ,395,FantraxHQ,395,0.225933,0.225933,one-source flyer,One-Source Flyer,,,,,,,395,510,0.225933,,,,,,
682052,Jacob Lopez,jacob lopez,ATH,RP,,0.222004,316,1,fantrax,0.0,0.0,0,FantraxHQ,397,FantraxHQ,397,0.222004,0.222004,one-source flyer,One-Source Flyer,,,,,,,397,510,0.222004,,,,,,
695670,Harry Ford,harry ford,WSH,C,,0.218075,317,1,fantrax,0.0,0.0,0,FantraxHQ,399,FantraxHQ,399,0.218075,0.218075,one-source flyer,One-Source Flyer,,,,,,,399,510,0.218075,,,,,,
800048,Parker Messick,parker messick,CLE,SP,,0.210354,318,2,fantrax|rotoballer,0.106229,160.0,320,RotoBaller Eric Cross,137,FantraxHQ,457,0.316583,0.104126,medium coverage,Neutral Context,,,,,,,457,510,0.104126,137,200,0.316583,,,
681293,Spencer Arrighetti,spencer arrighetti,HOU,SP,,0.207151,319,2,fantasypros|fantrax,0.093439,45.5,91,FantasyPros,266,FantraxHQ,357,0.300589,0.113712,medium coverage,Neutral Context,266,300,0.113712,,,,357,510,0.300589,,,,,,
664761,Alec Bohm,alec bohm,PHI,3B,29,0.201293,320,2,fantasypros|fantrax,0.177882,12.0,24,FantasyPros,293,FantraxHQ,317,0.379175,0.023411,medium coverage,Neutral Context,293,300,0.023411,,,,317,510,0.379175,,,,,,
700337,Edgar Quero,edgar quero,CWS,C,23,0.200393,321,1,fantrax,0.0,0.0,0,FantraxHQ,408,FantraxHQ,408,0.200393,0.200393,one-source flyer,One-Source Flyer,,,,,,,408,510,0.200393,,,,,,
641927,Bailey Ober,bailey ober,MIN,SP,,0.200124,322,2,fantasypros|fantrax,0.163334,18.0,36,FantasyPros,289,FantraxHQ,325,0.363458,0.036789,medium coverage,Neutral Context,289,300,0.036789,,,,325,510,0.363458,,,,,,
701656,Logan Henderson,logan henderson,MIL,SP,,0.199807,323,3,fantasypros|fantrax|rotoballer,0.128739,60.022,142,RotoBaller Eric Cross,194,FantraxHQ,336,0.341847,0.030151,medium coverage,Neutral Context,232,300,0.227425,,,,336,510,0.341847,194,200,0.030151,,,
690986,Kyle Harrison,kyle harrison,MIL,RP,,0.197999,324,2,fantrax|rotoballer,0.068333,148.5,297,RotoBaller Eric Cross,147,FantraxHQ,444,0.266332,0.129666,medium coverage,Neutral Context,,,,,,,444,510,0.129666,147,200,0.266332,,,
543760,Marcus Semien,marcus semien,NYM,2B,35,0.194499,325,1,fantrax,0.0,0.0,0,FantraxHQ,411,FantraxHQ,411,0.194499,0.194499,one-source flyer,One-Source Flyer,,,,,,,411,510,0.194499,,,,,,
677960,Ryan Weathers,ryan weathers,NYY,SP,,0.193692,326,3,fantasypros|fantrax|rotoballer,0.175489,38.756,93,RotoBaller Eric Cross,197,FantraxHQ,290,0.43222,0.015075,medium coverage,Neutral Context,260,300,0.133779,,,,290,510,0.43222,197,200,0.015075,,,
656605,Mitch Keller,mitch keller,PIT,SP,,0.192745,327,2,fantasypros|fantrax,0.172678,15.0,30,FantasyPros,294,FantraxHQ,324,0.365422,0.020067,medium coverage,Neutral Context,294,300,0.020067,,,,324,510,0.365422,,,,,,
676917,Cade Cavalli,cade cavalli,WSH,SP,,0.192534,328,1,fantrax,0.0,0.0,0,FantraxHQ,412,FantraxHQ,412,0.192534,0.192534,one-source flyer,One-Source Flyer,,,,,,,412,510,0.192534,,,,,,
663903,Brady Singer,brady singer,CIN,SP,,0.19057,329,1,fantrax,0.0,0.0,0,FantraxHQ,413,FantraxHQ,413,0.19057,0.19057,one-source flyer,One-Source Flyer,,,,,,,413,510,0.19057,,,,,,
669394,Jake Burger,jake burger,TEX,1B,30,0.188605,330,1,fantrax,0.0,0.0,0,FantraxHQ,414,FantraxHQ,414,0.188605,0.188605,one-source flyer,One-Source Flyer,,,,,,,414,510,0.188605,,,,,,
650333,Luis Arraez,luis arraez,SF,2B,29,0.184242,331,2,fantasypros|fantrax,0.10063,45.0,90,FantasyPros,275,FantraxHQ,365,0.284872,0.083612,medium coverage,Neutral Context,275,300,0.083612,,,,365,510,0.284872,,,,,,
690953,Mick Abel,mick abel,MIN,SP,,0.183096,332,2,fantasypros|fantrax,0.052661,64.5,129,FantasyPros,261,FantraxHQ,390,0.235756,0.130435,medium coverage,Neutral Context,261,300,0.130435,,,,390,510,0.235756,,,,,,
663457,Lars Nootbaar,lars nootbaar,STL,OF,28,0.182711,333,1,fantrax,0.0,0.0,0,FantraxHQ,417,FantraxHQ,417,0.182711,0.182711,one-source flyer,One-Source Flyer,,,,,,,417,510,0.182711,,,,,,
803011,Sam Antonacci,sam antonacci,CWS,OF,23,0.180905,334,1,rotoballer,0.0,0.0,0,RotoBaller Eric Cross,164,RotoBaller Eric Cross,164,0.180905,0.180905,one-source flyer,One-Source Flyer,,,,,,,,,,164,200,0.180905,,,
680573,Simeon Woods Richardson,simeon woods richardson,TOR,RP,,0.180747,335,1,fantrax,0.0,0.0,0,FantraxHQ,418,FantraxHQ,418,0.180747,0.180747,one-source flyer,One-Source Flyer,,,,,,,418,510,0.180747,,,,,,
669701,Josh Smith,josh smith,TEX,2B,28,0.176817,336,1,fantrax,0.0,0.0,0,FantraxHQ,420,FantraxHQ,420,0.176817,0.176817,one-source flyer,One-Source Flyer,,,,,,,420,510,0.176817,,,,,,
693821,Bryce Elder,bryce elder,ATL,SP,,0.175879,337,1,rotoballer,0.0,0.0,0,RotoBaller Eric Cross,165,RotoBaller Eric Cross,165,0.175879,0.175879,one-source flyer,One-Source Flyer,,,,,,,,,,165,200,0.175879,,,
691788,Joe Mack,joe mack,MIA,C,,0.174853,338,1,fantrax,0.0,0.0,0,FantraxHQ,421,FantraxHQ,421,0.174853,0.174853,one-source flyer,One-Source Flyer,,,,,,,421,510,0.174853,,,,,,
676684,Will Vest,will vest,DET,RP,,0.172888,339,1,fantrax,0.0,0.0,0,FantraxHQ,422,FantraxHQ,422,0.172888,0.172888,one-source flyer,One-Source Flyer,,,,,,,422,510,0.172888,,,,,,
678495,Randy Rodriguez,randy rodriguez,SF,RP,,0.170923,340,1,fantrax,0.0,0.0,0,FantraxHQ,423,FantraxHQ,423,0.170923,0.170923,one-source flyer,One-Source Flyer,,,,,,,423,510,0.170923,,,,,,
694357,Ricky Tiedemann,ricky tiedemann,TOR,SP,,0.168959,341,1,fantrax,0.0,0.0,0,FantraxHQ,424,FantraxHQ,424,0.168959,0.168959,one-source flyer,One-Source Flyer,,,,,,,424,510,0.168959,,,,,,
677958,Kumar Rocker,kumar rocker,TEX,SP,,0.166994,342,1,fantrax,0.0,0.0,0,FantraxHQ,425,FantraxHQ,425,0.166994,0.166994,one-source flyer,One-Source Flyer,,,,,,,425,510,0.166994,,,,,,
672282,Reid Detmers,reid detmers,LAA,SP,,0.1611,343,1,fantrax,0.0,0.0,0,FantraxHQ,428,FantraxHQ,428,0.1611,0.1611,one-source flyer,One-Source Flyer,,,,,,,428,510,0.1611,,,,,,
643377,Griffin Jax,griffin jax,TB,RP,,0.159136,344,1,fantrax,0.0,0.0,0,FantraxHQ,429,FantraxHQ,429,0.159136,0.159136,one-source flyer,One-Source Flyer,,,,,,,429,510,0.159136,,,,,,
681393,Connor Norby,connor norby,MIA,1B,25,0.157171,345,1,fantrax,0.0,0.0,0,FantraxHQ,430,FantraxHQ,430,0.157171,0.157171,one-source flyer,One-Source Flyer,,,,,,,430,510,0.157171,,,,,,
676254,Ryan Walker,ryan walker,SF,RP,,0.155206,346,1,fantrax,0.0,0.0,0,FantraxHQ,431,FantraxHQ,431,0.155206,0.155206,one-source flyer,One-Source Flyer,,,,,,,431,510,0.155206,,,,,,
693311,Tink Hence,tink hence,STL,SP,,0.153242,347,1,fantrax,0.0,0.0,0,FantraxHQ,432,FantraxHQ,432,0.153242,0.153242,one-source flyer,One-Source Flyer,,,,,,,432,510,0.153242,,,,,,
805999,A.J. Ewing,a j ewing,NYM,OF,,0.150754,348,1,rotoballer,0.0,0.0,0,RotoBaller Eric Cross,170,RotoBaller Eric Cross,170,0.150754,0.150754,one-source flyer,One-Source Flyer,,,,,,,,,,170,200,0.150754,,,
691620,Jeferson Quero,jeferson quero,MIL,C,,0.149312,349,1,fantrax,0.0,0.0,0,FantraxHQ,434,FantraxHQ,434,0.149312,0.149312,one-source flyer,One-Source Flyer,,,,,,,434,510,0.149312,,,,,,
607625,Seth Lugo,seth lugo,KC,RP,,0.147348,350,1,fantrax,0.0,0.0,0,FantraxHQ,435,FantraxHQ,435,0.147348,0.147348,one-source flyer,One-Source Flyer,,,,,,,435,510,0.147348,,,,,,
702275,JR Ritchie,ritchie,ATL,SP,,0.143418,351,1,fantrax,0.0,0.0,0,FantraxHQ,437,FantraxHQ,437,0.143418,0.143418,one-source flyer,One-Source Flyer,,,,,,,437,510,0.143418,,,,,,
682634,Kevin Alcantara,kevin alcantara,CHC,OF,,0.141454,352,1,fantrax,0.0,0.0,0,FantraxHQ,438,FantraxHQ,438,0.141454,0.141454,one-source flyer,One-Source Flyer,,,,,,,438,510,0.141454,,,,,,
687075,Brandon Sproat,brandon sproat,MIL,SP,,0.141313,353,2,fantasypros|fantrax,0.061045,65.5,131,FantasyPros,276,FantraxHQ,407,0.202358,0.080268,medium coverage,Neutral Context,276,300,0.080268,,,,407,510,0.202358,,,,,,
693855,Ian Seymour,ian seymour,TB,RP,,0.139489,354,1,fantrax,0.0,0.0,0,FantraxHQ,439,FantraxHQ,439,0.139489,0.139489,one-source flyer,One-Source Flyer,,,,,,,439,510,0.139489,,,,,,
605280,Clay Holmes,clay holmes,NYM,RP,,0.137525,355,1,fantrax,0.0,0.0,0,FantraxHQ,440,FantraxHQ,440,0.137525,0.137525,one-source flyer,One-Source Flyer,,,,,,,440,510,0.137525,,,,,,
702284,Cole Young,cole young,SEA,,22,0.134893,356,2,fantasypros|fantrax,0.104793,48.5,97,FantasyPros,291,FantraxHQ,388,0.239686,0.0301,medium coverage,Neutral Context,291,300,0.0301,,,,388,510,0.239686,,,,,,
693307,Dillon Dingler,dillon dingler,DET,C,27,0.131631,357,1,fantrax,0.0,0.0,0,FantraxHQ,443,FantraxHQ,443,0.131631,0.131631,one-source flyer,One-Source Flyer,,,,,,,443,510,0.131631,,,,,,
579328,Yusei Kikuchi,yusei kikuchi,LAA,SP,,0.127701,358,1,fantrax,0.0,0.0,0,FantraxHQ,445,FantraxHQ,445,0.127701,0.127701,one-source flyer,One-Source Flyer,,,,,,,445,510,0.127701,,,,,,
678009,Parker Meadows,parker meadows,DET,OF,,0.125737,359,1,fantrax,0.0,0.0,0,FantraxHQ,446,FantraxHQ,446,0.125737,0.125737,one-source flyer,One-Source Flyer,,,,,,,446,510,0.125737,,,,,,
669477,Casey Schmitt,casey schmitt,SF,OF,27,0.125628,360,1,rotoballer,0.0,0.0,0,RotoBaller Eric Cross,175,RotoBaller Eric Cross,175,0.125628,0.125628,one-source flyer,One-Source Flyer,,,,,,,,,,175,200,0.125628,,,
695534,Chase Petty,chase petty,CIN,SP,,0.123772,361,1,fantrax,0.0,0.0,0,FantraxHQ,447,FantraxHQ,447,0.123772,0.123772,one-source flyer,One-Source Flyer,,,,,,,447,510,0.123772,,,,,,
669461,Matthew Liberatore,matthew liberatore,STL,RP,,0.119843,362,1,fantrax,0.0,0.0,0,FantraxHQ,449,FantraxHQ,449,0.119843,0.119843,one-source flyer,One-Source Flyer,,,,,,,449,510,0.119843,,,,,,
677595,Ronny Mauricio,ronny mauricio,NYM,3B/SS,,0.117878,363,1,fantrax,0.0,0.0,0,FantraxHQ,450,FantraxHQ,450,0.117878,0.117878,one-source flyer,One-Source Flyer,,,,,,,450,510,0.117878,,,,,,
806185,Hayden Birdsong,hayden birdsong,SF,RP,,0.113657,364,2,fantasypros|fantrax,0.110312,48.5,97,FantasyPros,299,FantraxHQ,396,0.223969,0.003344,medium coverage,Neutral Context,299,300,0.003344,,,,396,510,0.223969,,,,,,
680869,Zack Gelof,zack gelof,ATH,3B,26,0.111984,365,1,fantrax,0.0,0.0,0,FantraxHQ,453,FantraxHQ,453,0.111984,0.111984,one-source flyer,One-Source Flyer,,,,,,,453,510,0.111984,,,,,,
592663,J. T. Realmuto,j t realmuto,PHI,C,35,0.10609,366,1,fantrax,0.0,0.0,0,FantraxHQ,456,FantraxHQ,456,0.10609,0.10609,one-source flyer,One-Source Flyer,,,,,,,456,510,0.10609,,,,,,
669224,Austin Wells,austin wells,,,26,0.103143,367,2,fantasypros|fantrax,0.103143,52.5,105,FantasyPros,300,FantraxHQ,405,0.206287,0.0,medium coverage,Neutral Context,300,300,0.0,,,,405,510,0.206287,,,,,,
573262,Mike Yastrzemski,mike yastrzemski,ATL,OF,35,0.102161,368,1,fantrax,0.0,0.0,0,FantraxHQ,458,FantraxHQ,458,0.102161,0.102161,one-source flyer,One-Source Flyer,,,,,,,458,510,0.102161,,,,,,
687363,Victor Scott II,victor scott,STL,OF,25,0.099214,369,1,fantrax,0.034381,17.5,35,FantraxHQ,442,FantraxHQ,477,0.133595,0.064833,one-source flyer,One-Source Flyer,,,,,,,442,510,0.133595,,,,,,
656731,Tylor Megill,tylor megill,NYM,SP,,0.098232,370,1,fantrax,0.0,0.0,0,FantraxHQ,460,FantraxHQ,460,0.098232,0.098232,one-source flyer,One-Source Flyer,,,,,,,460,510,0.098232,,,,,,
641793,Zack Littell,zack littell,WSH,RP,,0.096267,371,1,fantrax,0.0,0.0,0,FantraxHQ,461,FantraxHQ,461,0.096267,0.096267,one-source flyer,One-Source Flyer,,,,,,,461,510,0.096267,,,,,,
694477,Chad Patrick,chad patrick,MIL,SP,,0.090373,372,1,fantrax,0.0,0.0,0,FantraxHQ,464,FantraxHQ,464,0.090373,0.090373,one-source flyer,One-Source Flyer,,,,,,,464,510,0.090373,,,,,,
625643,Reynaldo Lopez,reynaldo lopez,ATL,RP,,0.082515,373,1,fantrax,0.0,0.0,0,FantraxHQ,468,FantraxHQ,468,0.082515,0.082515,one-source flyer,One-Source Flyer,,,,,,,468,510,0.082515,,,,,,
676962,Ben Brown,ben brown,CHC,RP,,0.08055,374,1,fantrax,0.0,0.0,0,FantraxHQ,469,FantraxHQ,469,0.08055,0.08055,one-source flyer,One-Source Flyer,,,,,,,469,510,0.08055,,,,,,
665926,Andres Gimenez,andres gimenez,TOR,SS,27,0.078585,375,1,fantrax,0.0,0.0,0,FantraxHQ,470,FantraxHQ,470,0.078585,0.078585,one-source flyer,One-Source Flyer,,,,,,,470,510,0.078585,,,,,,
672960,Kazuma Okamoto,kazuma okamoto,TOR,3B,29,0.075377,376,1,rotoballer,0.0,0.0,0,RotoBaller Eric Cross,185,RotoBaller Eric Cross,185,0.075377,0.075377,one-source flyer,One-Source Flyer,,,,,,,,,,185,200,0.075377,,,
681035,Christian Scott,christian scott,NYM,SP,,0.074656,377,1,fantrax,0.0,0.0,0,FantraxHQ,472,FantraxHQ,472,0.074656,0.074656,one-source flyer,One-Source Flyer,,,,,,,472,510,0.074656,,,,,,
656811,Ryan O'Hearn,ryan o hearn,PIT,,32,0.072692,378,1,fantrax,0.0,0.0,0,FantraxHQ,473,FantraxHQ,473,0.072692,0.072692,one-source flyer,One-Source Flyer,,,,,,,473,510,0.072692,,,,,,
621244,Jose Berrios,jose berrios,TOR,RP,,0.070727,379,1,fantrax,0.0,0.0,0,FantraxHQ,474,FantraxHQ,474,0.070727,0.070727,one-source flyer,One-Source Flyer,,,,,,,474,510,0.070727,,,,,,
656849,David Peterson,david peterson,NYM,SP,,0.066798,380,1,fantrax,0.0,0.0,0,FantraxHQ,476,FantraxHQ,476,0.066798,0.066798,one-source flyer,One-Source Flyer,,,,,,,476,510,0.066798,,,,,,
702674,Caden Dana,caden dana,LAA,SP,,0.056974,381,1,fantrax,0.0,0.0,0,FantraxHQ,481,FantraxHQ,481,0.056974,0.056974,one-source flyer,One-Source Flyer,,,,,,,481,510,0.056974,,,,,,
669160,Dustin May,dustin may,STL,SP,,0.05501,382,1,fantrax,0.0,0.0,0,FantraxHQ,482,FantraxHQ,482,0.05501,0.05501,one-source flyer,One-Source Flyer,,,,,,,482,510,0.05501,,,,,,
694728,Brice Matthews,brice matthews,HOU,2B/OF,24,0.051081,383,1,fantrax,0.0,0.0,0,FantraxHQ,484,FantraxHQ,484,0.051081,0.051081,one-source flyer,One-Source Flyer,,,,,,,484,510,0.051081,,,,,,
682668,Luisangel Acuna,luisangel acuna,CWS,OF/SS,,0.049116,384,1,fantrax,0.0,0.0,0,FantraxHQ,485,FantraxHQ,485,0.049116,0.049116,one-source flyer,One-Source Flyer,,,,,,,485,510,0.049116,,,,,,
680732,Sean Burke,sean burke,CWS,SP,,0.047151,385,1,fantrax,0.0,0.0,0,FantraxHQ,486,FantraxHQ,486,0.047151,0.047151,one-source flyer,One-Source Flyer,,,,,,,486,510,0.047151,,,,,,
695076,Rhett Lowder,rhett lowder,CIN,SP,,0.045584,386,2,fantasypros|fantrax,0.038895,84.5,169,FantasyPros,298,FantraxHQ,467,0.084479,0.006689,medium coverage,Neutral Context,298,300,0.006689,,,,467,510,0.084479,,,,,,
687931,Carson Whisenhunt,carson whisenhunt,SF,SP,,0.045187,387,1,fantrax,0.0,0.0,0,FantraxHQ,487,FantraxHQ,487,0.045187,0.045187,one-source flyer,One-Source Flyer,,,,,,,487,510,0.045187,,,,,,
669093,Jeremiah Estrada,jeremiah estrada,SD,RP,,0.043222,388,1,fantrax,0.0,0.0,0,FantraxHQ,488,FantraxHQ,488,0.043222,0.043222,one-source flyer,One-Source Flyer,,,,,,,488,510,0.043222,,,,,,
641933,Tyler O'Neill,tyler o neill,,,30,0.041257,389,1,fantrax,0.0,0.0,0,FantraxHQ,489,FantraxHQ,489,0.041257,0.041257,one-source flyer,One-Source Flyer,,,,,,,489,510,0.041257,,,,,,
666971,Lourdes Gurriel Jr.,lourdes gurriel,,,32,0.039293,390,1,fantrax,0.0,0.0,0,FantraxHQ,490,FantraxHQ,490,0.039293,0.039293,one-source flyer,One-Source Flyer,,,,,,,490,510,0.039293,,,,,,
641487,J. P. Crawford,j p crawford,SEA,,31,0.035363,391,1,fantrax,0.0,0.0,0,FantraxHQ,492,FantraxHQ,492,0.035363,0.035363,one-source flyer,One-Source Flyer,,,,,,,492,510,0.035363,,,,,,
677944,Slade Cecconi,slade cecconi,CLE,SP,,0.02947,392,1,fantrax,0.0,0.0,0,FantraxHQ,495,FantraxHQ,495,0.02947,0.02947,one-source flyer,One-Source Flyer,,,,,,,495,510,0.02947,,,,,,
700241,Michael McGreevy,michael mcgreevy,STL,SP,,0.023576,393,1,fantrax,0.0,0.0,0,FantraxHQ,498,FantraxHQ,498,0.023576,0.023576,one-source flyer,One-Source Flyer,,,,,,,498,510,0.023576,,,,,,
608337,Lucas Giolito,lucas giolito,SD,SP,,0.021611,394,1,fantrax,0.0,0.0,0,FantraxHQ,499,FantraxHQ,499,0.021611,0.021611,one-source flyer,One-Source Flyer,,,,,,,499,510,0.021611,,,,,,
691728,Zac Veen,zac veen,COL,OF,,0.015717,395,1,fantrax,0.0,0.0,0,FantraxHQ,502,FantraxHQ,502,0.015717,0.015717,one-source flyer,One-Source Flyer,,,,,,,502,510,0.015717,,,,,,
691277,Deyvison De Los Santos,deyvison de los santos,MIA,1B,,0.003929,396,1,fantrax,0.0,0.0,0,FantraxHQ,508,FantraxHQ,508,0.003929,0.003929,one-source flyer,One-Source Flyer,,,,,,,508,510,0.003929,,,,,,
